frame,time_s,track_id,class,x,y,map_x,map_y,confidence
0,0,1,3,675.5,455.5,587.795,381.19,0.813954
0,0,2,4,453.114,404.892,342.704,334.968,0.713265
0,0,3,3,543.017,371.741,437.453,296.049,0.874522
0,0,4,3,328.786,333.321,202.497,262.701,0.874194
0,0,5,1,275.889,324.667,144.573,255.363,0.952055
0,0,6,4,657.912,291.912,555.298,206.249,0.769595
0,0,7,4,541.5,261.5,426.996,177.969,0.8875
0,0,8,3,725.5,257.5,625.508,166.957,0.891892
0,0,9,4,425.5,229.1,299.076,147.568,0.663208
0,0,10,3,315.1,213.9,178.61,135.359,0.873333
0,0,11,4,843.5,195,747.67,95.8913,0.872464
0,0,12,4,477.125,193.5,352.062,107.655,0.66875
0,0,13,4,279.5,195.5,138.755,117.005,0.712162
0,0,14,2,476.342,160.342,348.614,72.3063,0.767241
0,0,15,4,442.722,132.278,310.142,43.6157,0.675984
1,0.0333667,1,3,675.5,455.5,587.795,381.19,0.82093
1,0.0333667,2,4,453.114,404.892,342.704,334.968,0.720068
1,0.0333667,3,3,543.088,371.912,437.544,296.229,0.889189
1,0.0333667,4,3,328.786,333.321,202.497,262.701,0.869032
1,0.0333667,5,1,275.983,324.948,144.696,255.662,0.972414
1,0.0333667,6,4,657.912,291.912,555.298,206.249,0.776351
1,0.0333667,7,4,541.5,261.5,426.996,177.969,0.8875
1,0.0333667,8,3,725.5,257.5,625.508,166.957,0.891892
1,0.0333667,9,4,425.5,229.1,299.076,147.568,0.667925
1,0.0333667,10,3,315.1,213.9,178.61,135.359,0.873333
1,0.0333667,11,4,843.5,195,747.67,95.8913,0.87971
1,0.0333667,12,4,477.125,193.5,352.062,107.655,0.675
1,0.0333667,13,4,279.5,195.5,138.755,117.005,0.712162
1,0.0333667,14,2,476.201,160.661,348.487,72.6514,0.725806
1,0.0333667,15,4,443,132,310.42,43.3096,0.695985
2,0.0667334,1,3,675.5,455.5,587.795,381.19,0.823256
2,0.0667334,2,4,453.114,404.892,342.704,334.968,0.716667
2,0.0667334,3,3,543.088,371.912,437.544,296.229,0.889189
2,0.0667334,4,3,328.786,333.321,202.497,262.701,0.863871
2,0.0667334,5,1,275.983,324.948,144.696,255.662,0.972414
2,0.0667334,6,4,657.912,291.912,555.298,206.249,0.776351
2,0.0667334,7,4,541.5,261.5,426.996,177.969,0.8875
2,0.0667334,8,3,725.5,257.5,625.508,166.957,0.891892
2,0.0667334,9,4,425.5,229.1,299.076,147.568,0.667925
2,0.0667334,10,3,314.5,213.75,177.95,135.221,0.867568
2,0.0667334,11,4,843.5,195,747.67,95.8913,0.87971
2,0.0667334,12,4,477.125,193.5,352.062,107.655,0.675
2,0.0667334,13,4,279.5,195.5,138.755,117.005,0.712162
2,0.0667334,14,2,476.201,160.661,348.487,72.6514,0.725806
2,0.0667334,15,4,443,132,310.42,43.3096,0.695985
3,0.1001,1,4,675.5,455.5,587.795,381.19,0.651744
3,0.1001,2,4,453.114,404.892,342.704,334.968,0.720068
3,0.1001,3,3,543.088,371.912,437.544,296.229,0.889189
3,0.1001,4,3,328.742,333.387,202.455,262.773,0.866667
3,0.1001,5,1,275.983,324.948,144.696,255.662,0.972414
3,0.1001,6,4,657.912,291.912,555.298,206.249,0.766216
3,0.1001,7,4,541.5,261.5,426.996,177.969,0.9
3,0.1001,8,3,725.5,257.5,625.508,166.957,0.894595
3,0.1001,9,4,424.811,229.199,298.339,147.699,0.67234
3,0.1001,10,3,315.1,213.9,178.61,135.359,0.873333
3,0.1001,11,1,842.736,194.429,746.797,95.31,0.700855
3,0.1001,12,4,477.125,193.5,352.062,107.655,0.66875
3,0.1001,13,4,279.328,195.92,138.601,117.46,0.710839
3,0.1001,14,2,476.259,160.63,348.547,72.6159,0.737705
3,0.1001,15,4,442.722,132.278,310.142,43.6157,0.679921
4,0.133467,1,4,675.5,455.5,587.795,381.19,0.654651
4,0.133467,2,4,453.114,404.892,342.704,334.968,0.720068
4,0.133467,3,3,543.088,371.912,437.544,296.229,0.889189
4,0.133467,4,3,328.742,333.387,202.455,262.773,0.866667
4,0.133467,5,1,275.983,324.948,144.696,255.662,0.972414
4,0.133467,6,4,657.912,291.912,555.298,206.249,0.766216
4,0.133467,7,4,541.5,261.5,426.996,177.969,0.9
4,0.133467,8,3,725.5,257.5,625.508,166.957,0.894595
4,0.133467,9,4,424.811,229.199,298.339,147.699,0.67766
4,0.133467,10,3,315.1,213.9,178.61,135.359,0.873333
4,0.133467,11,4,842.736,194.429,746.797,95.31,0.896154
4,0.133467,12,4,477.125,193.5,352.062,107.655,0.66875
4,0.133467,13,4,279.328,195.92,138.601,117.46,0.710839
4,0.133467,14,2,476.259,160.63,348.547,72.6159,0.737705
4,0.133467,15,4,442.722,132.278,310.142,43.6157,0.679921
5,0.166834,1,4,675.5,455.5,587.795,381.19,0.651744
5,0.166834,2,4,453.114,404.892,342.704,334.968,0.720068
5,0.166834,3,3,543.088,371.912,437.544,296.229,0.889189
5,0.166834,4,3,328.742,333.387,202.455,262.773,0.866667
5,0.166834,5,1,275.983,324.948,144.696,255.662,0.972414
5,0.166834,6,4,657.912,291.912,555.298,206.249,0.766216
5,0.166834,7,4,541.5,261.5,426.996,177.969,0.9
5,0.166834,8,3,725.5,257.5,625.508,166.957,0.894595
5,0.166834,9,4,424.811,229.199,298.339,147.699,0.67766
5,0.166834,10,3,315.1,213.9,178.61,135.359,0.873333
5,0.166834,11,4,842.736,194.429,746.797,95.31,0.896154
5,0.166834,12,4,477.125,193.5,352.062,107.655,0.66875
5,0.166834,13,4,279.328,195.92,138.601,117.46,0.710839
5,0.166834,14,2,476.259,160.63,348.547,72.6159,0.737705
5,0.166834,15,4,442.722,132.278,310.142,43.6157,0.679921
6,0.2002,1,4,675.5,455.5,587.795,381.19,0.651744
6,0.2002,2,4,453.114,404.892,342.704,334.968,0.720068
6,0.2002,3,3,543.088,371.912,437.544,296.229,0.889189
6,0.2002,4,3,328.742,333.387,202.455,262.773,0.866667
6,0.2002,5,1,275.983,324.948,144.696,255.662,0.972414
6,0.2002,6,4,657.912,291.912,555.298,206.249,0.766216
6,0.2002,7,4,541.5,261.5,426.996,177.969,0.9
6,0.2002,8,3,725.5,257.5,625.508,166.957,0.894595
6,0.2002,9,4,424.811,229.199,298.339,147.699,0.67766
6,0.2002,10,3,315.1,213.9,178.61,135.359,0.873333
6,0.2002,11,4,842.736,194.429,746.797,95.31,0.896154
6,0.2002,12,4,477.125,193.5,352.062,107.655,0.66875
6,0.2002,13,4,279.328,195.92,138.601,117.46,0.710839
6,0.2002,14,2,476.259,160.63,348.547,72.6159,0.737705
6,0.2002,15,4,442.722,132.278,310.142,43.6157,0.679921
7,0.233567,1,4,675.5,455.5,587.795,381.19,0.651744
7,0.233567,2,4,453.114,404.892,342.704,334.968,0.720068
7,0.233567,3,3,543.088,371.912,437.544,296.229,0.889189
7,0.233567,4,3,328.742,333.387,202.455,262.773,0.866667
7,0.233567,5,1,275.983,324.948,144.696,255.662,0.972414
7,0.233567,6,4,657.912,291.912,555.298,206.249,0.766216
7,0.233567,7,4,541.5,261.5,426.996,177.969,0.9
7,0.233567,8,3,725.5,257.5,625.508,166.957,0.894595
7,0.233567,9,4,424.811,229.199,298.339,147.699,0.67766
7,0.233567,10,3,315.1,213.9,178.61,135.359,0.873333
7,0.233567,11,4,842.736,194.429,746.797,95.31,0.896154
7,0.233567,12,4,477.125,193.5,352.062,107.655,0.66875
7,0.233567,13,4,279.328,195.92,138.601,117.46,0.710839
7,0.233567,14,2,476.259,160.63,348.547,72.6159,0.737705
7,0.233567,15,4,442.722,132.278,310.142,43.6157,0.679921
8,0.266934,1,4,675.5,455.5,587.795,381.19,0.651744
8,0.266934,2,4,453.114,404.892,342.704,334.968,0.720068
8,0.266934,3,3,543.088,371.912,437.544,296.229,0.889189
8,0.266934,4,3,328.742,333.387,202.455,262.773,0.866667
8,0.266934,5,1,275.983,324.948,144.696,255.662,0.972414
8,0.266934,6,4,657.912,291.912,555.298,206.249,0.766216
8,0.266934,7,4,541.5,261.5,426.996,177.969,0.9
8,0.266934,8,3,725.5,257.5,625.508,166.957,0.894595
8,0.266934,9,4,424.811,229.199,298.339,147.699,0.67766
8,0.266934,10,3,315.1,213.9,178.61,135.359,0.873333
8,0.266934,11,4,842.736,194.429,746.797,95.31,0.896154
8,0.266934,12,4,477.125,193.5,352.062,107.655,0.66875
8,0.266934,13,4,279.328,195.92,138.601,117.46,0.710839
8,0.266934,14,2,476.259,160.63,348.547,72.6159,0.737705
8,0.266934,15,4,442.722,132.278,310.142,43.6157,0.679921
9,0.3003,1,4,675.5,455.5,587.795,381.19,0.651744
9,0.3003,2,4,453.114,404.892,342.704,334.968,0.720068
9,0.3003,3,3,543.088,371.912,437.544,296.229,0.889189
9,0.3003,4,3,328.742,333.387,202.455,262.773,0.866667
9,0.3003,5,1,276.291,325.198,145.048,255.918,0.971631
9,0.3003,6,4,657.912,291.912,555.298,206.249,0.766216
9,0.3003,7,4,541.5,261.5,426.996,177.969,0.9
9,0.3003,8,3,725.5,257.5,625.508,166.957,0.894595
9,0.3003,9,4,424.811,229.199,298.339,147.699,0.67766
9,0.3003,10,3,315.1,213.9,178.61,135.359,0.873333
9,0.3003,11,4,842.736,194.429,746.797,95.31,0.896154
9,0.3003,12,4,477.125,193.5,352.062,107.655,0.66875
9,0.3003,13,4,279.328,195.92,138.601,117.46,0.710839
9,0.3003,14,2,476.259,160.63,348.547,72.6159,0.737705
9,0.3003,15,4,442.722,132.278,310.142,43.6157,0.679921
10,0.333667,1,4,675.5,455.5,587.795,381.19,0.651744
10,0.333667,2,4,453.114,404.892,342.704,334.968,0.720068
10,0.333667,3,3,543.088,371.912,437.544,296.229,0.889189
10,0.333667,4,3,328.742,333.387,202.455,262.773,0.866667
10,0.333667,5,1,276.351,324.728,145.078,255.412,0.977444
10,0.333667,6,4,657.912,291.912,555.298,206.249,0.766216
10,0.333667,7,4,541.5,261.5,426.996,177.969,0.9
10,0.333667,8,3,725.5,257.5,625.508,166.957,0.894595
10,0.333667,9,4,424.811,229.199,298.339,147.699,0.67766
10,0.333667,10,3,315.1,213.9,178.61,135.359,0.873333
10,0.333667,11,4,842.736,194.429,746.797,95.31,0.896154
10,0.333667,12,4,477.125,193.5,352.062,107.655,0.66875
10,0.333667,13,4,279.328,195.92,138.601,117.46,0.710839
10,0.333667,14,2,476.259,160.63,348.547,72.6159,0.737705
10,0.333667,15,4,442.722,132.278,310.142,43.6157,0.679921
11,0.367034,1,4,675.5,455.5,587.795,381.19,0.651744
11,0.367034,2,4,453.114,404.892,342.704,334.968,0.720068
11,0.367034,3,3,543.088,371.912,437.544,296.229,0.889189
11,0.367034,4,3,328.742,333.387,202.455,262.773,0.866667
11,0.367034,5,1,299.5,309.5,168.985,238.236,0.965116
11,0.367034,6,4,657.912,291.912,555.298,206.249,0.766216
11,0.367034,7,4,541.5,261.5,426.996,177.969,0.9
11,0.367034,8,3,725.5,257.5,625.508,166.957,0.894595
11,0.367034,9,4,424.811,229.199,298.339,147.699,0.67766
11,0.367034,10,3,315.1,213.9,178.61,135.359,0.873333
11,0.367034,11,4,842.736,194.429,746.797,95.31,0.896154
11,0.367034,12,4,477.125,193.5,352.062,107.655,0.66875
11,0.367034,13,4,279.328,195.92,138.601,117.46,0.710839
11,0.367034,14,2,476.259,160.63,348.547,72.6159,0.737705
11,0.367034,15,4,442.722,132.278,310.142,43.6157,0.679921
12,0.4004,1,4,676.5,455.3,588.863,380.938,0.656667
12,0.4004,2,4,453.3,404.5,342.875,334.541,0.706667
12,0.4004,3,3,543.088,371.912,437.544,296.229,0.889189
12,0.4004,4,3,328.742,333.387,202.455,262.773,0.876923
12,0.4004,5,1,315.182,297.818,185.068,225.143,1
12,0.4004,6,4,657.938,292.5,555.374,206.878,0.773333
12,0.4004,7,4,541.5,261.5,426.996,177.969,0.89375
12,0.4004,8,3,725.5,257.5,625.508,166.957,0.894595
12,0.4004,9,4,424.875,229.406,298.424,147.918,0.67
12,0.4004,10,3,314.5,214.429,178.001,135.946,0.87377
12,0.4004,11,1,842.736,194.429,746.797,95.31,0.700855
12,0.4004,12,4,477.125,193.5,352.062,107.655,0.6625
12,0.4004,13,4,279.321,195.808,138.584,117.34,0.717808
12,0.4004,14,2,476.139,160.694,348.422,72.6894,0.741935
12,0.4004,15,4,442.722,132.278,310.142,43.6157,0.679921
13,0.433767,1,4,676.5,455.3,588.863,380.938,0.656667
13,0.433767,2,4,453.3,404.5,342.875,334.541,0.706667
13,0.433767,3,3,543.088,371.912,437.544,296.229,0.889189
13,0.433767,4,3,328.742,333.387,202.455,262.773,0.876923
13,0.433767,6,4,657.938,292.5,555.374,206.878,0.773333
13,0.433767,5,1,331.5,287.5,201.938,213.492,0.94186
13,0.433767,7,4,541.5,261.5,426.996,177.969,0.89375
13,0.433767,8,3,725.5,257.5,625.508,166.957,0.894595
13,0.433767,9,4,424.875,229.406,298.424,147.918,0.67
13,0.433767,10,3,314.5,214.429,178.001,135.946,0.87377
13,0.433767,11,1,842.736,194.429,746.797,95.31,0.700855
13,0.433767,12,4,477.125,193.5,352.062,107.655,0.6625
13,0.433767,13,4,279.321,195.808,138.584,117.34,0.717808
13,0.433767,14,2,476.139,160.694,348.422,72.6894,0.741935
13,0.433767,15,4,442.722,132.278,310.142,43.6157,0.679921
14,0.467134,1,4,676.5,455.3,588.863,380.938,0.656667
14,0.467134,2,4,453.3,404.5,342.875,334.541,0.706667
14,0.467134,3,3,543.088,371.912,437.544,296.229,0.889189
14,0.467134,4,3,328.742,333.387,202.455,262.773,0.876923
14,0.467134,6,4,657.938,292.5,555.374,206.878,0.773333
14,0.467134,5,1,337.5,281.5,207.971,206.846,0.97093
14,0.467134,7,4,541.5,261.5,426.996,177.969,0.89375
14,0.467134,8,3,725.5,257.5,625.508,166.957,0.894595
14,0.467134,9,4,424.875,229.406,298.424,147.918,0.67
14,0.467134,10,3,314.5,214.429,178.001,135.946,0.87377
14,0.467134,11,1,842.736,194.429,746.797,95.31,0.700855
14,0.467134,12,4,477.125,193.5,352.062,107.655,0.6625
14,0.467134,13,4,279.321,195.808,138.584,117.34,0.717808
14,0.467134,14,2,476.139,160.694,348.422,72.6894,0.741935
14,0.467134,15,4,442.722,132.278,310.142,43.6157,0.679921
15,0.500501,1,4,676.5,455.3,588.863,380.938,0.656667
15,0.500501,2,4,453.3,404.5,342.875,334.541,0.706667
15,0.500501,3,3,543.088,371.912,437.544,296.229,0.889189
15,0.500501,4,3,328.742,333.387,202.455,262.773,0.876923
15,0.500501,6,4,657.938,292.5,555.374,206.878,0.773333
15,0.500501,5,1,359.5,267.5,230.694,191.053,0.988372
15,0.500501,7,4,541.5,261.5,426.996,177.969,0.89375
15,0.500501,8,3,725.5,257.5,625.508,166.957,0.894595
15,0.500501,9,4,424.875,229.406,298.424,147.918,0.67
15,0.500501,10,3,314.5,214.429,178.001,135.946,0.87377
15,0.500501,11,1,842.736,194.429,746.797,95.31,0.700855
15,0.500501,12,4,477.125,193.5,352.062,107.655,0.6625
15,0.500501,13,4,279.321,195.808,138.584,117.34,0.717808
15,0.500501,14,2,476.139,160.694,348.422,72.6894,0.741935
15,0.500501,15,4,442.722,132.278,310.142,43.6157,0.679921
16,0.533867,1,4,676.5,455.3,588.863,380.938,0.656667
16,0.533867,2,4,453.3,404.5,342.875,334.541,0.706667
16,0.533867,3,3,543.088,371.912,437.544,296.229,0.889189
16,0.533867,4,3,328.742,333.387,202.455,262.773,0.876923
16,0.533867,6,4,657.938,292.5,555.374,206.878,0.773333
16,0.533867,7,4,541.5,261.5,426.996,177.969,0.89375
16,0.533867,5,1,366.57,262.942,237.989,185.916,0.971429
16,0.533867,8,3,725.5,257.5,625.508,166.957,0.894595
16,0.533867,9,4,424.875,229.406,298.424,147.918,0.67
16,0.533867,10,3,314.5,214.429,178.001,135.946,0.87377
16,0.533867,11,1,842.736,194.429,746.797,95.31,0.700855
16,0.533867,12,4,477.125,193.5,352.062,107.655,0.6625
16,0.533867,13,4,279.321,195.808,138.584,117.34,0.717808
16,0.533867,14,2,476.139,160.694,348.422,72.6894,0.741935
16,0.533867,15,4,442.722,132.278,310.142,43.6157,0.679921
17,0.567234,1,4,676.5,455.3,588.863,380.938,0.656667
17,0.567234,2,4,453.3,404.5,342.875,334.541,0.706667
17,0.567234,3,3,543.088,371.912,437.544,296.229,0.889189
17,0.567234,4,3,328.742,333.387,202.455,262.773,0.876923
17,0.567234,6,4,657.938,292.5,555.374,206.878,0.773333
17,0.567234,7,4,541.5,261.5,426.996,177.969,0.89375
17,0.567234,8,3,725.5,257.5,625.508,166.957,0.894595
17,0.567234,5,1,385.798,249.462,257.741,170.791,0.975904
17,0.567234,9,4,424.875,229.406,298.424,147.918,0.67
17,0.567234,10,3,314.5,214.429,178.001,135.946,0.87377
17,0.567234,11,1,842.736,194.429,746.797,95.31,0.700855
17,0.567234,12,4,477.125,193.5,352.062,107.655,0.6625
17,0.567234,13,4,279.321,195.808,138.584,117.34,0.717808
17,0.567234,14,2,476.139,160.694,348.422,72.6894,0.741935
17,0.567234,15,4,442.722,132.278,310.142,43.6157,0.679921
18,0.600601,1,4,676.5,455.3,588.863,380.938,0.656667
18,0.600601,2,4,453.3,404.5,342.875,334.541,0.706667
18,0.600601,3,3,543.088,371.912,437.544,296.229,0.889189
18,0.600601,4,3,328.742,333.387,202.455,262.773,0.876923
18,0.600601,6,4,657.938,292.5,555.374,206.878,0.773333
18,0.600601,7,4,541.5,261.5,426.996,177.969,0.89375
18,0.600601,8,3,725.5,257.5,625.508,166.957,0.894595
18,0.600601,5,1,398.7,240.18,270.971,160.393,0.972222
18,0.600601,9,4,424.875,229.406,298.424,147.918,0.67
18,0.600601,10,3,314.5,214.429,178.001,135.946,0.87377
18,0.600601,11,1,842.736,194.429,746.797,95.31,0.700855
18,0.600601,12,4,477.125,193.5,352.062,107.655,0.6625
18,0.600601,13,4,279.321,195.808,138.584,117.34,0.717808
18,0.600601,14,2,476.139,160.694,348.422,72.6894,0.741935
18,0.600601,15,4,442.722,132.278,310.142,43.6157,0.679921
19,0.633967,1,4,676.5,455.3,588.863,380.938,0.656667
19,0.633967,2,4,453.3,404.5,342.875,334.541,0.706667
19,0.633967,3,3,543.088,371.912,437.544,296.229,0.889189
19,0.633967,4,3,328.742,333.387,202.455,262.773,0.876923
19,0.633967,6,4,657.938,292.5,555.374,206.878,0.773333
19,0.633967,7,4,541.5,261.5,426.996,177.969,0.89375
19,0.633967,8,3,725.5,257.5,625.508,166.957,0.894595
19,0.633967,5,1,409.198,232.291,281.706,151.574,0.978723
19,0.633967,9,4,425,229,298.528,147.479,0.693564
19,0.633967,10,3,314.5,214.429,178.001,135.946,0.87377
19,0.633967,11,1,842.736,194.429,746.797,95.31,0.700855
19,0.633967,12,4,477.125,193.5,352.062,107.655,0.6625
19,0.633967,13,4,279.321,195.808,138.584,117.34,0.717808
19,0.633967,14,2,476.139,160.694,348.422,72.6894,0.741935
19,0.633967,15,4,442.722,132.278,310.142,43.6157,0.679921
20,0.667334,1,4,676.5,455.3,588.863,380.938,0.656667
20,0.667334,2,4,453.3,404.5,342.875,334.541,0.706667
20,0.667334,3,3,543.088,371.912,437.544,296.229,0.889189
20,0.667334,4,3,328.742,333.387,202.455,262.773,0.876923
20,0.667334,6,4,657.938,292.5,555.374,206.878,0.773333
20,0.667334,7,4,541.5,261.5,426.996,177.969,0.89375
20,0.667334,8,3,725.5,257.5,625.508,166.957,0.894595
20,0.667334,9,4,430.562,227.778,304.443,145.97,0.707303
20,0.667334,5,1,409.278,229.611,281.585,148.707,0.986755
20,0.667334,10,3,314.5,214.429,178.001,135.946,0.87377
20,0.667334,11,1,842.736,194.429,746.797,95.31,0.700855
20,0.667334,12,4,477.125,193.5,352.062,107.655,0.6625
20,0.667334,13,4,279.321,195.808,138.584,117.34,0.717808
20,0.667334,14,2,476.139,160.694,348.422,72.6894,0.741935
20,0.667334,15,4,442.722,132.278,310.142,43.6157,0.679921
20,0.667334,16,3,161.4,400.2,26.1634,340.682,0.840645
21,0.700701,1,4,676.5,455.3,588.863,380.938,0.656667
21,0.700701,2,4,453.3,404.5,342.875,334.541,0.706667
21,0.700701,3,3,543.088,371.912,437.544,296.229,0.889189
21,0.700701,4,3,328.742,333.387,202.455,262.773,0.876923
21,0.700701,6,4,657.938,292.5,555.374,206.878,0.773333
21,0.700701,7,4,541.5,261.5,426.996,177.969,0.89375
21,0.700701,8,3,725.5,257.5,625.508,166.957,0.894595
21,0.700701,9,4,449.214,223.786,324.286,141.022,0.758861
21,0.700701,5,1,408.235,223.029,279.949,141.711,1
21,0.700701,10,3,314.5,214.429,178.001,135.946,0.87377
21,0.700701,11,1,842.736,194.429,746.797,95.31,0.700855
21,0.700701,12,4,477.125,193.5,352.062,107.655,0.6625
21,0.700701,13,4,279.321,195.808,138.584,117.34,0.717808
21,0.700701,14,2,476.139,160.694,348.422,72.6894,0.741935
21,0.700701,15,4,442.722,132.278,310.142,43.6157,0.679921
21,0.700701,16,3,161.4,400.2,26.1634,340.682,0.838065
22,0.734067,1,4,676.5,455.3,588.863,380.938,0.656667
22,0.734067,2,4,453.3,404.5,342.875,334.541,0.706667
22,0.734067,3,3,543.088,371.912,437.544,296.229,0.889189
22,0.734067,4,3,328.742,333.387,202.455,262.773,0.876923
22,0.734067,6,4,657.938,292.5,555.374,206.878,0.773333
22,0.734067,7,4,541.5,261.5,426.996,177.969,0.89375
22,0.734067,8,3,725.5,257.5,625.508,166.957,0.894595
22,0.734067,9,4,455.367,223.367,330.901,140.349,0.747531
22,0.734067,5,1,407.991,220.953,279.524,139.501,1
22,0.734067,10,3,314.5,214.429,178.001,135.946,0.87377
22,0.734067,11,1,842.736,194.429,746.797,95.31,0.700855
22,0.734067,12,4,477.125,193.5,352.062,107.655,0.6625
22,0.734067,13,4,279.321,195.808,138.584,117.34,0.717808
22,0.734067,14,2,476.139,160.694,348.422,72.6894,0.741935
22,0.734067,15,4,442.722,132.278,310.142,43.6157,0.679921
22,0.734067,16,3,161.4,400.2,26.1634,340.682,0.838065
23,0.767434,1,4,676.5,455.3,588.863,380.938,0.656667
23,0.767434,2,4,453.3,404.5,342.875,334.541,0.706667
23,0.767434,3,3,543.088,371.912,437.544,296.229,0.889189
23,0.767434,4,3,328.742,333.387,202.455,262.773,0.876923
23,0.767434,6,4,657.938,292.5,555.374,206.878,0.773333
23,0.767434,7,4,541.5,261.5,426.996,177.969,0.89375
23,0.767434,8,3,725.5,257.5,625.508,166.957,0.894595
23,0.767434,9,3,471.5,219.5,348.028,135.628,0.89
23,0.767434,5,1,406.909,214.909,277.888,133.083,1
23,0.767434,10,3,314.5,214.429,178.001,135.946,0.87377
23,0.767434,11,1,842.736,194.429,746.797,95.31,0.700855
23,0.767434,12,4,477.125,193.5,352.062,107.655,0.6625
23,0.767434,13,4,279.321,195.808,138.584,117.34,0.717808
23,0.767434,14,2,476.139,160.694,348.422,72.6894,0.741935
23,0.767434,15,4,442.722,132.278,310.142,43.6157,0.679921
24,0.800801,1,4,676.5,455.3,588.863,380.938,0.656667
24,0.800801,2,4,453.3,404.5,342.875,334.541,0.706667
24,0.800801,3,3,543.088,371.912,437.544,296.229,0.889189
24,0.800801,4,3,328.742,333.387,202.455,262.773,0.874359
24,0.800801,6,4,657.938,292.5,555.374,206.878,0.773333
24,0.800801,7,4,541.5,261.5,426.996,177.969,0.89375
24,0.800801,8,3,725.5,257.5,625.508,166.957,0.894595
24,0.800801,9,3,479,217.5,355.973,133.217,0.9
24,0.800801,10,3,314.5,214.429,178.001,135.946,0.87377
24,0.800801,5,1,405.802,210.709,276.367,128.637,1
24,0.800801,11,1,842.736,194.429,746.797,95.31,0.700855
24,0.800801,12,4,477.125,193.5,352.062,107.655,0.66875
24,0.800801,13,4,279.321,195.808,138.584,117.34,0.721233
24,0.800801,14,2,476.139,160.694,348.422,72.6894,0.741935
24,0.800801,15,4,442.722,132.278,310.142,43.6157,0.679921
25,0.834168,1,4,676.5,455.3,588.863,380.938,0.656667
25,0.834168,2,4,453.3,404.5,342.875,334.541,0.706667
25,0.834168,3,3,543.088,371.912,437.544,296.229,0.889189
25,0.834168,4,3,328.742,333.387,202.455,262.773,0.874359
25,0.834168,6,4,657.938,292.5,555.374,206.878,0.773333
25,0.834168,7,4,541.5,261.5,426.996,177.969,0.89375
25,0.834168,8,3,725.5,257.5,625.508,166.957,0.894595
25,0.834168,9,3,484.5,218.5,361.993,134.085,0.815385
25,0.834168,10,3,314.5,214.429,178.001,135.946,0.87377
25,0.834168,5,1,405.802,208.709,276.212,126.5,1
25,0.834168,11,1,842.736,194.429,746.797,95.31,0.700855
25,0.834168,12,4,477.125,193.5,352.062,107.655,0.66875
25,0.834168,13,4,279.321,195.808,138.584,117.34,0.721233
25,0.834168,14,2,476.139,160.694,348.422,72.6894,0.741935
25,0.834168,15,4,442.722,132.278,310.142,43.6157,0.679921
26,0.867534,1,4,676.5,455.3,588.863,380.938,0.656667
26,0.867534,2,4,453.3,404.5,342.875,334.541,0.706667
26,0.867534,3,3,543.088,371.912,437.544,296.229,0.889189
26,0.867534,4,3,328.742,333.387,202.455,262.773,0.874359
26,0.867534,6,4,657.938,292.5,555.374,206.878,0.773333
26,0.867534,7,4,541.5,261.5,426.996,177.969,0.89375
26,0.867534,8,3,725.5,257.5,625.508,166.957,0.894595
26,0.867534,9,3,493,216,370.978,131.103,0.854098
26,0.867534,10,3,314.5,214.429,178.001,135.946,0.87377
26,0.867534,5,1,405.5,204.5,275.56,122.016,1
26,0.867534,11,1,842.736,194.429,746.797,95.31,0.700855
26,0.867534,12,4,477.125,193.5,352.062,107.655,0.66875
26,0.867534,13,4,279.321,195.808,138.584,117.34,0.721233
26,0.867534,14,2,476.139,160.694,348.422,72.6894,0.741935
26,0.867534,15,4,442.722,132.278,310.142,43.6157,0.679921
27,0.900901,1,4,676.5,455.3,588.863,380.938,0.656667
27,0.900901,2,4,453.3,404.5,342.875,334.541,0.706667
27,0.900901,3,3,543.088,371.912,437.544,296.229,0.889189
27,0.900901,4,3,328.742,333.387,202.455,262.773,0.874359
27,0.900901,6,4,657.938,292.5,555.374,206.878,0.773333
27,0.900901,7,4,541.5,261.5,426.996,177.969,0.89375
27,0.900901,8,3,725.5,257.5,625.508,166.957,0.894595
27,0.900901,9,3,505.5,213,384.244,127.442,0.876744
27,0.900901,10,3,314.5,214.429,178.001,135.946,0.87377
27,0.900901,5,1,404.5,199.167,274.068,116.356,1
27,0.900901,11,1,842.736,194.429,746.797,95.31,0.700855
27,0.900901,12,4,477.5,193.5,352.467,107.642,0.65625
27,0.900901,13,4,279.321,195.808,138.584,117.34,0.721233
27,0.900901,14,2,476.139,160.694,348.422,72.6894,0.741935
27,0.900901,15,4,442.722,132.278,310.142,43.6157,0.679921
28,0.934268,1,4,676.5,455.3,588.863,380.938,0.656667
28,0.934268,2,4,453.3,404.5,342.875,334.541,0.706667
28,0.934268,3,3,543.088,371.912,437.544,296.229,0.889189
28,0.934268,4,3,328.742,333.387,202.455,262.773,0.874359
28,0.934268,6,4,657.938,292.5,555.374,206.878,0.773333
28,0.934268,7,4,541.5,261.5,426.996,177.969,0.89375
28,0.934268,8,3,725.5,257.5,625.508,166.957,0.894595
28,0.934268,10,3,314.5,214.429,178.001,135.946,0.87377
28,0.934268,9,4,514.5,211.5,393.846,125.511,0.732292
28,0.934268,11,1,842.736,194.429,746.797,95.31,0.700855
28,0.934268,12,4,477.125,193.5,352.062,107.655,0.66875
28,0.934268,5,1,403.5,195.5,272.704,112.478,1
28,0.934268,13,4,279.321,195.808,138.584,117.34,0.721233
28,0.934268,14,2,476.139,160.694,348.422,72.6894,0.741935
28,0.934268,15,4,442.722,132.278,310.142,43.6157,0.679921
29,0.967634,1,4,676.5,455.3,588.863,380.938,0.656667
29,0.967634,2,4,453.3,404.5,342.875,334.541,0.706667
29,0.967634,3,3,543.088,371.912,437.544,296.229,0.889189
29,0.967634,4,3,328.742,333.387,202.455,262.773,0.874359
29,0.967634,6,4,657.938,292.5,555.374,206.878,0.773333
29,0.967634,7,4,541.5,261.5,426.996,177.969,0.89375
29,0.967634,8,3,725.5,257.5,625.508,166.957,0.894595
29,0.967634,10,3,314.5,214.429,178.001,135.946,0.87377
29,0.967634,9,3,524.5,209.682,404.503,123.204,0.885
29,0.967634,11,1,842.736,194.429,746.797,95.31,0.700855
29,0.967634,12,4,477.125,193.5,352.062,107.655,0.66875
29,0.967634,13,4,279.321,195.808,138.584,117.34,0.721233
29,0.967634,5,1,403.1,191.7,271.978,108.435,1
29,0.967634,14,2,476.139,160.694,348.422,72.6894,0.741935
29,0.967634,15,4,442.722,132.278,310.142,43.6157,0.679921
30,1.001,1,4,676.5,455.3,588.863,380.938,0.656667
30,1.001,2,4,453.3,404.5,342.875,334.541,0.706667
30,1.001,3,3,543.088,371.912,437.544,296.229,0.889189
30,1.001,4,3,328.742,333.387,202.455,262.773,0.874359
30,1.001,6,4,657.938,292.5,555.374,206.878,0.773333
30,1.001,7,4,541.5,261.5,426.996,177.969,0.89375
30,1.001,8,3,725.5,257.5,625.508,166.957,0.894595
30,1.001,10,3,314.5,214.429,178.001,135.946,0.87377
30,1.001,9,3,527.5,208.5,407.649,121.832,0.9
30,1.001,11,1,842.736,194.429,746.797,95.31,0.700855
30,1.001,12,4,477.125,193.5,352.062,107.655,0.66875
30,1.001,13,4,279.321,195.808,138.584,117.34,0.721233
30,1.001,5,1,402.776,189.707,271.474,106.319,1
30,1.001,14,2,476.139,160.694,348.422,72.6894,0.741935
30,1.001,15,4,442.722,132.278,310.142,43.6157,0.679921
31,1.03437,1,4,676.5,455.3,588.863,380.938,0.656667
31,1.03437,2,4,453.3,404.5,342.875,334.541,0.706667
31,1.03437,3,3,543.088,371.912,437.544,296.229,0.889189
31,1.03437,4,3,328.742,333.387,202.455,262.773,0.874359
31,1.03437,6,4,657.938,292.5,555.374,206.878,0.773333
31,1.03437,7,4,541.5,261.5,426.996,177.969,0.89375
31,1.03437,8,3,725.5,257.5,625.508,166.957,0.894595
31,1.03437,10,3,314.5,214.429,178.001,135.946,0.87377
31,1.03437,9,4,540.346,206.654,421.376,119.392,0.716667
31,1.03437,11,1,842.736,194.429,746.797,95.31,0.700855
31,1.03437,12,4,477.125,193.5,352.062,107.655,0.66875
31,1.03437,13,4,279.321,195.808,138.584,117.34,0.721233
31,1.03437,5,1,402,184,270.196,100.256,1
31,1.03437,14,2,476.139,160.694,348.422,72.6894,0.741935
31,1.03437,15,4,442.722,132.278,310.142,43.6157,0.679921
32,1.06773,1,4,676.5,455.3,588.863,380.938,0.656667
32,1.06773,2,4,453.3,404.5,342.875,334.541,0.706667
32,1.06773,3,3,543.088,371.912,437.544,296.229,0.889189
32,1.06773,4,3,328.742,333.387,202.455,262.773,0.874359
32,1.06773,6,4,657.938,292.5,555.374,206.878,0.773333
32,1.06773,7,4,541.5,261.5,426.996,177.969,0.89375
32,1.06773,8,3,725.5,257.5,625.508,166.957,0.894595
32,1.06773,10,3,314.5,214.429,178.001,135.946,0.87377
32,1.06773,9,3,544,205.5,425.23,118.026,0.864103
32,1.06773,11,1,842.736,194.429,746.797,95.31,0.700855
32,1.06773,12,4,477.125,193.5,352.062,107.655,0.66875
32,1.06773,13,4,279.321,195.808,138.584,117.34,0.721233
32,1.06773,5,1,402,182,270.041,98.1216,1
32,1.06773,14,2,476.139,160.694,348.422,72.6894,0.741935
32,1.06773,15,4,442.722,132.278,310.142,43.6157,0.679921
33,1.1011,1,4,676.5,455.3,588.863,380.938,0.656667
33,1.1011,2,4,453.3,404.5,342.875,334.541,0.706667
33,1.1011,3,3,543.088,371.912,437.544,296.229,0.889189
33,1.1011,4,3,328.742,333.387,202.455,262.773,0.874359
33,1.1011,6,4,657.938,292.5,555.374,206.878,0.773333
33,1.1011,7,4,541.5,261.5,426.996,177.969,0.89375
33,1.1011,8,3,725.5,257.5,625.508,166.957,0.894595
33,1.1011,10,3,314.5,214.429,178.001,135.946,0.87377
33,1.1011,9,4,558,201.5,440.028,113.244,0.678378
33,1.1011,11,1,842.736,194.429,746.797,95.31,0.700855
33,1.1011,12,4,477.125,193.5,352.062,107.655,0.66875
33,1.1011,13,4,279.321,195.808,138.584,117.34,0.721233
33,1.1011,5,1,400.601,176.836,268.132,92.6619,1
33,1.1011,14,2,476.139,160.694,348.422,72.6894,0.741935
33,1.1011,15,4,442.722,132.278,310.142,43.6157,0.679921
34,1.13447,1,4,676.5,455.3,588.863,380.938,0.656667
34,1.13447,2,4,453.3,404.5,342.875,334.541,0.706667
34,1.13447,3,3,543.088,371.912,437.544,296.229,0.889189
34,1.13447,4,3,328.742,333.387,202.455,262.773,0.874359
34,1.13447,6,4,657.938,292.5,555.374,206.878,0.773333
34,1.13447,7,4,541.5,261.5,426.996,177.969,0.89375
34,1.13447,8,3,725.5,257.5,625.508,166.957,0.894595
34,1.13447,10,3,314.5,214.429,178.001,135.946,0.87377
34,1.13447,9,4,560.5,201.5,442.728,113.153,0.780263
34,1.13447,11,1,842.736,194.429,746.797,95.31,0.700855
34,1.13447,12,4,477.125,193.5,352.062,107.655,0.66875
34,1.13447,13,4,279.321,195.808,138.584,117.34,0.721233
34,1.13447,5,1,400.338,174.716,267.684,90.4095,1
34,1.13447,14,2,476.139,160.694,348.422,72.6894,0.741935
34,1.13447,15,4,442.722,132.278,310.142,43.6157,0.679921
35,1.16783,1,4,676.5,455.3,588.863,380.938,0.656667
35,1.16783,2,4,453.3,404.5,342.875,334.541,0.706667
35,1.16783,3,3,543.088,371.912,437.544,296.229,0.889189
35,1.16783,4,3,328.742,333.387,202.455,262.773,0.874359
35,1.16783,6,4,657.938,292.5,555.374,206.878,0.773333
35,1.16783,7,4,541.5,261.5,426.996,177.969,0.89375
35,1.16783,8,3,725.5,257.5,625.508,166.957,0.894595
35,1.16783,10,3,314.5,214.429,178.001,135.946,0.87377
35,1.16783,9,3,573.5,198.5,456.525,109.476,0.9
35,1.16783,11,1,842.736,194.429,746.797,95.31,0.700855
35,1.16783,12,4,477.125,193.5,352.062,107.655,0.66875
35,1.16783,13,4,279.321,195.808,138.584,117.34,0.721233
35,1.16783,5,1,399.5,169.5,266.377,84.8747,1
35,1.16783,14,2,476.139,160.694,348.422,72.6894,0.741935
35,1.16783,15,4,442.722,132.278,310.142,43.6157,0.679921
36,1.2012,1,4,676.5,455.3,588.863,380.938,0.656667
36,1.2012,2,4,453.3,404.5,342.875,334.541,0.706667
36,1.2012,3,3,543.088,371.912,437.544,296.229,0.889189
36,1.2012,4,3,328.786,333.321,202.497,262.701,0.876774
36,1.2012,6,4,657.938,292.5,555.374,206.878,0.773333
36,1.2012,7,4,541.5,261.5,426.996,177.969,0.89375
36,1.2012,8,3,725.5,257.5,625.508,166.957,0.894595
36,1.2012,10,3,314.5,214.429,178.001,135.946,0.87377
36,1.2012,9,3,578.5,198.5,461.923,109.294,0.894737
36,1.2012,11,4,842.736,194.429,746.797,95.31,0.896154
36,1.2012,12,4,477.125,193.5,352.062,107.655,0.66875
36,1.2012,13,4,279.321,195.808,138.584,117.34,0.721233
36,1.2012,5,1,399.5,167.5,266.223,82.7411,1
36,1.2012,14,2,476.139,160.694,348.422,72.6894,0.741935
36,1.2012,15,4,442.722,132.278,310.142,43.6157,0.679921
37,1.23457,1,4,676.5,455.3,588.863,380.938,0.656667
37,1.23457,2,4,453.3,404.5,342.875,334.541,0.706667
37,1.23457,3,3,543.088,371.912,437.544,296.229,0.889189
37,1.23457,4,3,328.786,333.321,202.497,262.701,0.876774
37,1.23457,6,4,657.938,292.5,555.374,206.878,0.773333
37,1.23457,7,4,541.5,261.5,426.996,177.969,0.89375
37,1.23457,8,3,725.5,257.5,625.508,166.957,0.894595
37,1.23457,10,3,314.5,214.429,178.001,135.946,0.87377
37,1.23457,9,3,590.5,196,474.679,106.187,0.878378
37,1.23457,11,4,842.736,194.429,746.797,95.31,0.896154
37,1.23457,12,4,477.125,193.5,352.062,107.655,0.66875
37,1.23457,13,4,279.321,195.808,138.584,117.34,0.721233
37,1.23457,5,1,398.284,162.338,264.511,77.2791,1
37,1.23457,14,2,476.139,160.694,348.422,72.6894,0.741935
37,1.23457,15,4,442.722,132.278,310.142,43.6157,0.679921
38,1.26793,1,4,676.5,455.3,588.863,380.938,0.656667
38,1.26793,2,4,453.3,404.5,342.875,334.541,0.706667
38,1.26793,3,3,543.088,371.912,437.544,296.229,0.889189
38,1.26793,4,3,328.786,333.321,202.497,262.701,0.876774
38,1.26793,6,4,657.938,292.5,555.374,206.878,0.773333
38,1.26793,7,4,541.5,261.5,426.996,177.969,0.89375
38,1.26793,8,3,725.5,257.5,625.508,166.957,0.894595
38,1.26793,10,3,314.5,214.429,178.001,135.946,0.87377
38,1.26793,9,3,594.5,195.5,478.957,105.507,0.889474
38,1.26793,11,4,842.736,194.429,746.797,95.31,0.896154
38,1.26793,12,4,477.125,193.5,352.062,107.655,0.66875
38,1.26793,13,4,279.321,195.808,138.584,117.34,0.721233
38,1.26793,14,2,476.139,160.694,348.422,72.6894,0.741935
38,1.26793,5,1,397.75,160.5,263.794,75.3384,1
38,1.26793,15,4,442.722,132.278,310.142,43.6157,0.679921
39,1.3013,1,4,676.5,455.3,588.863,380.938,0.656667
39,1.3013,2,4,453.152,404.87,342.743,334.943,0.71443
39,1.3013,3,3,543.088,371.912,437.544,296.229,0.889189
39,1.3013,4,3,328.786,333.321,202.497,262.701,0.876774
39,1.3013,6,4,657.938,292.5,555.374,206.878,0.773333
39,1.3013,7,4,541.5,261.5,426.996,177.969,0.89375
39,1.3013,8,3,725.5,257.5,625.508,166.957,0.894595
39,1.3013,10,3,314.5,214.429,178.001,135.946,0.87377
39,1.3013,11,4,842.736,194.429,746.797,95.31,0.896154
39,1.3013,12,4,477.125,193.5,352.062,107.655,0.66875
39,1.3013,13,4,279.321,195.808,138.584,117.34,0.721233
39,1.3013,9,4,607.58,192.02,492.797,101.316,0.736047
39,1.3013,14,2,476.139,160.694,348.422,72.6894,0.741935
39,1.3013,5,1,397.08,155.328,262.671,69.8472,1
39,1.3013,15,4,442.722,132.278,310.142,43.6157,0.679921
40,1.33467,1,4,676.5,455.3,588.863,380.938,0.656667
40,1.33467,2,4,453.152,404.87,342.743,334.943,0.71443
40,1.33467,3,3,543.088,371.912,437.544,296.229,0.889189
40,1.33467,4,3,328.786,333.321,202.497,262.701,0.876774
40,1.33467,6,4,657.938,292.5,555.374,206.878,0.773333
40,1.33467,7,4,541.5,261.5,426.996,177.969,0.89375
40,1.33467,8,3,725.5,257.5,625.508,166.957,0.894595
40,1.33467,10,3,314.5,214.429,178.001,135.946,0.87377
40,1.33467,11,4,842.736,194.429,746.797,95.31,0.896154
40,1.33467,12,4,477.125,193.5,352.062,107.655,0.66875
40,1.33467,13,4,279.321,195.808,138.584,117.34,0.721233
40,1.33467,9,4,616.5,189.5,502.223,98.3013,0.65
40,1.33467,14,2,476.139,160.694,348.422,72.6894,0.741935
40,1.33467,5,1,396.5,151.7,261.766,65.9998,1
40,1.33467,15,4,442.722,132.278,310.142,43.6157,0.679921
41,1.36803,1,4,676.5,455.3,588.863,380.938,0.656667
41,1.36803,2,4,453.152,404.87,342.743,334.943,0.71443
41,1.36803,3,3,543.088,371.912,437.544,296.229,0.889189
41,1.36803,4,3,328.786,333.321,202.497,262.701,0.876774
41,1.36803,6,4,657.938,292.5,555.374,206.878,0.773333
41,1.36803,7,4,541.5,261.5,426.996,177.969,0.89375
41,1.36803,8,3,725.5,257.5,625.508,166.957,0.894595
41,1.36803,10,3,314.5,214.429,178.001,135.946,0.87377
41,1.36803,11,4,842.736,194.429,746.797,95.31,0.896154
41,1.36803,12,4,477.125,193.5,352.062,107.655,0.66875
41,1.36803,13,4,279.321,195.808,138.584,117.34,0.721233
41,1.36803,9,3,621.5,189.5,507.62,98.1189,0.9
41,1.36803,14,2,476.139,160.694,348.422,72.6894,0.741935
41,1.36803,5,1,396.284,150.338,261.428,64.5554,1
41,1.36803,15,4,442.722,132.278,310.142,43.6157,0.679921
42,1.4014,1,4,676.5,455.3,588.863,380.938,0.656667
42,1.4014,2,4,453.152,404.87,342.743,334.943,0.71443
42,1.4014,3,3,543.088,371.912,437.544,296.229,0.889189
42,1.4014,4,3,328.786,333.321,202.497,262.701,0.876774
42,1.4014,6,4,657.938,292.5,555.374,206.878,0.773333
42,1.4014,7,4,541.5,261.5,426.996,177.969,0.89375
42,1.4014,8,3,725.5,257.5,625.508,166.957,0.894595
42,1.4014,10,3,314.5,214.429,178.001,135.946,0.87377
42,1.4014,11,4,842.736,194.429,746.797,95.31,0.896154
42,1.4014,12,4,477.125,193.5,352.062,107.655,0.66875
42,1.4014,13,4,279.321,195.808,138.584,117.34,0.721233
42,1.4014,9,4,632.597,186.79,519.379,94.8228,0.704412
42,1.4014,14,2,476.139,160.694,348.422,72.6894,0.741935
42,1.4014,5,1,395.217,145.087,259.872,58.9963,1
42,1.4014,15,4,442.722,132.278,310.142,43.6157,0.679921
43,1.43477,1,4,676.5,455.3,588.863,380.938,0.656667
43,1.43477,2,4,453.152,404.87,342.743,334.943,0.71443
43,1.43477,3,3,543.088,371.912,437.544,296.229,0.889189
43,1.43477,4,3,328.786,333.321,202.497,262.701,0.876774
43,1.43477,6,4,657.938,292.5,555.374,206.878,0.773333
43,1.43477,7,4,541.5,261.5,426.996,177.969,0.89375
43,1.43477,8,3,725.5,257.5,625.508,166.957,0.894595
43,1.43477,10,3,314.5,214.429,178.001,135.946,0.87377
43,1.43477,11,4,842.736,194.429,746.797,95.31,0.896154
43,1.43477,12,4,477.125,193.5,352.062,107.655,0.66875
43,1.43477,13,4,279.321,195.808,138.584,117.34,0.721233
43,1.43477,9,3,641.5,186.1,528.932,93.7616,0.9
43,1.43477,14,2,476.139,160.694,348.422,72.6894,0.741935
43,1.43477,5,1,394.5,141.5,258.822,55.1989,1
43,1.43477,15,4,442.722,132.278,310.142,43.6157,0.679921
44,1.46813,1,4,676.5,455.3,588.863,380.938,0.656667
44,1.46813,2,4,453.152,404.87,342.743,334.943,0.717785
44,1.46813,3,3,543.088,371.912,437.544,296.229,0.889189
44,1.46813,4,3,328.786,333.321,202.497,262.701,0.876774
44,1.46813,6,4,657.938,292.5,555.374,206.878,0.773333
44,1.46813,7,4,541.5,261.5,426.996,177.969,0.89375
44,1.46813,8,3,725.5,257.5,625.508,166.957,0.894595
44,1.46813,10,3,314.5,214.429,178.001,135.946,0.87377
44,1.46813,11,4,842.736,194.429,746.797,95.31,0.896154
44,1.46813,12,4,477.125,193.5,352.062,107.655,0.66875
44,1.46813,13,4,279.321,195.808,138.584,117.34,0.721233
44,1.46813,9,3,648.5,184,536.317,91.2658,0.9
44,1.46813,14,2,476.139,160.694,348.422,72.6894,0.741935
44,1.46813,5,1,393.846,137.615,257.817,51.0824,1
44,1.46813,15,4,442.722,132.278,310.142,43.6157,0.679921
45,1.5015,1,4,676.5,455.3,588.863,380.938,0.656667
45,1.5015,2,4,453.152,404.87,342.743,334.943,0.721141
45,1.5015,3,3,543.088,371.912,437.544,296.229,0.889189
45,1.5015,4,3,328.786,333.321,202.497,262.701,0.876774
45,1.5015,6,4,657.938,292.5,555.374,206.878,0.773333
45,1.5015,7,4,541.5,261.5,426.996,177.969,0.89375
45,1.5015,8,3,725.5,257.5,625.508,166.957,0.894595
45,1.5015,10,3,314.5,214.429,178.001,135.946,0.87377
45,1.5015,11,4,842.736,194.429,746.797,95.31,0.896154
45,1.5015,12,4,477.125,193.5,352.062,107.655,0.66875
45,1.5015,13,4,279.321,195.808,138.584,117.34,0.721233
45,1.5015,9,4,656.5,182.5,544.829,89.3738,0.721875
45,1.5015,14,2,476.139,160.694,348.422,72.6894,0.741935
45,1.5015,5,1,393.5,134.5,257.204,47.7749,1
45,1.5015,15,4,442.722,132.278,310.142,43.6157,0.679921
46,1.53487,1,4,676.5,455.3,588.863,380.938,0.656667
46,1.53487,2,4,453.152,404.87,342.743,334.943,0.721141
46,1.53487,3,3,543.088,371.912,437.544,296.229,0.889189
46,1.53487,4,3,328.786,333.321,202.497,262.701,0.876774
46,1.53487,6,4,657.938,292.5,555.374,206.878,0.773333
46,1.53487,7,4,541.5,261.5,426.996,177.969,0.89375
46,1.53487,8,3,725.5,257.5,625.508,166.957,0.894595
46,1.53487,10,3,314.5,214.429,178.001,135.946,0.87377
46,1.53487,11,4,842.736,194.429,746.797,95.31,0.896154
46,1.53487,12,4,477.125,193.5,352.062,107.655,0.66875
46,1.53487,13,4,279.321,195.808,138.584,117.34,0.721233
46,1.53487,9,4,661.5,182,550.184,88.6581,0.730233
46,1.53487,14,2,476.139,160.694,348.422,72.6894,0.741935
46,1.53487,5,1,393.174,133.223,256.754,46.4264,1
46,1.53487,15,4,442.722,132.278,310.142,43.6157,0.679921
47,1.56823,1,4,676.5,455.3,588.863,380.938,0.656667
47,1.56823,2,4,453.152,404.87,342.743,334.943,0.721141
47,1.56823,3,3,543.088,371.912,437.544,296.229,0.889189
47,1.56823,4,3,328.786,333.321,202.497,262.701,0.876774
47,1.56823,6,4,657.938,292.5,555.374,206.878,0.773333
47,1.56823,7,4,541.5,261.5,426.996,177.969,0.89375
47,1.56823,8,3,725.5,257.5,625.508,166.957,0.894595
47,1.56823,10,3,314.5,214.429,178.001,135.946,0.87377
47,1.56823,11,4,842.736,194.429,746.797,95.31,0.896154
47,1.56823,12,4,477.125,193.5,352.062,107.655,0.66875
47,1.56823,13,4,279.321,195.808,138.584,117.34,0.721233
47,1.56823,9,3,672.5,179.5,561.851,85.5902,0.9
47,1.56823,14,2,476.139,160.694,348.422,72.6894,0.741935
47,1.56823,15,4,442.722,132.278,310.142,43.6157,0.679921
47,1.56823,5,1,392.399,128.164,255.529,41.0635,1
48,1.6016,1,4,676.5,455.5,588.879,381.153,0.652564
48,1.6016,2,4,453.151,404.619,342.722,334.674,0.720068
48,1.6016,3,3,543.088,371.912,437.544,296.229,0.889189
48,1.6016,4,3,328.786,333.321,202.497,262.701,0.876774
48,1.6016,6,4,657.938,292.5,555.374,206.878,0.773333
48,1.6016,7,1,541.5,261.5,426.996,177.969,0.7125
48,1.6016,8,3,725.5,257.5,625.508,166.957,0.891892
48,1.6016,10,3,314.5,214.429,178.001,135.946,0.87377
48,1.6016,11,4,842.736,194.429,746.797,95.31,0.896154
48,1.6016,12,4,477.125,193.5,352.062,107.655,0.66875
48,1.6016,13,4,279.321,195.808,138.584,117.34,0.721233
48,1.6016,9,4,681,178.5,570.942,84.2137,0.690625
48,1.6016,14,2,476.139,160.694,348.422,72.6894,0.741935
48,1.6016,15,4,442.722,132.278,310.142,43.6157,0.679921
48,1.6016,5,1,391.5,124.5,254.277,37.1929,1
49,1.63497,1,4,676.5,455.5,588.879,381.153,0.652564
49,1.63497,2,4,453.151,404.619,342.722,334.674,0.720068
49,1.63497,3,3,543.088,371.912,437.544,296.229,0.889189
49,1.63497,4,3,328.786,333.321,202.497,262.701,0.876774
49,1.63497,6,4,657.938,292.5,555.374,206.878,0.773333
49,1.63497,7,1,541.5,261.5,426.996,177.969,0.7125
49,1.63497,8,3,725.5,257.5,625.508,166.957,0.891892
49,1.63497,10,3,314.5,214.429,178.001,135.946,0.87377
49,1.63497,11,4,842.736,194.429,746.797,95.31,0.896154
49,1.63497,12,4,477.125,193.5,352.062,107.655,0.66875
49,1.63497,13,4,279.321,195.808,138.584,117.34,0.721233
49,1.63497,9,4,685.5,177.5,575.716,82.9831,0.65
49,1.63497,14,2,476.139,160.694,348.422,72.6894,0.741935
49,1.63497,15,4,442.722,132.278,310.142,43.6157,0.679921
49,1.63497,5,1,391.107,124.946,253.887,37.6827,1
50,1.66834,1,4,676.5,455.5,588.879,381.153,0.652564
50,1.66834,2,4,453.151,404.619,342.722,334.674,0.720068
50,1.66834,3,3,543.088,371.912,437.544,296.229,0.889189
50,1.66834,4,3,328.786,333.321,202.497,262.701,0.876774
50,1.66834,6,4,657.938,292.5,555.374,206.878,0.773333
50,1.66834,7,1,541.5,261.5,426.996,177.969,0.7125
50,1.66834,8,3,725.5,257.5,625.508,166.957,0.891892
50,1.66834,10,3,314.5,214.429,178.001,135.946,0.87377
50,1.66834,11,4,842.736,194.429,746.797,95.31,0.896154
50,1.66834,12,4,477.125,193.5,352.062,107.655,0.66875
50,1.66834,13,4,279.321,195.808,138.584,117.34,0.721233
50,1.66834,9,3,696.99,174.806,587.893,79.6912,0.9
50,1.66834,14,2,476.139,160.694,348.422,72.6894,0.741935
50,1.66834,15,4,442.722,132.278,310.142,43.6157,0.679921
50,1.66834,5,1,388.066,127.025,250.765,40.0074,0.941176
51,1.7017,1,4,676.5,455.5,588.879,381.153,0.652564
51,1.7017,2,4,453.151,404.619,342.722,334.674,0.720068
51,1.7017,3,3,543.088,371.912,437.544,296.229,0.889189
51,1.7017,4,3,328.786,333.321,202.497,262.701,0.876774
51,1.7017,6,4,657.938,292.5,555.374,206.878,0.773333
51,1.7017,7,1,541.5,261.5,426.996,177.969,0.7125
51,1.7017,8,3,725.5,257.5,625.508,166.957,0.891892
51,1.7017,10,3,314.5,214.429,178.001,135.946,0.87377
51,1.7017,11,4,842.736,194.429,746.797,95.31,0.896154
51,1.7017,12,4,477.125,193.5,352.062,107.655,0.66875
51,1.7017,13,4,279.321,195.808,138.584,117.34,0.721233
51,1.7017,9,4,704.631,173.156,596.002,77.6527,0.757865
51,1.7017,14,2,476.139,160.694,348.422,72.6894,0.741935
51,1.7017,15,4,442.722,132.278,310.142,43.6157,0.679921
51,1.7017,5,1,387.321,129.808,250.175,42.9998,0.993151
52,1.73507,1,4,676.5,455.5,588.879,381.153,0.652564
52,1.73507,2,4,453.151,404.619,342.722,334.674,0.720068
52,1.73507,17,3,168.851,386.058,33.1996,325.206,0.596257
52,1.73507,3,3,543.088,371.912,437.544,296.229,0.889189
52,1.73507,4,3,328.786,333.321,202.497,262.701,0.876774
52,1.73507,6,4,657.938,292.5,555.374,206.878,0.773333
52,1.73507,7,1,541.5,261.5,426.996,177.969,0.7125
52,1.73507,8,3,725.5,257.5,625.508,166.957,0.891892
52,1.73507,10,3,314.5,214.429,178.001,135.946,0.87377
52,1.73507,11,4,842.736,194.429,746.797,95.31,0.896154
52,1.73507,12,4,477.125,193.5,352.062,107.655,0.66875
52,1.73507,13,4,279.321,195.808,138.584,117.34,0.721233
52,1.73507,9,3,712.916,171.882,604.836,75.9925,0.837778
52,1.73507,14,2,476.139,160.694,348.422,72.6894,0.741935
52,1.73507,15,4,442.722,132.278,310.142,43.6157,0.679921
52,1.73507,5,1,385.607,131.714,248.473,45.0937,1
53,1.76844,1,4,676.5,455.5,588.879,381.153,0.652564
53,1.76844,2,4,453.151,404.619,342.722,334.674,0.720068
53,1.76844,17,3,168.162,385.486,32.4103,324.617,0.599213
53,1.76844,3,3,543.088,371.912,437.544,296.229,0.889189
53,1.76844,4,3,328.786,333.321,202.497,262.701,0.876774
53,1.76844,6,4,657.938,292.5,555.374,206.878,0.773333
53,1.76844,7,1,541.5,261.5,426.996,177.969,0.7125
53,1.76844,8,3,725.5,257.5,625.508,166.957,0.891892
53,1.76844,10,3,314.5,214.429,178.001,135.946,0.87377
53,1.76844,11,4,842.736,194.429,746.797,95.31,0.896154
53,1.76844,12,4,477.125,193.5,352.062,107.655,0.66875
53,1.76844,13,4,279.321,195.808,138.584,117.34,0.721233
53,1.76844,9,3,717.13,171.261,609.332,75.1766,0.886047
53,1.76844,14,2,476.139,160.694,348.422,72.6894,0.741935
53,1.76844,5,1,385.215,133.136,248.159,46.6226,0.992857
53,1.76844,15,4,442.722,132.278,310.142,43.6157,0.679921
54,1.8018,1,4,676.5,455.5,588.879,381.153,0.652564
54,1.8018,2,4,453.151,404.619,342.722,334.674,0.720068
54,1.8018,17,3,165.783,387.773,29.9996,327.162,0.598006
54,1.8018,3,3,543.088,371.912,437.544,296.229,0.889189
54,1.8018,4,3,328.786,333.321,202.497,262.701,0.876774
54,1.8018,6,4,657.938,292.5,555.374,206.878,0.773333
54,1.8018,7,1,541.5,261.5,426.996,177.969,0.7125
54,1.8018,8,3,725.5,257.5,625.508,166.957,0.891892
54,1.8018,10,3,314.5,214.429,178.001,135.946,0.87377
54,1.8018,11,4,842.736,194.429,746.797,95.31,0.896154
54,1.8018,12,4,477.125,193.5,352.062,107.655,0.66875
54,1.8018,13,4,279.321,195.808,138.584,117.34,0.721233
54,1.8018,9,4,729.5,168.5,622.449,71.7821,0.659375
54,1.8018,14,2,476.139,160.694,348.422,72.6894,0.741935
54,1.8018,5,1,383.08,135.672,246.049,49.4031,1
54,1.8018,15,4,442.722,132.278,310.142,43.6157,0.679921
55,1.83517,1,4,676.5,455.5,588.879,381.153,0.652564
55,1.83517,2,4,453.151,404.619,342.722,334.674,0.720068
55,1.83517,17,3,164,388,28.0839,327.472,0.603915
55,1.83517,3,3,543.088,371.912,437.544,296.229,0.889189
55,1.83517,4,3,328.786,333.321,202.497,262.701,0.876774
55,1.83517,6,4,657.938,292.5,555.374,206.878,0.773333
55,1.83517,7,1,541.5,261.5,426.996,177.969,0.7125
55,1.83517,8,3,725.5,257.5,625.508,166.957,0.891892
55,1.83517,10,3,314.5,214.429,178.001,135.946,0.87377
55,1.83517,11,4,842.736,194.429,746.797,95.31,0.896154
55,1.83517,12,4,477.125,193.5,352.062,107.655,0.66875
55,1.83517,13,4,279.321,195.808,138.584,117.34,0.721233
55,1.83517,9,3,735.423,167.346,628.744,70.3362,0.9
55,1.83517,14,2,476.139,160.694,348.422,72.6894,0.741935
55,1.83517,5,1,381.5,137.5,244.485,51.4088,1
55,1.83517,15,4,442.722,132.278,310.142,43.6157,0.679921
56,1.86854,1,4,676.5,455.5,588.879,381.153,0.652564
56,1.86854,2,4,453.151,404.619,342.722,334.674,0.720068
56,1.86854,3,3,543.088,371.912,437.544,296.229,0.889189
56,1.86854,4,3,328.786,333.321,202.497,262.701,0.876774
56,1.86854,6,4,657.938,292.5,555.374,206.878,0.773333
56,1.86854,7,1,541.5,261.5,426.996,177.969,0.7125
56,1.86854,8,3,725.5,257.5,625.508,166.957,0.891892
56,1.86854,10,3,314.5,214.429,178.001,135.946,0.87377
56,1.86854,11,4,842.736,194.429,746.797,95.31,0.896154
56,1.86854,12,4,477.125,193.5,352.062,107.655,0.66875
56,1.86854,13,4,279.321,195.808,138.584,117.34,0.721233
56,1.86854,9,3,743.214,165.929,637.031,68.541,0.9
56,1.86854,14,2,476.139,160.694,348.422,72.6894,0.741935
56,1.86854,5,1,380,139.5,243.02,53.595,1
56,1.86854,15,4,442.722,132.278,310.142,43.6157,0.679921
57,1.9019,1,4,676.5,455.5,588.879,381.153,0.652564
57,1.9019,2,4,453.151,404.619,342.722,334.674,0.720068
57,1.9019,3,3,543.088,371.912,437.544,296.229,0.889189
57,1.9019,4,3,328.786,333.321,202.497,262.701,0.876774
57,1.9019,6,4,657.938,292.5,555.374,206.878,0.773333
57,1.9019,7,1,541.5,261.5,426.996,177.969,0.7125
57,1.9019,8,3,725.5,257.5,625.508,166.957,0.891892
57,1.9019,10,3,314.5,214.429,178.001,135.946,0.87377
57,1.9019,11,4,842.736,194.429,746.797,95.31,0.896154
57,1.9019,12,4,477.125,193.5,352.062,107.655,0.66875
57,1.9019,13,4,279.321,195.808,138.584,117.34,0.721233
57,1.9019,9,3,747.5,164.955,641.573,67.3465,0.890476
57,1.9019,14,2,476.139,160.694,348.422,72.6894,0.741935
57,1.9019,5,1,379.219,140.109,242.224,54.273,1
57,1.9019,15,4,442.722,132.278,310.142,43.6157,0.679921
58,1.93527,1,4,676.5,455.5,588.879,381.153,0.652564
58,1.93527,2,4,453.151,404.619,342.722,334.674,0.720068
58,1.93527,3,3,543.088,371.912,437.544,296.229,0.889189
58,1.93527,4,3,328.786,333.321,202.497,262.701,0.876774
58,1.93527,6,4,657.938,292.5,555.374,206.878,0.773333
58,1.93527,7,1,541.5,261.5,426.996,177.969,0.7125
58,1.93527,8,3,725.5,257.5,625.508,166.957,0.891892
58,1.93527,10,3,314.5,214.429,178.001,135.946,0.87377
58,1.93527,11,4,842.736,194.429,746.797,95.31,0.896154
58,1.93527,12,4,477.125,193.5,352.062,107.655,0.66875
58,1.93527,13,4,279.321,195.808,138.584,117.34,0.721233
58,1.93527,9,3,759.688,162,654.474,63.7531,0.89579
58,1.93527,14,2,476.139,160.694,348.422,72.6894,0.741935
58,1.93527,5,1,377.164,143.211,240.245,57.6543,1
58,1.93527,15,4,442.722,132.278,310.142,43.6157,0.679921
59,1.96864,1,4,676.5,455.5,588.879,381.153,0.652564
59,1.96864,2,4,453.393,404.729,342.994,334.783,0.713462
59,1.96864,17,3,168.5,379,32.2986,317.635,0.889474
59,1.96864,3,3,543.088,371.912,437.544,296.229,0.889189
59,1.96864,4,3,328.786,333.321,202.497,262.701,0.876774
59,1.96864,6,4,657.938,292.5,555.374,206.878,0.773333
59,1.96864,7,1,541.5,261.5,426.996,177.969,0.7125
59,1.96864,8,3,725.5,257.5,625.508,166.957,0.891892
59,1.96864,10,3,314.5,214.429,178.001,135.946,0.87377
59,1.96864,11,4,842.736,194.429,746.797,95.31,0.896154
59,1.96864,12,4,477.125,193.5,352.062,107.655,0.66875
59,1.96864,13,4,279.321,195.808,138.584,117.34,0.721233
59,1.96864,14,2,476.139,160.694,348.422,72.6894,0.741935
59,1.96864,5,1,375.844,144.925,238.951,59.5291,1
59,1.96864,15,4,442.722,132.278,310.142,43.6157,0.679921
59,1.96864,9,3,766.2,161.4,661.449,62.8764,0.9
60,2.002,1,4,676.5,455.3,588.863,380.938,0.656667
60,2.002,2,4,453.393,404.729,342.994,334.783,0.716667
60,2.002,3,3,543.088,371.912,437.544,296.229,0.889189
60,2.002,4,3,328.786,333.321,202.497,262.701,0.881935
60,2.002,6,4,657.938,292.5,555.374,206.878,0.77
60,2.002,7,4,541.5,261.5,426.996,177.969,0.9
60,2.002,8,3,725.5,257.5,625.508,166.957,0.891892
60,2.002,10,3,314.6,214.4,178.107,135.912,0.873554
60,2.002,11,4,842.736,194.429,746.797,95.31,0.896154
60,2.002,12,4,477.125,193.5,352.062,107.655,0.6625
60,2.002,13,4,279.312,195.688,138.567,117.212,0.712162
60,2.002,9,4,775.204,159.611,671.011,60.6419,0.682184
60,2.002,14,2,476.139,160.694,348.422,72.6894,0.725806
60,2.002,5,1,374.559,146.441,237.68,61.1922,1
60,2.002,15,4,442.722,132.278,310.142,43.6157,0.679921
61,2.03537,1,4,676.5,455.3,588.863,380.938,0.656667
61,2.03537,2,4,453.393,404.729,342.994,334.783,0.716667
61,2.03537,3,3,543.088,371.912,437.544,296.229,0.889189
61,2.03537,4,3,328.786,333.321,202.497,262.701,0.881935
61,2.03537,6,4,657.938,292.5,555.374,206.878,0.77
61,2.03537,7,4,541.5,261.5,426.996,177.969,0.9
61,2.03537,8,3,725.5,257.5,625.508,166.957,0.891892
61,2.03537,10,3,314.6,214.4,178.107,135.912,0.873554
61,2.03537,11,4,842.736,194.429,746.797,95.31,0.896154
61,2.03537,12,4,477.125,193.5,352.062,107.655,0.6625
61,2.03537,13,4,279.312,195.688,138.567,117.212,0.712162
61,2.03537,14,2,476.139,160.694,348.422,72.6894,0.725806
61,2.03537,9,3,782.792,158.283,679.085,58.9501,0.9
61,2.03537,5,1,373.385,147.846,236.52,62.7329,1
61,2.03537,15,4,442.722,132.278,310.142,43.6157,0.679921
62,2.06874,1,4,676.5,455.3,588.863,380.938,0.656667
62,2.06874,2,4,453.393,404.729,342.994,334.783,0.716667
62,2.06874,3,3,543.088,371.912,437.544,296.229,0.889189
62,2.06874,4,3,328.786,333.321,202.497,262.701,0.881935
62,2.06874,6,4,657.938,292.5,555.374,206.878,0.77
62,2.06874,7,4,541.5,261.5,426.996,177.969,0.9
62,2.06874,8,3,725.5,257.5,625.508,166.957,0.891892
62,2.06874,10,3,314.6,214.4,178.107,135.912,0.873554
62,2.06874,11,4,842.736,194.429,746.797,95.31,0.896154
62,2.06874,12,4,477.125,193.5,352.062,107.655,0.6625
62,2.06874,13,4,279.312,195.688,138.567,117.212,0.712162
62,2.06874,14,2,476.139,160.694,348.422,72.6894,0.725806
62,2.06874,9,3,786,157.5,682.479,57.9988,0.9
62,2.06874,5,1,372.5,149.167,235.667,64.173,1
62,2.06874,15,4,442.722,132.278,310.142,43.6157,0.679921
63,2.1021,1,4,676.5,455.3,588.863,380.938,0.656667
63,2.1021,2,4,453.393,404.729,342.994,334.783,0.716667
63,2.1021,3,3,543.088,371.912,437.544,296.229,0.889189
63,2.1021,4,3,328.786,333.321,202.497,262.701,0.881935
63,2.1021,6,4,657.938,292.5,555.374,206.878,0.77
63,2.1021,7,4,541.5,261.5,426.996,177.969,0.9
63,2.1021,8,3,725.5,257.5,625.508,166.957,0.891892
63,2.1021,10,3,314.6,214.4,178.107,135.912,0.873554
63,2.1021,11,4,842.736,194.429,746.797,95.31,0.896154
63,2.1021,12,4,477.125,193.5,352.062,107.655,0.6625
63,2.1021,13,4,279.312,195.688,138.567,117.212,0.712162
63,2.1021,14,2,476.139,160.694,348.422,72.6894,0.725806
63,2.1021,9,4,797,155.5,694.175,55.467,0.672222
63,2.1021,5,1,370.5,151.667,233.7,66.9114,1
63,2.1021,15,4,442.722,132.278,310.142,43.6157,0.679921
64,2.13547,1,4,676.5,455.3,588.863,380.938,0.656667
64,2.13547,2,4,453.393,404.729,342.994,334.783,0.716667
64,2.13547,3,3,543.088,371.912,437.544,296.229,0.889189
64,2.13547,4,3,328.786,333.321,202.497,262.701,0.881935
64,2.13547,6,4,657.938,292.5,555.374,206.878,0.77
64,2.13547,7,4,541.5,261.5,426.996,177.969,0.9
64,2.13547,8,3,725.5,257.5,625.508,166.957,0.891892
64,2.13547,10,3,314.6,214.4,178.107,135.912,0.873554
64,2.13547,11,4,842.736,194.429,746.797,95.31,0.896154
64,2.13547,12,4,477.125,193.5,352.062,107.655,0.6625
64,2.13547,13,4,279.312,195.688,138.567,117.212,0.712162
64,2.13547,14,2,476.139,160.694,348.422,72.6894,0.725806
64,2.13547,9,4,802.214,153.929,699.666,53.6026,0.700538
64,2.13547,5,1,369.605,152.605,232.806,67.9448,1
64,2.13547,15,4,442.722,132.278,310.142,43.6157,0.679921
65,2.16884,1,4,676.5,455.3,588.863,380.938,0.656667
65,2.16884,2,4,453.393,404.729,342.994,334.783,0.716667
65,2.16884,3,3,543.088,371.912,437.544,296.229,0.889189
65,2.16884,4,3,328.786,333.321,202.497,262.701,0.881935
65,2.16884,6,4,657.938,292.5,555.374,206.878,0.77
65,2.16884,7,4,541.5,261.5,426.996,177.969,0.9
65,2.16884,8,3,725.5,257.5,625.508,166.957,0.891892
65,2.16884,10,3,314.6,214.4,178.107,135.912,0.873554
65,2.16884,11,4,842.736,194.429,746.797,95.31,0.896154
65,2.16884,12,4,477.125,193.5,352.062,107.655,0.6625
65,2.16884,13,4,279.312,195.688,138.567,117.212,0.715541
65,2.16884,14,2,476.139,160.694,348.422,72.6894,0.725806
65,2.16884,9,3,808.871,153.264,706.789,52.6522,0.9
65,2.16884,5,1,368.5,153.833,231.707,69.2946,1
65,2.16884,15,4,442.722,132.278,310.142,43.6157,0.679921
66,2.2022,1,4,676.5,455.3,588.863,380.938,0.656667
66,2.2022,2,4,453.393,404.729,342.994,334.783,0.716667
66,2.2022,3,3,543.088,371.912,437.544,296.229,0.889189
66,2.2022,4,3,328.786,333.321,202.497,262.701,0.881935
66,2.2022,6,4,657.938,292.5,555.374,206.878,0.77
66,2.2022,7,4,541.5,261.5,426.996,177.969,0.9
66,2.2022,8,3,725.5,257.5,625.508,166.957,0.891892
66,2.2022,10,3,314.6,214.4,178.107,135.912,0.873554
66,2.2022,11,4,842.736,194.429,746.797,95.31,0.896154
66,2.2022,12,4,477.125,193.5,352.062,107.655,0.6625
66,2.2022,13,4,279.312,195.688,138.567,117.212,0.715541
66,2.2022,14,2,476.139,160.694,348.422,72.6894,0.725806
66,2.2022,5,1,367.167,156.5,230.472,72.1869,1
66,2.2022,9,3,819.932,150.797,718.51,49.6213,0.9
66,2.2022,15,4,442.722,132.278,310.142,43.6157,0.679921
67,2.23557,1,4,676.5,455.3,588.863,380.938,0.656667
67,2.23557,2,4,453.393,404.729,342.994,334.783,0.716667
67,2.23557,3,3,543.088,371.912,437.544,296.229,0.889189
67,2.23557,4,3,328.786,333.321,202.497,262.701,0.881935
67,2.23557,6,4,657.938,292.5,555.374,206.878,0.77
67,2.23557,7,4,541.5,261.5,426.996,177.969,0.9
67,2.23557,8,3,725.5,257.5,625.508,166.957,0.891892
67,2.23557,10,3,314.6,214.4,178.107,135.912,0.873554
67,2.23557,11,4,842.736,194.429,746.797,95.31,0.896154
67,2.23557,12,4,477.125,193.5,352.062,107.655,0.6625
67,2.23557,13,4,279.312,195.688,138.567,117.212,0.715541
67,2.23557,14,2,476.139,160.694,348.422,72.6894,0.725806
67,2.23557,5,1,365.5,157.5,228.749,73.3141,1
67,2.23557,9,3,827.217,149.348,726.243,47.8119,0.890323
67,2.23557,15,4,442.722,132.278,310.142,43.6157,0.679921
68,2.26894,1,4,676.5,455.3,588.863,380.938,0.656667
68,2.26894,2,4,453.393,404.729,342.994,334.783,0.713462
68,2.26894,3,3,543.088,371.912,437.544,296.229,0.889189
68,2.26894,4,3,328.786,333.321,202.497,262.701,0.881935
68,2.26894,6,4,657.938,292.5,555.374,206.878,0.77
68,2.26894,7,4,541.5,261.5,426.996,177.969,0.9
68,2.26894,8,3,725.5,257.5,625.508,166.957,0.891892
68,2.26894,10,3,314.6,214.4,178.107,135.912,0.873554
68,2.26894,11,4,842.736,194.429,746.797,95.31,0.896154
68,2.26894,12,4,477.125,193.5,352.062,107.655,0.6625
68,2.26894,13,4,279.312,195.688,138.567,117.212,0.715541
68,2.26894,14,2,476.139,160.694,348.422,72.6894,0.725806
68,2.26894,5,1,364.549,159.354,227.864,75.3257,0.992754
68,2.26894,9,3,835,148.308,734.547,46.4206,0.9
68,2.26894,15,4,442.722,132.278,310.142,43.6157,0.679921
69,2.3023,1,4,676.5,455.3,588.863,380.938,0.656667
69,2.3023,2,4,453.393,404.729,342.994,334.783,0.713462
69,2.3023,3,3,543.088,371.912,437.544,296.229,0.889189
69,2.3023,4,3,328.786,333.321,202.497,262.701,0.881935
69,2.3023,6,4,657.938,292.5,555.374,206.878,0.77
69,2.3023,7,4,541.5,261.5,426.996,177.969,0.9
69,2.3023,8,3,725.5,257.5,625.508,166.957,0.891892
69,2.3023,10,3,314.6,214.4,178.107,135.912,0.873554
69,2.3023,11,4,842.736,194.429,746.797,95.31,0.896154
69,2.3023,12,4,477.125,193.5,352.062,107.655,0.6625
69,2.3023,13,4,279.312,195.688,138.567,117.212,0.715541
69,2.3023,14,2,476.139,160.694,348.422,72.6894,0.725806
69,2.3023,5,1,363.269,161.269,226.629,77.4154,1
69,2.3023,9,3,842,146.5,741.941,44.2402,0.9
69,2.3023,15,4,442.722,132.278,310.142,43.6157,0.679921
70,2.33567,1,4,676.5,455.3,588.863,380.938,0.656667
70,2.33567,2,4,453.393,404.729,342.994,334.783,0.713462
70,2.33567,3,3,543.088,371.912,437.544,296.229,0.889189
70,2.33567,4,3,328.786,333.321,202.497,262.701,0.881935
70,2.33567,6,4,657.938,292.5,555.374,206.878,0.77
70,2.33567,7,4,541.5,261.5,426.996,177.969,0.9
70,2.33567,8,3,725.5,257.5,625.508,166.957,0.891892
70,2.33567,10,3,314.6,214.4,178.107,135.912,0.873554
70,2.33567,11,4,842.736,194.429,746.797,95.31,0.896154
70,2.33567,12,4,477.125,193.5,352.062,107.655,0.6625
70,2.33567,13,4,279.312,195.688,138.567,117.212,0.715541
70,2.33567,5,1,361.667,162.5,224.993,78.7866,0.985714
70,2.33567,14,2,476.139,160.694,348.422,72.6894,0.725806
70,2.33567,9,4,850.25,145.25,750.73,42.6085,0.694628
70,2.33567,15,4,442.722,132.278,310.142,43.6157,0.679921
71,2.36904,1,4,676.5,455.3,588.863,380.938,0.656667
71,2.36904,2,4,453.393,404.729,342.994,334.783,0.713462
71,2.36904,3,3,543.088,371.912,437.544,296.229,0.889189
71,2.36904,4,3,328.786,333.321,202.497,262.701,0.881935
71,2.36904,6,4,657.938,292.5,555.374,206.878,0.77
71,2.36904,7,4,541.5,261.5,426.996,177.969,0.9
71,2.36904,8,3,725.5,257.5,625.508,166.957,0.891892
71,2.36904,10,3,314.6,214.4,178.107,135.912,0.873554
71,2.36904,11,4,842.736,194.429,746.797,95.31,0.896154
71,2.36904,12,4,477.125,193.5,352.062,107.655,0.6625
71,2.36904,13,4,279.312,195.688,138.567,117.212,0.715541
71,2.36904,5,1,361.357,163.357,224.724,79.7122,0.992754
71,2.36904,14,2,476.139,160.694,348.422,72.6894,0.725806
71,2.36904,9,3,853.5,145.5,754.256,42.7566,0.821622
71,2.36904,15,4,442.722,132.278,310.142,43.6157,0.679921
72,2.4024,1,4,676.5,455.3,588.863,380.938,0.66
72,2.4024,2,4,453.387,404.742,342.988,334.797,0.713462
72,2.4024,3,3,543.107,372.054,437.576,296.38,0.894521
72,2.4024,4,3,328.786,333.321,202.497,262.701,0.876774
72,2.4024,6,4,657.938,292.5,555.374,206.878,0.763333
72,2.4024,7,4,541.5,261.5,426.996,177.969,0.9
72,2.4024,8,3,725.5,257.5,625.508,166.957,0.891892
72,2.4024,10,3,314.5,214.5,178.007,136.022,0.88
72,2.4024,11,4,842.736,194.429,746.797,95.31,0.896154
72,2.4024,12,4,477.125,193.5,352.062,107.655,0.66875
72,2.4024,13,4,279.312,195.688,138.567,117.212,0.718919
72,2.4024,5,1,359.5,165.5,222.883,82.0657,0.993243
72,2.4024,14,2,476.139,160.694,348.422,72.6894,0.75
72,2.4024,9,3,845.115,142.885,744.994,40.2757,0.828205
72,2.4024,15,4,442.722,132.278,310.142,43.6157,0.683858
73,2.43577,1,4,676.5,455.3,588.863,380.938,0.66
73,2.43577,2,4,453.387,404.742,342.988,334.797,0.713462
73,2.43577,3,3,543.107,372.054,437.576,296.38,0.894521
73,2.43577,4,3,328.786,333.321,202.497,262.701,0.876774
73,2.43577,6,4,657.938,292.5,555.374,206.878,0.763333
73,2.43577,7,4,541.5,261.5,426.996,177.969,0.9
73,2.43577,8,3,725.5,257.5,625.508,166.957,0.891892
73,2.43577,10,3,314.5,214.5,178.007,136.022,0.88
73,2.43577,11,4,842.736,194.429,746.797,95.31,0.896154
73,2.43577,12,4,477.125,193.5,352.062,107.655,0.66875
73,2.43577,13,4,279.312,195.688,138.567,117.212,0.718919
73,2.43577,5,1,358.5,166.643,221.891,83.3214,1
73,2.43577,14,2,476.139,160.694,348.422,72.6894,0.75
73,2.43577,9,4,840.2,141.5,739.577,38.9797,0.657843
73,2.43577,15,4,442.722,132.278,310.142,43.6157,0.683858
74,2.46914,1,4,676.5,455.3,588.863,380.938,0.66
74,2.46914,2,4,453.387,404.742,342.988,334.797,0.713462
74,2.46914,3,3,543.107,372.054,437.576,296.38,0.894521
74,2.46914,4,3,328.786,333.321,202.497,262.701,0.876774
74,2.46914,6,4,657.938,292.5,555.374,206.878,0.763333
74,2.46914,7,4,541.5,261.5,426.996,177.969,0.9
74,2.46914,8,3,725.5,257.5,625.508,166.957,0.891892
74,2.46914,10,3,314.5,214.5,178.007,136.022,0.88
74,2.46914,11,4,842.736,194.429,746.797,95.31,0.896154
74,2.46914,12,4,477.125,193.5,352.062,107.655,0.66875
74,2.46914,13,4,279.312,195.688,138.567,117.212,0.718919
74,2.46914,5,1,357.316,168.255,220.736,85.0845,1
74,2.46914,14,2,476.139,160.694,348.422,72.6894,0.75
74,2.46914,9,3,835.2,140.6,734.111,38.203,0.84
74,2.46914,15,4,442.722,132.278,310.142,43.6157,0.683858
75,2.5025,1,4,676.5,455.3,588.863,380.938,0.66
75,2.5025,2,4,453.387,404.742,342.988,334.797,0.713462
75,2.5025,3,3,543.107,372.054,437.576,296.38,0.894521
75,2.5025,4,3,328.786,333.321,202.497,262.701,0.876774
75,2.5025,6,4,657.938,292.5,555.374,206.878,0.763333
75,2.5025,7,4,541.5,261.5,426.996,177.969,0.9
75,2.5025,8,3,725.5,257.5,625.508,166.957,0.891892
75,2.5025,10,3,314.5,214.5,178.007,136.022,0.88
75,2.5025,11,4,842.736,194.429,746.797,95.31,0.896154
75,2.5025,12,4,477.125,193.5,352.062,107.655,0.66875
75,2.5025,13,4,279.312,195.688,138.567,117.212,0.718919
75,2.5025,5,1,356.056,169.5,219.47,86.4586,0.985507
75,2.5025,14,2,476.139,160.694,348.422,72.6894,0.75
75,2.5025,9,3,830.9,139.5,729.382,37.1878,0.896226
75,2.5025,15,4,442.722,132.278,310.142,43.6157,0.683858
76,2.53587,1,4,676.5,455.3,588.863,380.938,0.66
76,2.53587,2,4,453.387,404.742,342.988,334.797,0.713462
76,2.53587,3,3,543.107,372.054,437.576,296.38,0.894521
76,2.53587,4,3,328.786,333.321,202.497,262.701,0.876774
76,2.53587,6,4,657.938,292.5,555.374,206.878,0.763333
76,2.53587,7,4,541.5,261.5,426.996,177.969,0.9
76,2.53587,8,3,725.5,257.5,625.508,166.957,0.891892
76,2.53587,10,3,314.5,214.5,178.007,136.022,0.88
76,2.53587,11,4,842.736,194.429,746.797,95.31,0.896154
76,2.53587,12,4,477.125,193.5,352.062,107.655,0.66875
76,2.53587,13,4,279.312,195.688,138.567,117.212,0.718919
76,2.53587,5,1,355.759,170.722,219.243,87.7735,0.985816
76,2.53587,14,2,476.139,160.694,348.422,72.6894,0.75
76,2.53587,9,3,828.106,138.682,726.301,36.418,0.9
76,2.53587,15,4,442.722,132.278,310.142,43.6157,0.683858
77,2.56924,1,4,676.5,455.3,588.863,380.938,0.66
77,2.56924,2,4,453.387,404.742,342.988,334.797,0.713462
77,2.56924,3,3,543.107,372.054,437.576,296.38,0.894521
77,2.56924,4,3,328.786,333.321,202.497,262.701,0.876774
77,2.56924,6,4,657.938,292.5,555.374,206.878,0.763333
77,2.56924,7,4,541.5,261.5,426.996,177.969,0.9
77,2.56924,8,3,725.5,257.5,625.508,166.957,0.891892
77,2.56924,10,3,314.5,214.5,178.007,136.022,0.88
77,2.56924,11,4,842.736,194.429,746.797,95.31,0.896154
77,2.56924,12,4,477.125,193.5,352.062,107.655,0.66875
77,2.56924,13,4,279.312,195.688,138.567,117.212,0.718919
77,2.56924,5,1,354.5,171.5,217.943,88.6492,0.993243
77,2.56924,14,2,476.139,160.694,348.422,72.6894,0.75
77,2.56924,9,3,824.219,137.438,722.005,35.2342,0.9
77,2.56924,15,4,442.722,132.278,310.142,43.6157,0.683858
78,2.6026,1,4,676.5,455.3,588.863,380.938,0.66
78,2.6026,2,4,453.387,404.742,342.988,334.797,0.713462
78,2.6026,3,3,543.107,372.054,437.576,296.38,0.894521
78,2.6026,4,3,328.786,333.321,202.497,262.701,0.876774
78,2.6026,6,4,657.938,292.5,555.374,206.878,0.763333
78,2.6026,7,4,541.5,261.5,426.996,177.969,0.9
78,2.6026,8,3,725.5,257.5,625.508,166.957,0.891892
78,2.6026,10,3,314.5,214.5,178.007,136.022,0.88
78,2.6026,11,4,842.736,194.429,746.797,95.31,0.896154
78,2.6026,12,4,477.125,193.5,352.062,107.655,0.66875
78,2.6026,13,4,279.312,195.688,138.567,117.212,0.718919
78,2.6026,5,1,353.658,173.026,217.15,90.3085,1
78,2.6026,14,2,476.139,160.694,348.422,72.6894,0.75
78,2.6026,9,3,820,136.5,717.377,34.3892,0.9
78,2.6026,15,4,442.722,132.278,310.142,43.6157,0.683858
79,2.63597,1,4,676.5,455.3,588.863,380.938,0.66
79,2.63597,2,4,453.387,404.742,342.988,334.797,0.713462
79,2.63597,3,3,543.107,372.054,437.576,296.38,0.894521
79,2.63597,4,3,328.786,333.321,202.497,262.701,0.876774
79,2.63597,6,4,657.938,292.5,555.374,206.878,0.763333
79,2.63597,7,4,541.5,261.5,426.996,177.969,0.9
79,2.63597,8,3,725.5,257.5,625.508,166.957,0.891892
79,2.63597,10,3,314.5,214.5,178.007,136.022,0.88
79,2.63597,11,4,842.736,194.429,746.797,95.31,0.896154
79,2.63597,12,4,477.125,193.5,352.062,107.655,0.66875
79,2.63597,13,4,279.312,195.688,138.567,117.212,0.718919
79,2.63597,5,1,352.69,174.31,216.204,91.7131,1
79,2.63597,14,2,476.139,160.694,348.422,72.6894,0.75
79,2.63597,9,3,816,135.5,712.981,33.4697,0.9
79,2.63597,15,4,442.722,132.278,310.142,43.6157,0.683858
80,2.66934,1,4,676.5,455.3,588.863,380.938,0.66
80,2.66934,2,4,453.387,404.742,342.988,334.797,0.713462
80,2.66934,3,3,543.107,372.054,437.576,296.38,0.894521
80,2.66934,4,3,328.786,333.321,202.497,262.701,0.876774
80,2.66934,6,4,657.938,292.5,555.374,206.878,0.763333
80,2.66934,7,4,541.5,261.5,426.996,177.969,0.9
80,2.66934,8,3,725.5,257.5,625.508,166.957,0.891892
80,2.66934,10,3,314.5,214.5,178.007,136.022,0.88
80,2.66934,11,4,842.736,194.429,746.797,95.31,0.896154
80,2.66934,12,4,477.125,193.5,352.062,107.655,0.66875
80,2.66934,13,4,279.312,195.688,138.567,117.212,0.718919
80,2.66934,5,1,351.342,175.974,214.875,93.5381,0.993007
80,2.66934,14,2,476.139,160.694,348.422,72.6894,0.75
80,2.66934,9,3,810.5,134.5,706.967,32.6047,0.9
80,2.66934,15,4,442.722,132.278,310.142,43.6157,0.683858
81,2.7027,1,4,676.5,455.3,588.863,380.938,0.66
81,2.7027,2,4,453.387,404.742,342.988,334.797,0.713462
81,2.7027,3,3,543.107,372.054,437.576,296.38,0.894521
81,2.7027,4,3,328.786,333.321,202.497,262.701,0.876774
81,2.7027,6,4,657.938,292.5,555.374,206.878,0.763333
81,2.7027,7,4,541.5,261.5,426.996,177.969,0.9
81,2.7027,8,3,725.5,257.5,625.508,166.957,0.891892
81,2.7027,10,3,314.5,214.5,178.007,136.022,0.88
81,2.7027,11,4,842.736,194.429,746.797,95.31,0.896154
81,2.7027,12,4,477.125,193.5,352.062,107.655,0.66875
81,2.7027,13,4,279.312,195.688,138.567,117.212,0.718919
81,2.7027,5,1,350.5,176.786,214.027,94.4354,0.992308
81,2.7027,14,2,476.139,160.694,348.422,72.6894,0.75
81,2.7027,9,3,808.39,134.252,704.672,32.4177,0.9
81,2.7027,15,4,442.722,132.278,310.142,43.6157,0.683858
82,2.73607,1,4,676.5,455.3,588.863,380.938,0.66
82,2.73607,2,4,453.387,404.742,342.988,334.797,0.713462
82,2.73607,3,3,543.107,372.054,437.576,296.38,0.894521
82,2.73607,4,3,328.786,333.321,202.497,262.701,0.876774
82,2.73607,6,4,657.938,292.5,555.374,206.878,0.763333
82,2.73607,7,4,541.5,261.5,426.996,177.969,0.9
82,2.73607,8,3,725.5,257.5,625.508,166.957,0.891892
82,2.73607,10,3,314.5,214.5,178.007,136.022,0.88
82,2.73607,11,4,842.736,194.429,746.797,95.31,0.896154
82,2.73607,12,4,477.125,193.5,352.062,107.655,0.66875
82,2.73607,13,4,279.312,195.688,138.567,117.212,0.718919
82,2.73607,5,1,349.615,177.846,213.153,95.5993,0.985915
82,2.73607,14,2,476.139,160.694,348.422,72.6894,0.75
82,2.73607,9,3,804.107,133.192,699.966,31.4438,0.9
82,2.73607,15,4,442.722,132.278,310.142,43.6157,0.683858
83,2.76944,1,4,676.5,455.3,588.863,380.938,0.66
83,2.76944,2,4,453.387,404.742,342.988,334.797,0.713462
83,2.76944,3,3,543.107,372.054,437.576,296.38,0.894521
83,2.76944,4,3,328.786,333.321,202.497,262.701,0.876774
83,2.76944,6,4,657.938,292.5,555.374,206.878,0.763333
83,2.76944,7,4,541.5,261.5,426.996,177.969,0.9
83,2.76944,8,3,725.5,257.5,625.508,166.957,0.891892
83,2.76944,10,3,314.5,214.5,178.007,136.022,0.88
83,2.76944,11,4,842.736,194.429,746.797,95.31,0.896154
83,2.76944,12,4,477.125,193.5,352.062,107.655,0.66875
83,2.76944,13,4,279.312,195.688,138.567,117.212,0.718919
83,2.76944,5,1,348.192,180.192,211.795,98.1551,0.992248
83,2.76944,14,2,476.139,160.694,348.422,72.6894,0.75
83,2.76944,9,3,797.792,132.717,693.118,31.1681,0.9
83,2.76944,15,4,442.722,132.278,310.142,43.6157,0.683858
84,2.8028,1,4,676.5,455.3,588.863,380.938,0.66
84,2.8028,2,4,453.387,404.742,342.988,334.797,0.713462
84,2.8028,3,3,543.107,372.054,437.576,296.38,0.894521
84,2.8028,4,3,328.5,333.25,202.182,262.635,0.886487
84,2.8028,6,4,657.938,292.5,555.374,206.878,0.77
84,2.8028,7,4,541.5,261.5,426.996,177.969,0.9
84,2.8028,8,3,725.5,257.5,625.508,166.957,0.891892
84,2.8028,10,3,314.5,214.5,178.007,136.022,0.88
84,2.8028,11,4,842.736,194.429,746.797,95.31,0.896154
84,2.8028,12,4,477.125,193.5,352.062,107.655,0.675
84,2.8028,13,4,279.312,195.688,138.567,117.212,0.718919
84,2.8028,5,1,347.849,180.619,211.457,98.6231,0.979592
84,2.8028,14,2,476.139,160.694,348.422,72.6894,0.758065
84,2.8028,9,3,795.462,132.385,690.577,30.8989,0.882796
84,2.8028,15,4,442.722,132.278,310.142,43.6157,0.683858
85,2.83617,1,4,676.5,455.3,588.863,380.938,0.66
85,2.83617,2,4,453.387,404.742,342.988,334.797,0.713462
85,2.83617,3,3,543.107,372.054,437.576,296.38,0.894521
85,2.83617,4,3,328.5,333.25,202.182,262.635,0.886487
85,2.83617,6,4,657.938,292.5,555.374,206.878,0.776667
85,2.83617,7,4,541.5,261.5,426.996,177.969,0.9
85,2.83617,8,3,725.5,257.5,625.508,166.957,0.891892
85,2.83617,10,3,314.5,214.5,178.007,136.022,0.88
85,2.83617,11,4,842.736,194.429,746.797,95.31,0.896154
85,2.83617,12,4,477.125,193.5,352.062,107.655,0.675
85,2.83617,13,4,279.312,195.688,138.567,117.212,0.718919
85,2.83617,5,1,347.1,181.9,210.746,100.018,0.986014
85,2.83617,14,2,476.139,160.694,348.422,72.6894,0.758065
85,2.83617,9,3,791.452,130.814,686.123,29.3725,0.880198
85,2.83617,15,4,442.722,132.278,310.142,43.6157,0.683858
86,2.86954,1,4,676.5,455.3,588.863,380.938,0.66
86,2.86954,2,4,453.387,404.742,342.988,334.797,0.713462
86,2.86954,3,3,543.107,372.054,437.576,296.38,0.894521
86,2.86954,4,3,328.5,333.25,202.182,262.635,0.886487
86,2.86954,6,4,657.938,292.5,555.374,206.878,0.776667
86,2.86954,7,4,541.5,261.5,426.996,177.969,0.9
86,2.86954,8,3,725.5,257.5,625.508,166.957,0.891892
86,2.86954,10,3,314.5,214.5,178.007,136.022,0.88
86,2.86954,11,4,842.736,194.429,746.797,95.31,0.896154
86,2.86954,12,4,477.125,193.5,352.062,107.655,0.675
86,2.86954,13,4,279.312,195.688,138.567,117.212,0.718919
86,2.86954,5,1,345.5,183.5,209.14,101.784,0.986486
86,2.86954,14,2,476.139,160.694,348.422,72.6894,0.758065
86,2.86954,9,3,785.833,130.5,680.039,29.2421,0.895556
86,2.86954,15,4,442.722,132.278,310.142,43.6157,0.683858
87,2.9029,1,4,676.5,455.3,588.863,380.938,0.66
87,2.9029,2,4,453.393,404.729,342.994,334.783,0.713462
87,2.9029,3,3,543.107,372.054,437.576,296.38,0.894521
87,2.9029,4,3,328.5,333.25,202.182,262.635,0.886487
87,2.9029,6,4,657.938,292.5,555.374,206.878,0.776667
87,2.9029,7,4,541.5,261.5,426.996,177.969,0.9
87,2.9029,8,3,725.5,257.5,625.508,166.957,0.891892
87,2.9029,10,3,314.5,214.5,178.007,136.022,0.88
87,2.9029,11,4,842.736,194.429,746.797,95.31,0.896154
87,2.9029,12,4,477.125,193.5,352.062,107.655,0.675
87,2.9029,13,4,279.312,195.688,138.567,117.212,0.718919
87,2.9029,5,1,345,184,208.638,102.336,0.97931
87,2.9029,14,2,476.139,160.694,348.422,72.6894,0.758065
87,2.9029,15,4,442.722,132.278,310.142,43.6157,0.683858
87,2.9029,9,3,784,128.5,677.896,27.1792,0.896116
88,2.93627,1,4,676.5,455.3,588.863,380.938,0.66
88,2.93627,2,4,453.393,404.729,342.994,334.783,0.716667
88,2.93627,3,3,543.107,372.054,437.576,296.38,0.894521
88,2.93627,4,3,328.5,333.25,202.182,262.635,0.886487
88,2.93627,6,4,657.938,292.5,555.374,206.878,0.776667
88,2.93627,7,4,541.5,261.5,426.996,177.969,0.9
88,2.93627,8,3,725.5,257.5,625.508,166.957,0.891892
88,2.93627,10,3,314.5,214.5,178.007,136.022,0.88
88,2.93627,11,4,842.736,194.429,746.797,95.31,0.896154
88,2.93627,12,4,477.125,193.5,352.062,107.655,0.675
88,2.93627,13,4,279.312,195.688,138.567,117.212,0.718919
88,2.93627,5,1,343.85,185.373,207.501,103.843,0.986301
88,2.93627,14,2,476.139,160.694,348.422,72.6894,0.758065
88,2.93627,15,4,442.722,132.278,310.142,43.6157,0.683858
88,2.93627,9,3,780,128,673.542,26.7922,0.9
89,2.96964,1,4,676.5,455.3,588.863,380.938,0.66
89,2.96964,2,4,453.393,404.729,342.994,334.783,0.716667
89,2.96964,3,3,543.107,372.054,437.576,296.38,0.894521
89,2.96964,4,3,328.5,333.25,202.182,262.635,0.886487
89,2.96964,6,4,657.938,292.5,555.374,206.878,0.776667
89,2.96964,7,4,541.5,261.5,426.996,177.969,0.9
89,2.96964,8,3,725.5,257.5,625.508,166.957,0.891892
89,2.96964,10,3,314.5,214.5,178.007,136.022,0.88
89,2.96964,11,4,842.736,194.429,746.797,95.31,0.896154
89,2.96964,12,4,477.125,193.5,352.062,107.655,0.675
89,2.96964,13,4,279.312,195.688,138.567,117.212,0.718919
89,2.96964,5,1,343.333,187,207.067,105.599,0.992958
89,2.96964,14,2,476.139,160.694,348.422,72.6894,0.758065
89,2.96964,15,4,442.722,132.278,310.142,43.6157,0.683858
89,2.96964,9,3,773.881,127.357,666.891,26.3302,0.9
90,3.003,1,4,676.5,455.3,588.863,380.938,0.66
90,3.003,2,4,453.393,404.729,342.994,334.783,0.716667
90,3.003,3,3,543.107,372.054,437.576,296.38,0.894521
90,3.003,4,3,328.5,333.25,202.182,262.635,0.886487
90,3.003,6,4,657.938,292.5,555.374,206.878,0.776667
90,3.003,7,4,541.5,261.5,426.996,177.969,0.9
90,3.003,8,3,725.5,257.5,625.508,166.957,0.891892
90,3.003,10,3,314.5,214.5,178.007,136.022,0.88
90,3.003,11,4,842.736,194.429,746.797,95.31,0.896154
90,3.003,12,4,477.125,193.5,352.062,107.655,0.675
90,3.003,13,4,279.312,195.688,138.567,117.212,0.718919
90,3.003,5,1,341.833,188.5,205.561,107.255,1
90,3.003,14,2,476.139,160.694,348.422,72.6894,0.758065
90,3.003,15,4,442.722,132.278,310.142,43.6157,0.683858
90,3.003,9,3,770.427,126.476,663.094,25.5172,0.886364
91,3.03637,1,4,676.5,455.3,588.863,380.938,0.66
91,3.03637,2,4,453.393,404.729,342.994,334.783,0.716667
91,3.03637,3,3,543.107,372.054,437.576,296.38,0.894521
91,3.03637,4,3,328.5,333.25,202.182,262.635,0.886487
91,3.03637,6,4,657.938,292.5,555.374,206.878,0.776667
91,3.03637,7,4,541.5,261.5,426.996,177.969,0.9
91,3.03637,8,3,725.5,257.5,625.508,166.957,0.891892
91,3.03637,10,3,314.5,214.5,178.007,136.022,0.88
91,3.03637,11,4,842.736,194.429,746.797,95.31,0.896154
91,3.03637,12,4,477.125,193.5,352.062,107.655,0.675
91,3.03637,13,4,279.312,195.688,138.567,117.212,0.718919
91,3.03637,5,1,341.357,189.357,205.112,108.188,0.985507
91,3.03637,14,2,476.139,160.694,348.422,72.6894,0.758065
91,3.03637,15,4,442.722,132.278,310.142,43.6157,0.683858
91,3.03637,9,3,765.717,126.63,658.03,25.8532,0.856627
92,3.06974,1,4,676.5,455.3,588.863,380.938,0.66
92,3.06974,2,4,453.393,404.729,342.994,334.783,0.716667
92,3.06974,3,3,543.107,372.054,437.576,296.38,0.894521
92,3.06974,4,3,328.5,333.25,202.182,262.635,0.886487
92,3.06974,6,4,657.938,292.5,555.374,206.878,0.776667
92,3.06974,7,4,541.5,261.5,426.996,177.969,0.9
92,3.06974,8,3,725.5,257.5,625.508,166.957,0.891892
92,3.06974,10,3,314.5,214.5,178.007,136.022,0.88
92,3.06974,11,4,842.736,194.429,746.797,95.31,0.896154
92,3.06974,12,4,477.125,193.5,352.062,107.655,0.675
92,3.06974,13,4,279.312,195.688,138.567,117.212,0.718919
92,3.06974,5,1,340.5,190.357,204.262,109.286,0.975806
92,3.06974,14,2,476.139,160.694,348.422,72.6894,0.758065
92,3.06974,15,4,442.722,132.278,310.142,43.6157,0.683858
92,3.06974,9,3,761.833,126.167,653.804,25.5006,0.9
93,3.1031,1,4,676.5,455.3,588.863,380.938,0.66
93,3.1031,2,4,453.393,404.729,342.994,334.783,0.716667
93,3.1031,3,3,543.107,372.054,437.576,296.38,0.894521
93,3.1031,4,3,328.5,333.25,202.182,262.635,0.886487
93,3.1031,6,4,657.938,292.5,555.374,206.878,0.776667
93,3.1031,7,4,541.5,261.5,426.996,177.969,0.9
93,3.1031,8,3,725.5,257.5,625.508,166.957,0.891892
93,3.1031,10,3,314.5,214.5,178.007,136.022,0.88
93,3.1031,11,4,842.736,194.429,746.797,95.31,0.896154
93,3.1031,12,4,477.125,193.5,352.062,107.655,0.675
93,3.1031,13,4,279.312,195.688,138.567,117.212,0.718919
93,3.1031,5,1,339.5,191.5,203.269,110.543,0.986486
93,3.1031,14,2,476.139,160.694,348.422,72.6894,0.758065
93,3.1031,15,4,442.722,132.278,310.142,43.6157,0.683858
93,3.1031,9,3,760,125.188,651.746,24.5247,0.9
94,3.13647,1,4,676.5,455.3,588.863,380.938,0.66
94,3.13647,2,4,453.393,404.729,342.994,334.783,0.716667
94,3.13647,3,3,543.107,372.054,437.576,296.38,0.894521
94,3.13647,4,3,328.5,333.25,202.182,262.635,0.886487
94,3.13647,6,4,657.938,292.5,555.374,206.878,0.776667
94,3.13647,7,4,541.5,261.5,426.996,177.969,0.9
94,3.13647,8,3,725.5,257.5,625.508,166.957,0.891892
94,3.13647,10,3,314.5,214.5,178.007,136.022,0.88
94,3.13647,11,4,842.736,194.429,746.797,95.31,0.896154
94,3.13647,12,4,477.125,193.5,352.062,107.655,0.675
94,3.13647,13,4,279.312,195.688,138.567,117.212,0.718919
94,3.13647,5,1,339.342,191.974,203.135,111.055,0.993007
94,3.13647,14,2,476.139,160.694,348.422,72.6894,0.758065
94,3.13647,15,4,442.722,132.278,310.142,43.6157,0.683858
94,3.13647,9,3,758.308,127,650.073,26.5161,0.9
95,3.16984,1,4,676.5,455.3,588.863,380.938,0.66
95,3.16984,2,4,453.393,404.729,342.994,334.783,0.716667
95,3.16984,3,3,543.107,372.054,437.576,296.38,0.894521
95,3.16984,4,3,328.5,333.25,202.182,262.635,0.886487
95,3.16984,6,4,657.938,292.5,555.374,206.878,0.776667
95,3.16984,7,4,541.5,261.5,426.996,177.969,0.9
95,3.16984,8,3,725.5,257.5,625.508,166.957,0.891892
95,3.16984,10,3,314.5,214.5,178.007,136.022,0.88
95,3.16984,11,4,842.736,194.429,746.797,95.31,0.896154
95,3.16984,12,4,477.125,193.5,352.062,107.655,0.675
95,3.16984,13,4,279.312,195.688,138.567,117.212,0.718919
95,3.16984,5,1,338.056,193.833,201.886,113.087,0.993151
95,3.16984,14,2,476.139,160.694,348.422,72.6894,0.758065
95,3.16984,15,4,442.722,132.278,310.142,43.6157,0.683858
95,3.16984,9,3,753,126.722,644.328,26.4132,0.882609
96,3.2032,1,4,676.228,455.13,588.554,380.765,0.656897
96,3.2032,2,4,453.387,404.742,342.988,334.797,0.716667
96,3.2032,3,3,543.107,372.054,437.576,296.38,0.894521
96,3.2032,4,3,328.5,333.25,202.182,262.635,0.886487
96,3.2032,6,4,657.938,292.5,555.374,206.878,0.76
96,3.2032,7,4,541.5,261.5,426.996,177.969,0.9
96,3.2032,8,3,725.5,257.5,625.508,166.957,0.891892
96,3.2032,10,3,314.5,214.5,178.007,136.022,0.88
96,3.2032,11,4,842.736,194.429,746.797,95.31,0.896154
96,3.2032,12,4,477.125,193.5,352.062,107.655,0.675
96,3.2032,5,1,337.522,194.918,201.393,114.264,0.992701
96,3.2032,13,4,279.321,195.808,138.584,117.34,0.717808
96,3.2032,14,2,476.019,160.712,348.294,72.712,0.736
96,3.2032,15,4,442.722,132.278,310.142,43.6157,0.683858
96,3.2032,9,4,749.5,126.5,640.536,26.3039,0.677451
97,3.23657,1,4,676.228,455.13,588.554,380.765,0.656897
97,3.23657,2,4,453.387,404.742,342.988,334.797,0.716667
97,3.23657,3,3,543.107,372.054,437.576,296.38,0.894521
97,3.23657,4,3,328.5,333.25,202.182,262.635,0.886487
97,3.23657,6,4,657.938,292.5,555.374,206.878,0.76
97,3.23657,7,4,541.5,261.5,426.996,177.969,0.9
97,3.23657,8,3,725.5,257.5,625.508,166.957,0.891892
97,3.23657,10,3,314.5,214.5,178.007,136.022,0.88
97,3.23657,11,4,842.736,194.429,746.797,95.31,0.896154
97,3.23657,12,4,477.125,193.5,352.062,107.655,0.675
97,3.23657,5,1,337.318,195.318,201.203,114.7,0.985507
97,3.23657,13,4,279.321,195.808,138.584,117.34,0.717808
97,3.23657,14,2,476.019,160.712,348.294,72.712,0.736
97,3.23657,15,4,442.722,132.278,310.142,43.6157,0.683858
97,3.23657,9,4,746.324,127.324,637.18,27.2962,0.714773
98,3.26994,1,4,676.228,455.13,588.554,380.765,0.656897
98,3.26994,2,4,453.387,404.742,342.988,334.797,0.716667
98,3.26994,3,3,543.107,372.054,437.576,296.38,0.894521
98,3.26994,4,3,328.5,333.25,202.182,262.635,0.886487
98,3.26994,6,4,657.938,292.5,555.374,206.878,0.76
98,3.26994,7,4,541.5,261.5,426.996,177.969,0.89375
98,3.26994,8,3,725.5,257.5,625.508,166.957,0.891892
98,3.26994,10,3,314.5,214.5,178.007,136.022,0.88
98,3.26994,5,1,336.214,196.5,200.1,116.002,0.992308
98,3.26994,11,4,842.736,194.429,746.797,95.31,0.896154
98,3.26994,12,4,477.125,193.5,352.062,107.655,0.675
98,3.26994,13,4,279.321,195.808,138.584,117.34,0.717808
98,3.26994,14,2,476.019,160.712,348.294,72.712,0.736
98,3.26994,15,4,442.722,132.278,310.142,43.6157,0.683858
98,3.26994,9,4,741.5,127.5,631.994,27.6595,0.661607
99,3.3033,1,4,676.228,455.13,588.554,380.765,0.656897
99,3.3033,2,4,453.387,404.742,342.988,334.797,0.716667
99,3.3033,3,3,543.107,372.054,437.576,296.38,0.894521
99,3.3033,4,3,328.5,333.25,202.182,262.635,0.886487
99,3.3033,6,4,657.938,292.5,555.374,206.878,0.76
99,3.3033,7,4,541.5,261.5,426.996,177.969,0.89375
99,3.3033,8,3,725.5,257.5,625.508,166.957,0.891892
99,3.3033,10,3,314.5,214.5,178.007,136.022,0.88
99,3.3033,5,1,335.7,197.1,199.591,116.661,0.992958
99,3.3033,11,4,842.736,194.429,746.797,95.31,0.896154
99,3.3033,12,4,477.125,193.5,352.062,107.655,0.675
99,3.3033,13,4,279.321,195.808,138.584,117.34,0.717808
99,3.3033,14,2,476.019,160.712,348.294,72.712,0.736
99,3.3033,15,4,442.722,132.278,310.142,43.6157,0.683858
99,3.3033,9,3,739.5,127.5,629.838,27.7322,0.803571
100,3.33667,1,4,676.228,455.13,588.554,380.765,0.656897
100,3.33667,2,4,453.387,404.742,342.988,334.797,0.716667
100,3.33667,3,3,543.107,372.054,437.576,296.38,0.894521
100,3.33667,4,3,328.5,333.25,202.182,262.635,0.886487
100,3.33667,6,4,657.938,292.5,555.374,206.878,0.76
100,3.33667,7,4,541.5,261.5,426.996,177.969,0.89375
100,3.33667,8,3,725.5,257.5,625.508,166.957,0.891892
100,3.33667,10,3,314.5,214.5,178.007,136.022,0.88
100,3.33667,5,1,334.559,198.441,198.46,118.135,0.983471
100,3.33667,11,4,842.736,194.429,746.797,95.31,0.896154
100,3.33667,12,4,477.125,193.5,352.062,107.655,0.675
100,3.33667,13,4,279.321,195.808,138.584,117.34,0.717808
100,3.33667,14,2,476.019,160.712,348.294,72.712,0.736
100,3.33667,15,4,442.722,132.278,310.142,43.6157,0.683858
100,3.33667,9,3,736.5,128.5,626.686,28.9061,0.886667
101,3.37004,1,4,676.228,455.13,588.554,380.765,0.656897
101,3.37004,2,4,453.387,404.742,342.988,334.797,0.716667
101,3.37004,3,3,543.107,372.054,437.576,296.38,0.894521
101,3.37004,4,3,328.5,333.25,202.182,262.635,0.886487
101,3.37004,6,4,657.938,292.5,555.374,206.878,0.76
101,3.37004,7,4,541.5,261.5,426.996,177.969,0.89375
101,3.37004,8,3,725.5,257.5,625.508,166.957,0.891892
101,3.37004,10,3,314.5,214.5,178.007,136.022,0.88
101,3.37004,5,1,334.5,199.167,198.452,118.912,0.993056
101,3.37004,11,4,842.736,194.429,746.797,95.31,0.896154
101,3.37004,12,4,477.125,193.5,352.062,107.655,0.675
101,3.37004,13,4,279.321,195.808,138.584,117.34,0.717808
101,3.37004,14,2,476.019,160.712,348.294,72.712,0.736
101,3.37004,15,4,442.722,132.278,310.142,43.6157,0.683858
101,3.37004,9,3,734.5,128.5,624.53,28.9788,0.883333
102,3.4034,1,4,676.228,455.13,588.554,380.765,0.656897
102,3.4034,2,4,453.387,404.742,342.988,334.797,0.716667
102,3.4034,3,3,543.107,372.054,437.576,296.38,0.894521
102,3.4034,4,3,328.5,333.25,202.182,262.635,0.886487
102,3.4034,6,4,657.938,292.5,555.374,206.878,0.76
102,3.4034,7,4,541.5,261.5,426.996,177.969,0.89375
102,3.4034,8,3,725.5,257.5,625.508,166.957,0.891892
102,3.4034,10,3,314.5,214.5,178.007,136.022,0.88
102,3.4034,5,1,333.9,199.94,197.862,119.76,0.965753
102,3.4034,11,4,842.736,194.429,746.797,95.31,0.896154
102,3.4034,12,4,477.125,193.5,352.062,107.655,0.675
102,3.4034,13,4,279.321,195.808,138.584,117.34,0.717808
102,3.4034,14,2,476.019,160.712,348.294,72.712,0.736
102,3.4034,15,4,442.722,132.278,310.142,43.6157,0.683858
102,3.4034,9,3,730.5,128.5,620.217,29.1243,0.893333
103,3.43677,1,4,676.228,455.13,588.554,380.765,0.656897
103,3.43677,2,4,453.387,404.742,342.988,334.797,0.716667
103,3.43677,3,3,543.107,372.054,437.576,296.38,0.894521
103,3.43677,4,3,328.5,333.25,202.182,262.635,0.886487
103,3.43677,6,4,657.938,292.5,555.374,206.878,0.76
103,3.43677,7,4,541.5,261.5,426.996,177.969,0.89375
103,3.43677,8,3,725.5,257.5,625.508,166.957,0.891892
103,3.43677,10,3,314.5,214.5,178.007,136.022,0.88
103,3.43677,5,1,333.246,201.099,197.244,121.021,0.971014
103,3.43677,11,4,842.736,194.429,746.797,95.31,0.896154
103,3.43677,12,4,477.125,193.5,352.062,107.655,0.675
103,3.43677,13,4,279.321,195.808,138.584,117.34,0.717808
103,3.43677,14,2,476.019,160.712,348.294,72.712,0.736
103,3.43677,15,4,442.722,132.278,310.142,43.6157,0.683858
103,3.43677,9,3,726.5,130,616.029,30.867,0.896296
104,3.47014,1,4,676.228,455.13,588.554,380.765,0.656897
104,3.47014,2,4,453.387,404.742,342.988,334.797,0.716667
104,3.47014,3,3,543.107,372.054,437.576,296.38,0.894521
104,3.47014,4,3,328.5,333.25,202.182,262.635,0.886487
104,3.47014,6,4,657.938,292.5,555.374,206.878,0.76
104,3.47014,7,4,541.5,261.5,426.996,177.969,0.89375
104,3.47014,8,3,725.5,257.5,625.508,166.957,0.891892
104,3.47014,10,3,314.6,214.4,178.107,135.912,0.880165
104,3.47014,5,1,332.5,201.5,196.468,121.477,0.97973
104,3.47014,11,4,842.736,194.429,746.797,95.31,0.896154
104,3.47014,12,4,477.125,193.5,352.062,107.655,0.675
104,3.47014,13,4,279.321,195.808,138.584,117.34,0.717808
104,3.47014,14,2,476.019,160.712,348.294,72.712,0.736
104,3.47014,15,4,442.722,132.278,310.142,43.6157,0.683858
104,3.47014,9,3,724.36,130.061,613.726,31.0102,0.868142
105,3.5035,1,4,676.228,455.13,588.554,380.765,0.656897
105,3.5035,2,4,453.387,404.742,342.988,334.797,0.716667
105,3.5035,3,3,543.107,372.054,437.576,296.38,0.894521
105,3.5035,4,3,328.5,333.25,202.182,262.635,0.886487
105,3.5035,6,4,657.938,292.5,555.374,206.878,0.76
105,3.5035,7,4,541.5,261.5,426.996,177.969,0.89375
105,3.5035,8,3,725.5,257.5,625.508,166.957,0.891892
105,3.5035,10,3,314.6,214.4,178.107,135.912,0.880165
105,3.5035,5,1,331.5,202.5,195.464,122.582,0.986486
105,3.5035,11,4,842.736,194.429,746.797,95.31,0.896154
105,3.5035,12,4,477.125,193.5,352.062,107.655,0.675
105,3.5035,13,4,279.321,195.808,138.584,117.34,0.717808
105,3.5035,14,2,476.019,160.712,348.294,72.712,0.736
105,3.5035,15,4,442.722,132.278,310.142,43.6157,0.683858
105,3.5035,9,3,720.283,129.792,609.308,30.8721,0.844681
106,3.53687,1,4,676.228,455.13,588.554,380.765,0.656897
106,3.53687,2,4,453.387,404.742,342.988,334.797,0.716667
106,3.53687,3,3,543.107,372.054,437.576,296.38,0.894521
106,3.53687,4,3,328.5,333.25,202.182,262.635,0.886487
106,3.53687,6,4,657.938,292.5,555.374,206.878,0.76
106,3.53687,7,4,541.5,261.5,426.996,177.969,0.89375
106,3.53687,8,3,725.5,257.5,625.508,166.957,0.891892
106,3.53687,10,3,314.6,214.4,178.107,135.912,0.880165
106,3.53687,5,1,331.5,203.5,195.54,123.65,0.986486
106,3.53687,11,4,842.736,194.429,746.797,95.31,0.896154
106,3.53687,12,4,477.125,193.5,352.062,107.655,0.675
106,3.53687,13,4,279.321,195.808,138.584,117.34,0.717808
106,3.53687,14,2,476.019,160.712,348.294,72.712,0.736
106,3.53687,15,4,442.722,132.278,310.142,43.6157,0.683858
106,3.53687,9,3,718.722,130.5,607.684,31.6823,0.863636
107,3.57024,1,4,676.228,455.13,588.554,380.765,0.656897
107,3.57024,2,4,453.387,404.742,342.988,334.797,0.716667
107,3.57024,3,3,543.107,372.054,437.576,296.38,0.894521
107,3.57024,4,3,328.5,333.25,202.182,262.635,0.886487
107,3.57024,6,4,657.938,292.5,555.374,206.878,0.76
107,3.57024,7,4,541.5,261.5,426.996,177.969,0.89375
107,3.57024,8,3,725.5,257.5,625.508,166.957,0.891892
107,3.57024,11,4,842.736,194.429,746.797,95.31,0.896154
107,3.57024,12,4,477.125,193.5,352.062,107.655,0.675
107,3.57024,13,4,279.321,195.808,138.584,117.34,0.717808
107,3.57024,14,2,476.019,160.712,348.294,72.712,0.736
107,3.57024,9,3,714.386,131.243,603.069,32.6311,0.9
107,3.57024,15,4,442.722,132.278,310.142,43.6157,0.683858
107,3.57024,5,1,330.6,204.6,194.651,124.858,0.983471
108,3.6036,1,4,676.228,455.13,588.554,380.765,0.656897
108,3.6036,2,4,453.11,404.927,342.702,335.006,0.717808
108,3.6036,3,3,543.107,372.054,437.576,296.38,0.894521
108,3.6036,4,3,328.5,333.25,202.182,262.635,0.886487
108,3.6036,6,4,657.938,292.5,555.374,206.878,0.756667
108,3.6036,7,4,541.5,261.5,426.996,177.969,0.8875
108,3.6036,8,3,725.5,257.5,625.508,166.957,0.891892
108,3.6036,5,4,322.5,209,186.234,129.854,0.683503
108,3.6036,11,4,842.736,194.429,746.797,95.31,0.896154
108,3.6036,12,4,477.125,193.5,352.062,107.655,0.675
108,3.6036,13,4,279.312,195.688,138.567,117.212,0.718919
108,3.6036,14,2,476.139,160.694,348.422,72.6894,0.733871
108,3.6036,9,3,712.278,131,600.776,32.4491,0.9
108,3.6036,15,4,442.667,132.333,310.086,43.6769,0.676016
109,3.63697,1,4,676.228,455.13,588.554,380.765,0.656897
109,3.63697,2,4,453.11,404.927,342.702,335.006,0.721233
109,3.63697,3,3,543.107,372.054,437.576,296.38,0.894521
109,3.63697,4,3,328.5,333.25,202.182,262.635,0.886487
109,3.63697,6,4,657.938,292.5,555.374,206.878,0.756667
109,3.63697,7,4,541.5,261.5,426.996,177.969,0.8875
109,3.63697,8,3,725.5,257.5,625.508,166.957,0.891892
109,3.63697,5,4,322.261,209.87,186.042,130.792,0.692077
109,3.63697,11,4,842.736,194.429,746.797,95.31,0.896154
109,3.63697,12,4,477.125,193.5,352.062,107.655,0.675
109,3.63697,13,4,279.312,195.688,138.567,117.212,0.718919
109,3.63697,14,2,476.139,160.694,348.422,72.6894,0.733871
109,3.63697,9,3,707.5,132.346,595.735,34.0565,0.9
109,3.63697,15,4,442.667,132.333,310.086,43.6769,0.676016
110,3.67034,1,4,676.228,455.13,588.554,380.765,0.656897
110,3.67034,2,4,453.11,404.927,342.702,335.006,0.721233
110,3.67034,3,3,543.107,372.054,437.576,296.38,0.894521
110,3.67034,4,3,328.5,333.25,202.182,262.635,0.886487
110,3.67034,6,4,657.938,292.5,555.374,206.878,0.756667
110,3.67034,7,4,541.5,261.5,426.996,177.969,0.8875
110,3.67034,8,3,725.5,257.5,625.508,166.957,0.891892
110,3.67034,5,4,321.5,209,185.154,129.89,0.702299
110,3.67034,11,4,842.736,194.429,746.797,95.31,0.896154
110,3.67034,12,4,477.125,193.5,352.062,107.655,0.675
110,3.67034,13,4,279.312,195.688,138.567,117.212,0.718919
110,3.67034,14,2,476.139,160.694,348.422,72.6894,0.733871
110,3.67034,9,3,704,132.5,591.974,34.3477,0.882759
110,3.67034,15,4,442.667,132.333,310.086,43.6769,0.676016
111,3.7037,1,4,676.228,455.13,588.554,380.765,0.656897
111,3.7037,2,4,453.11,404.927,342.702,335.006,0.717808
111,3.7037,3,3,543.107,372.054,437.576,296.38,0.894521
111,3.7037,4,3,328.5,333.25,202.182,262.635,0.878378
111,3.7037,6,4,657.938,292.5,555.374,206.878,0.756667
111,3.7037,7,4,541.5,261.5,426.996,177.969,0.8875
111,3.7037,8,3,725.5,257.5,625.508,166.957,0.891892
111,3.7037,5,4,321.5,210,185.229,130.959,0.707371
111,3.7037,11,4,842.736,194.429,746.797,95.31,0.896154
111,3.7037,12,4,477.125,193.5,352.062,107.655,0.675
111,3.7037,13,4,279.312,195.688,138.567,117.212,0.718919
111,3.7037,14,2,476.139,160.694,348.422,72.6894,0.733871
111,3.7037,9,4,701.875,133.5,589.765,35.49,0.667925
111,3.7037,15,4,442.667,132.333,310.086,43.6769,0.676016
112,3.73707,1,4,676.228,455.13,588.554,380.765,0.656897
112,3.73707,2,4,453.11,404.927,342.702,335.006,0.721233
112,3.73707,3,3,543.107,372.054,437.576,296.38,0.894521
112,3.73707,4,3,328.5,333.25,202.182,262.635,0.878378
112,3.73707,6,4,657.938,292.5,555.374,206.878,0.756667
112,3.73707,7,4,541.5,261.5,426.996,177.969,0.8875
112,3.73707,8,3,725.5,257.5,625.508,166.957,0.891892
112,3.73707,5,4,320.574,209.213,184.169,130.152,0.697114
112,3.73707,11,4,842.736,194.429,746.797,95.31,0.896154
112,3.73707,12,4,477.125,193.5,352.062,107.655,0.675
112,3.73707,13,4,279.312,195.688,138.567,117.212,0.718919
112,3.73707,14,2,476.139,160.694,348.422,72.6894,0.733871
112,3.73707,9,4,698.878,133.895,586.566,36.0197,0.675
112,3.73707,15,4,442.667,132.333,310.086,43.6769,0.676016
113,3.77044,1,4,676.228,455.13,588.554,380.765,0.656897
113,3.77044,2,4,453.11,404.927,342.702,335.006,0.721233
113,3.77044,3,3,543.107,372.054,437.576,296.38,0.894521
113,3.77044,4,3,328.5,333.25,202.182,262.635,0.878378
113,3.77044,6,4,657.938,292.5,555.374,206.878,0.756667
113,3.77044,7,4,541.5,261.5,426.996,177.969,0.8875
113,3.77044,8,3,725.5,257.5,625.508,166.957,0.891892
113,3.77044,5,4,321.5,211,185.305,132.027,0.705172
113,3.77044,11,4,842.736,194.429,746.797,95.31,0.896154
113,3.77044,12,4,477.125,193.5,352.062,107.655,0.675
113,3.77044,13,4,279.312,195.688,138.567,117.212,0.718919
113,3.77044,14,2,476.139,160.694,348.422,72.6894,0.733871
113,3.77044,9,4,696.5,134,584.01,36.218,0.683621
113,3.77044,15,4,442.667,132.333,310.086,43.6769,0.676016
114,3.8038,1,4,676.228,455.13,588.554,380.765,0.656897
114,3.8038,2,4,453.11,404.927,342.702,335.006,0.721233
114,3.8038,3,3,543.107,372.054,437.576,296.38,0.894521
114,3.8038,4,3,328.5,333.25,202.182,262.635,0.878378
114,3.8038,6,4,657.938,292.5,555.374,206.878,0.756667
114,3.8038,7,4,541.5,261.5,426.996,177.969,0.89375
114,3.8038,8,3,725.5,257.5,625.508,166.957,0.891892
114,3.8038,5,4,320.929,211.036,184.691,132.086,0.693494
114,3.8038,11,4,842.736,194.429,746.797,95.31,0.896154
114,3.8038,12,4,477.125,193.5,352.062,107.655,0.66875
114,3.8038,13,4,279.312,195.688,138.567,117.212,0.718919
114,3.8038,14,2,476.139,160.694,348.422,72.6894,0.733871
114,3.8038,9,3,694.051,134.696,581.427,37.0487,0.819266
114,3.8038,15,4,442.667,132.333,310.086,43.6769,0.676016
115,3.83717,1,4,676.228,455.13,588.554,380.765,0.656897
115,3.83717,2,4,453.11,404.927,342.702,335.006,0.721233
115,3.83717,3,3,543.107,372.054,437.576,296.38,0.894521
115,3.83717,4,3,328.5,333.25,202.182,262.635,0.878378
115,3.83717,6,4,657.938,292.5,555.374,206.878,0.756667
115,3.83717,7,4,541.5,261.5,426.996,177.969,0.89375
115,3.83717,8,3,725.5,257.5,625.508,166.957,0.891892
115,3.83717,5,4,320.5,211.5,184.263,132.598,0.6875
115,3.83717,11,4,842.736,194.429,746.797,95.31,0.896154
115,3.83717,12,4,477.125,193.5,352.062,107.655,0.6625
115,3.83717,13,4,279.312,195.688,138.567,117.212,0.718919
115,3.83717,14,2,476.139,160.694,348.422,72.6894,0.733871
115,3.83717,9,3,690,134.5,577.042,36.987,0.896154
115,3.83717,15,4,442.667,132.333,310.086,43.6769,0.676016
116,3.87054,1,4,676.228,455.13,588.554,380.765,0.656897
116,3.87054,2,4,453.11,404.927,342.702,335.006,0.721233
116,3.87054,3,3,543.107,372.054,437.576,296.38,0.894521
116,3.87054,4,3,328.5,333.25,202.182,262.635,0.878378
116,3.87054,6,4,657.938,292.5,555.374,206.878,0.753333
116,3.87054,7,4,541.5,261.5,426.996,177.969,0.89375
116,3.87054,8,3,725.5,257.5,625.508,166.957,0.891892
116,3.87054,5,4,320.5,211.5,184.263,132.598,0.688393
116,3.87054,11,4,842.736,194.429,746.797,95.31,0.89188
116,3.87054,12,4,477.125,193.5,352.062,107.655,0.6625
116,3.87054,13,4,279.312,195.688,138.567,117.212,0.718919
116,3.87054,14,2,476.139,160.694,348.422,72.6894,0.733871
116,3.87054,9,3,686.694,134.776,573.499,37.4007,0.9
116,3.87054,15,4,442.667,132.333,310.086,43.6769,0.676016
117,3.9039,1,4,676.228,455.13,588.554,380.765,0.656897
117,3.9039,2,4,453.11,404.927,342.702,335.006,0.721233
117,3.9039,3,3,543.107,372.054,437.576,296.38,0.894521
117,3.9039,4,3,328.5,333.25,202.182,262.635,0.878378
117,3.9039,6,4,657.938,292.5,555.374,206.878,0.753333
117,3.9039,7,4,541.5,261.5,426.996,177.969,0.89375
117,3.9039,8,3,725.5,257.5,625.508,166.957,0.891892
117,3.9039,5,4,320.5,212.5,184.339,133.666,0.682401
117,3.9039,11,4,842.736,194.429,746.797,95.31,0.89188
117,3.9039,12,4,477.125,193.5,352.062,107.655,0.6625
117,3.9039,13,4,279.312,195.688,138.567,117.212,0.718919
117,3.9039,14,2,476.139,160.694,348.422,72.6894,0.75
117,3.9039,9,3,684.5,135.5,571.193,38.2522,0.9
117,3.9039,15,4,442.667,132.333,310.086,43.6769,0.676016
118,3.93727,1,4,676.228,455.13,588.554,380.765,0.656897
118,3.93727,2,4,453.11,404.927,342.702,335.006,0.721233
118,3.93727,3,3,543.107,372.054,437.576,296.38,0.894521
118,3.93727,4,3,328.5,333.25,202.182,262.635,0.878378
118,3.93727,6,4,657.938,292.5,555.374,206.878,0.753333
118,3.93727,7,4,541.5,261.5,426.996,177.969,0.89375
118,3.93727,8,3,725.5,257.5,625.508,166.957,0.891892
118,3.93727,5,4,320.5,212.5,184.339,133.666,0.680757
118,3.93727,11,4,842.736,194.429,746.797,95.31,0.887607
118,3.93727,12,4,477.125,193.5,352.062,107.655,0.6625
118,3.93727,13,4,279.312,195.688,138.567,117.212,0.718919
118,3.93727,14,2,476.139,160.694,348.422,72.6894,0.75
118,3.93727,9,3,683,135.5,569.575,38.3068,0.9
118,3.93727,15,4,442.667,132.333,310.086,43.6769,0.676016
119,3.97064,1,4,676.228,455.13,588.554,380.765,0.656897
119,3.97064,2,4,453.11,404.927,342.702,335.006,0.717808
119,3.97064,3,3,543.107,372.054,437.576,296.38,0.894521
119,3.97064,4,3,328.5,333.25,202.182,262.635,0.878378
119,3.97064,6,4,657.938,292.5,555.374,206.878,0.753333
119,3.97064,7,4,541.5,261.5,426.996,177.969,0.89375
119,3.97064,8,3,725.5,257.5,625.508,166.957,0.891892
119,3.97064,5,4,319.575,210.712,183.204,131.79,0.676214
119,3.97064,11,4,842.736,194.429,746.797,95.31,0.887607
119,3.97064,12,4,477.125,193.5,352.062,107.655,0.6625
119,3.97064,13,4,279.312,195.688,138.567,117.212,0.718919
119,3.97064,14,2,476.139,160.694,348.422,72.6894,0.75
119,3.97064,9,3,679.797,136.438,566.198,39.4219,0.861538
119,3.97064,15,4,442.667,132.333,310.086,43.6769,0.676016
120,4.004,1,4,675.5,455.5,587.795,381.19,0.651744
120,4.004,2,4,453.114,404.892,342.704,334.968,0.720068
120,4.004,3,3,543.088,371.912,437.544,296.229,0.889189
120,4.004,4,3,328.5,333.25,202.182,262.635,0.881081
120,4.004,6,4,657.833,292.5,555.261,206.882,0.744444
120,4.004,7,4,541.5,261.5,426.996,177.969,0.9
120,4.004,8,3,725.5,257.5,625.508,166.957,0.891892
120,4.004,5,4,319.575,210.712,183.204,131.79,0.677023
120,4.004,11,4,842.736,194.429,746.797,95.31,0.887607
120,4.004,12,4,476.984,193.274,351.892,107.42,0.670482
120,4.004,13,4,279.5,195.5,138.755,117.005,0.712162
120,4.004,14,2,476.139,160.694,348.422,72.6894,0.741935
120,4.004,9,3,677.702,136.362,563.932,39.4174,0.82381
120,4.004,15,4,442.667,132.333,310.086,43.6769,0.676016
121,4.03737,1,4,675.5,455.5,587.795,381.19,0.651744
121,4.03737,2,4,453.114,404.892,342.704,334.968,0.720068
121,4.03737,3,3,543.088,371.912,437.544,296.229,0.889189
121,4.03737,4,3,328.5,333.25,202.182,262.635,0.881081
121,4.03737,6,4,657.833,292.5,555.261,206.882,0.744444
121,4.03737,7,4,541.5,261.5,426.996,177.969,0.9
121,4.03737,8,3,725.5,257.5,625.508,166.957,0.891892
121,4.03737,11,4,842.736,194.429,746.797,95.31,0.887607
121,4.03737,12,4,476.984,193.274,351.892,107.42,0.670482
121,4.03737,13,4,279.5,195.5,138.755,117.005,0.712162
121,4.03737,14,2,476.139,160.694,348.422,72.6894,0.741935
121,4.03737,9,3,672.342,136.658,558.176,39.9279,0.834483
121,4.03737,15,4,442.667,132.333,310.086,43.6769,0.676016
121,4.03737,5,1,328.2,209.4,192.423,130.073,0.969697
122,4.07074,1,4,675.5,455.5,587.795,381.19,0.651744
122,4.07074,2,4,453.114,404.892,342.704,334.968,0.720068
122,4.07074,3,3,543.088,371.912,437.544,296.229,0.889189
122,4.07074,4,3,328.5,333.25,202.182,262.635,0.881081
122,4.07074,6,4,657.833,292.5,555.261,206.882,0.744444
122,4.07074,7,4,541.5,261.5,426.996,177.969,0.9
122,4.07074,8,3,725.5,257.5,625.508,166.957,0.891892
122,4.07074,11,4,842.736,194.429,746.797,95.31,0.887607
122,4.07074,12,4,476.984,193.274,351.892,107.42,0.670482
122,4.07074,13,4,279.5,195.5,138.755,117.005,0.712162
122,4.07074,14,2,476.139,160.694,348.422,72.6894,0.741935
122,4.07074,9,4,670.89,136.866,556.628,40.2022,0.654396
122,4.07074,15,4,442.667,132.333,310.086,43.6769,0.676016
122,4.07074,5,1,328.2,209.4,192.423,130.073,0.977273
123,4.1041,1,4,675.5,455.5,587.795,381.19,0.651744
123,4.1041,2,4,453.114,404.892,342.704,334.968,0.720068
123,4.1041,3,3,543.088,371.912,437.544,296.229,0.889189
123,4.1041,4,3,328.5,333.25,202.182,262.635,0.881081
123,4.1041,6,4,657.833,292.5,555.261,206.882,0.744444
123,4.1041,7,4,541.5,261.5,426.996,177.969,0.9
123,4.1041,8,3,725.5,257.5,625.508,166.957,0.891892
123,4.1041,11,4,842.736,194.429,746.797,95.31,0.887607
123,4.1041,12,4,476.984,193.274,351.892,107.42,0.670482
123,4.1041,13,4,279.5,195.5,138.755,117.005,0.712162
123,4.1041,14,2,476.139,160.694,348.422,72.6894,0.741935
123,4.1041,9,3,667.694,137.081,553.198,40.5473,0.871429
123,4.1041,15,4,442.667,132.333,310.086,43.6769,0.676016
123,4.1041,5,1,328.2,209.4,192.423,130.073,0.977273
124,4.13747,1,4,675.5,455.5,587.795,381.19,0.651744
124,4.13747,2,4,453.114,404.892,342.704,334.968,0.720068
124,4.13747,3,3,543.088,371.912,437.544,296.229,0.889189
124,4.13747,4,3,328.5,333.25,202.182,262.635,0.881081
124,4.13747,6,4,657.833,292.5,555.261,206.882,0.744444
124,4.13747,7,4,541.5,261.5,426.996,177.969,0.9
124,4.13747,8,3,725.5,257.5,625.508,166.957,0.891892
124,4.13747,11,4,842.736,194.429,746.797,95.31,0.887607
124,4.13747,12,4,476.984,193.274,351.892,107.42,0.670482
124,4.13747,13,4,279.5,195.5,138.755,117.005,0.712162
124,4.13747,14,2,476.139,160.694,348.422,72.6894,0.741935
124,4.13747,9,3,666,138.308,551.471,41.9161,0.9
124,4.13747,15,4,442.667,132.333,310.086,43.6769,0.676016
124,4.13747,5,1,328.2,209.4,192.423,130.073,0.979592
125,4.17084,1,4,675.5,455.5,587.795,381.19,0.651744
125,4.17084,2,4,453.114,404.892,342.704,334.968,0.720068
125,4.17084,3,3,543.088,371.912,437.544,296.229,0.889189
125,4.17084,4,3,328.5,333.25,202.182,262.635,0.881081
125,4.17084,6,4,657.833,292.5,555.261,206.882,0.747917
125,4.17084,7,4,541.5,261.5,426.996,177.969,0.9
125,4.17084,8,3,725.5,257.5,625.508,166.957,0.891892
125,4.17084,11,4,842.736,194.429,746.797,95.31,0.887607
125,4.17084,12,4,476.984,193.274,351.892,107.42,0.670482
125,4.17084,13,4,279.5,195.5,138.755,117.005,0.712162
125,4.17084,14,2,476.139,160.694,348.422,72.6894,0.741935
125,4.17084,9,3,663.5,138.5,548.791,42.2119,0.9
125,4.17084,15,4,442.667,132.333,310.086,43.6769,0.676016
125,4.17084,5,1,328.2,209.4,192.423,130.073,0.979592
126,4.2042,1,4,675.5,455.5,587.795,381.19,0.651744
126,4.2042,2,4,453.114,404.892,342.704,334.968,0.720068
126,4.2042,3,3,543.088,371.912,437.544,296.229,0.889189
126,4.2042,4,3,328.5,333.25,202.182,262.635,0.881081
126,4.2042,6,4,657.833,292.5,555.261,206.882,0.747917
126,4.2042,7,4,541.5,261.5,426.996,177.969,0.9
126,4.2042,8,3,725.5,257.5,625.508,166.957,0.891892
126,4.2042,11,4,842.736,194.429,746.797,95.31,0.887607
126,4.2042,12,4,476.984,193.274,351.892,107.42,0.670482
126,4.2042,13,4,279.5,195.5,138.755,117.005,0.712162
126,4.2042,14,2,476.139,160.694,348.422,72.6894,0.741935
126,4.2042,9,3,659.5,138.5,544.477,42.3574,0.9
126,4.2042,15,4,442.667,132.333,310.086,43.6769,0.676016
126,4.2042,5,1,328.2,209.4,192.423,130.073,0.979592
127,4.23757,1,4,675.5,455.5,587.795,381.19,0.651744
127,4.23757,2,4,453.114,404.892,342.704,334.968,0.720068
127,4.23757,3,3,543.088,371.912,437.544,296.229,0.889189
127,4.23757,4,3,328.5,333.25,202.182,262.635,0.881081
127,4.23757,6,4,657.833,292.5,555.261,206.882,0.747917
127,4.23757,7,4,541.5,261.5,426.996,177.969,0.9
127,4.23757,8,3,725.5,257.5,625.508,166.957,0.891892
127,4.23757,11,4,842.736,194.429,746.797,95.31,0.887607
127,4.23757,12,4,476.984,193.274,351.892,107.42,0.670482
127,4.23757,13,4,279.5,195.5,138.755,117.005,0.712162
127,4.23757,14,2,476.139,160.694,348.422,72.6894,0.741935
127,4.23757,9,3,657.5,138.5,542.32,42.4302,0.9
127,4.23757,15,4,442.667,132.333,310.086,43.6769,0.676016
127,4.23757,5,1,328.2,209.4,192.423,130.073,0.979592
128,4.27094,1,4,675.5,455.5,587.795,381.19,0.651744
128,4.27094,2,4,453.114,404.892,342.704,334.968,0.720068
128,4.27094,3,3,543.088,371.912,437.544,296.229,0.889189
128,4.27094,4,3,328.5,333.25,202.182,262.635,0.881081
128,4.27094,6,4,657.833,292.5,555.261,206.882,0.747917
128,4.27094,7,4,541.5,261.5,426.996,177.969,0.9
128,4.27094,8,3,725.5,257.5,625.508,166.957,0.891892
128,4.27094,11,4,842.736,194.429,746.797,95.31,0.887607
128,4.27094,12,4,476.984,193.274,351.892,107.42,0.670482
128,4.27094,13,4,279.5,195.5,138.755,117.005,0.712162
128,4.27094,14,2,476.139,160.694,348.422,72.6894,0.741935
128,4.27094,9,3,655,139.333,539.691,43.4089,0.874737
128,4.27094,15,4,442.667,132.333,310.086,43.6769,0.676016
128,4.27094,5,1,328.2,209.4,192.423,130.073,0.969388
129,4.3043,1,4,675.5,455.5,587.795,381.19,0.651744
129,4.3043,2,4,453.114,404.892,342.704,334.968,0.720068
129,4.3043,3,3,543.088,371.912,437.544,296.229,0.889189
129,4.3043,4,3,328.5,333.25,202.182,262.635,0.881081
129,4.3043,6,4,657.833,292.5,555.261,206.882,0.747917
129,4.3043,7,4,541.5,261.5,426.996,177.969,0.9
129,4.3043,8,3,725.5,257.5,625.508,166.957,0.891892
129,4.3043,11,4,842.736,194.429,746.797,95.31,0.887607
129,4.3043,12,4,476.984,193.274,351.892,107.42,0.670482
129,4.3043,13,4,279.5,195.5,138.755,117.005,0.712162
129,4.3043,14,2,476.139,160.694,348.422,72.6894,0.741935
129,4.3043,9,3,652.5,139.5,537.009,43.6774,0.829167
129,4.3043,15,4,442.667,132.333,310.086,43.6769,0.676016
129,4.3043,5,1,328.2,209.4,192.423,130.073,0.977273
130,4.33767,1,4,675.5,455.5,587.795,381.19,0.651744
130,4.33767,2,4,453.114,404.892,342.704,334.968,0.720068
130,4.33767,3,3,543.088,371.912,437.544,296.229,0.889189
130,4.33767,4,3,328.5,333.25,202.182,262.635,0.881081
130,4.33767,6,4,657.833,292.5,555.261,206.882,0.747917
130,4.33767,7,4,541.5,261.5,426.996,177.969,0.9
130,4.33767,8,3,725.5,257.5,625.508,166.957,0.891892
130,4.33767,11,4,842.736,194.429,746.797,95.31,0.887607
130,4.33767,12,4,476.984,193.274,351.892,107.42,0.670482
130,4.33767,13,4,279.5,195.5,138.755,117.005,0.712162
130,4.33767,14,2,476.139,160.694,348.422,72.6894,0.741935
130,4.33767,9,4,650.121,139.741,534.462,44.0212,0.675
130,4.33767,15,4,442.667,132.333,310.086,43.6769,0.676016
130,4.33767,5,1,328.2,209.4,192.423,130.073,0.977273
131,4.37104,1,4,675.5,455.5,587.795,381.19,0.651744
131,4.37104,2,4,453.114,404.892,342.704,334.968,0.720068
131,4.37104,3,3,543.088,371.912,437.544,296.229,0.889189
131,4.37104,4,3,328.5,333.25,202.182,262.635,0.881081
131,4.37104,6,4,657.833,292.5,555.261,206.882,0.747917
131,4.37104,7,4,541.5,261.5,426.996,177.969,0.9
131,4.37104,8,3,725.5,257.5,625.508,166.957,0.891892
131,4.37104,11,4,842.736,194.429,746.797,95.31,0.887607
131,4.37104,12,4,476.984,193.274,351.892,107.42,0.670482
131,4.37104,13,4,279.5,195.5,138.755,117.005,0.712162
131,4.37104,14,2,476.139,160.694,348.422,72.6894,0.741935
131,4.37104,9,4,648.5,140.5,532.776,44.8884,0.685417
131,4.37104,15,4,442.667,132.333,310.086,43.6769,0.676016
131,4.37104,5,1,328.2,209.4,192.423,130.073,0.977273
132,4.4044,1,4,675.5,455.5,587.795,381.19,0.651744
132,4.4044,2,4,453.387,404.742,342.988,334.797,0.713462
132,4.4044,3,3,543.088,371.912,437.544,296.229,0.889189
132,4.4044,4,3,328.786,333.321,202.497,262.701,0.874194
132,4.4044,6,4,658,292,555.4,206.341,0.754698
132,4.4044,7,4,541.5,261.5,426.996,177.969,0.9
132,4.4044,8,3,725.5,257.5,625.508,166.957,0.891892
132,4.4044,11,4,842.736,194.429,746.797,95.31,0.887607
132,4.4044,12,4,477.125,193.5,352.062,107.655,0.6625
132,4.4044,13,4,279.5,195.5,138.755,117.005,0.715541
132,4.4044,14,2,476.139,160.694,348.422,72.6894,0.75
132,4.4044,9,3,645.875,140.5,529.945,44.9839,0.820755
132,4.4044,15,4,442.722,132.278,310.142,43.6157,0.687795
132,4.4044,5,1,328.2,209.4,192.423,130.073,0.984848
133,4.43777,1,4,675.5,455.5,587.795,381.19,0.651744
133,4.43777,2,4,453.387,404.742,342.988,334.797,0.713462
133,4.43777,3,3,543.088,371.912,437.544,296.229,0.889189
133,4.43777,4,3,328.786,333.321,202.497,262.701,0.874194
133,4.43777,6,4,658,292,555.4,206.341,0.754698
133,4.43777,7,4,541.5,261.5,426.996,177.969,0.9
133,4.43777,8,3,725.5,257.5,625.508,166.957,0.891892
133,4.43777,11,4,842.736,194.429,746.797,95.31,0.887607
133,4.43777,12,4,477.125,193.5,352.062,107.655,0.6625
133,4.43777,13,4,279.5,195.5,138.755,117.005,0.715541
133,4.43777,14,2,476.139,160.694,348.422,72.6894,0.75
133,4.43777,9,3,643.31,140.76,527.199,45.3542,0.869811
133,4.43777,15,4,442.722,132.278,310.142,43.6157,0.687795
133,4.43777,5,1,328.2,209.4,192.423,130.073,0.984848
134,4.47114,1,4,675.5,455.5,587.795,381.19,0.651744
134,4.47114,2,4,453.387,404.742,342.988,334.797,0.713462
134,4.47114,3,3,543.088,371.912,437.544,296.229,0.889189
134,4.47114,4,3,328.786,333.321,202.497,262.701,0.874194
134,4.47114,6,4,658,292,555.4,206.341,0.754698
134,4.47114,7,4,541.5,261.5,426.996,177.969,0.9
134,4.47114,8,3,725.5,257.5,625.508,166.957,0.891892
134,4.47114,11,4,842.736,194.429,746.797,95.31,0.887607
134,4.47114,12,4,477.125,193.5,352.062,107.655,0.6625
134,4.47114,13,4,279.5,195.5,138.755,117.005,0.715541
134,4.47114,14,2,476.139,160.694,348.422,72.6894,0.75
134,4.47114,9,3,641.182,141.273,524.945,45.9779,0.9
134,4.47114,15,4,442.722,132.278,310.142,43.6157,0.687795
134,4.47114,5,1,328.2,209.4,192.423,130.073,0.984848
135,4.5045,1,4,675.5,455.5,587.795,381.19,0.651744
135,4.5045,2,4,453.387,404.742,342.988,334.797,0.713462
135,4.5045,3,3,543.088,371.912,437.544,296.229,0.889189
135,4.5045,4,3,328.786,333.321,202.497,262.701,0.874194
135,4.5045,6,4,658,292,555.4,206.341,0.754698
135,4.5045,7,4,541.5,261.5,426.996,177.969,0.9
135,4.5045,8,3,725.5,257.5,625.508,166.957,0.891892
135,4.5045,11,4,842.736,194.429,746.797,95.31,0.887607
135,4.5045,12,4,477.125,193.5,352.062,107.655,0.6625
135,4.5045,13,4,279.5,195.5,138.755,117.005,0.715541
135,4.5045,14,2,476.139,160.694,348.422,72.6894,0.75
135,4.5045,9,3,638,141.5,521.532,46.3359,0.9
135,4.5045,15,4,442.722,132.278,310.142,43.6157,0.687795
135,4.5045,5,1,328.2,209.4,192.423,130.073,0.984848
136,4.53787,1,4,675.5,455.5,587.795,381.19,0.651744
136,4.53787,2,4,453.387,404.742,342.988,334.797,0.713462
136,4.53787,3,3,543.088,371.912,437.544,296.229,0.889189
136,4.53787,4,3,328.786,333.321,202.497,262.701,0.874194
136,4.53787,6,4,658,292,555.4,206.341,0.754698
136,4.53787,7,4,541.5,261.5,426.996,177.969,0.9
136,4.53787,8,3,725.5,257.5,625.508,166.957,0.891892
136,4.53787,11,4,842.736,194.429,746.797,95.31,0.887607
136,4.53787,12,4,477.125,193.5,352.062,107.655,0.6625
136,4.53787,13,4,279.5,195.5,138.755,117.005,0.715541
136,4.53787,14,2,476.139,160.694,348.422,72.6894,0.75
136,4.53787,9,3,635.577,141.269,518.9,46.1782,0.9
136,4.53787,15,4,442.722,132.278,310.142,43.6157,0.687795
136,4.53787,5,1,328.2,209.4,192.423,130.073,0.984848
137,4.57124,1,4,675.5,455.5,587.795,381.19,0.651744
137,4.57124,2,4,453.387,404.742,342.988,334.797,0.713462
137,4.57124,3,3,543.088,371.912,437.544,296.229,0.889189
137,4.57124,4,3,328.786,333.321,202.497,262.701,0.874194
137,4.57124,6,4,658,292,555.4,206.341,0.754698
137,4.57124,7,4,541.5,261.5,426.996,177.969,0.9
137,4.57124,8,3,725.5,257.5,625.508,166.957,0.891892
137,4.57124,11,4,842.736,194.429,746.797,95.31,0.887607
137,4.57124,12,4,477.125,193.5,352.062,107.655,0.6625
137,4.57124,13,4,279.5,195.5,138.755,117.005,0.715541
137,4.57124,14,2,476.139,160.694,348.422,72.6894,0.75
137,4.57124,9,3,634.385,141.538,517.636,46.5084,0.9
137,4.57124,15,4,442.722,132.278,310.142,43.6157,0.687795
137,4.57124,5,1,328.2,209.4,192.423,130.073,0.984848
138,4.6046,1,4,675.5,455.5,587.795,381.19,0.651744
138,4.6046,2,4,453.387,404.742,342.988,334.797,0.713462
138,4.6046,3,3,543.088,371.912,437.544,296.229,0.889189
138,4.6046,4,3,328.786,333.321,202.497,262.701,0.874194
138,4.6046,6,4,658,292,555.4,206.341,0.754698
138,4.6046,7,4,541.5,261.5,426.996,177.969,0.9
138,4.6046,8,3,725.5,257.5,625.508,166.957,0.891892
138,4.6046,11,4,842.736,194.429,746.797,95.31,0.887607
138,4.6046,12,4,477.125,193.5,352.062,107.655,0.6625
138,4.6046,13,4,279.5,195.5,138.755,117.005,0.715541
138,4.6046,14,2,476.139,160.694,348.422,72.6894,0.75
138,4.6046,9,3,632.5,142.5,515.681,47.6015,0.9
138,4.6046,15,4,442.722,132.278,310.142,43.6157,0.687795
138,4.6046,5,1,328.2,209.4,192.423,130.073,0.984848
139,4.63797,1,4,675.5,455.5,587.795,381.19,0.651744
139,4.63797,2,4,453.387,404.742,342.988,334.797,0.713462
139,4.63797,3,3,543.088,371.912,437.544,296.229,0.889189
139,4.63797,4,3,328.786,333.321,202.497,262.701,0.874194
139,4.63797,6,4,658,292,555.4,206.341,0.754698
139,4.63797,7,4,541.5,261.5,426.996,177.969,0.9
139,4.63797,8,3,725.5,257.5,625.508,166.957,0.891892
139,4.63797,11,4,842.736,194.429,746.797,95.31,0.887607
139,4.63797,12,4,477.125,193.5,352.062,107.655,0.6625
139,4.63797,13,4,279.5,195.5,138.755,117.005,0.715541
139,4.63797,14,2,476.139,160.694,348.422,72.6894,0.75
139,4.63797,9,3,630,142.308,512.969,47.4876,0.866667
139,4.63797,15,4,442.722,132.278,310.142,43.6157,0.687795
139,4.63797,5,1,328.2,209.4,192.423,130.073,0.984848
140,4.67134,1,4,675.5,455.5,587.795,381.19,0.651744
140,4.67134,2,4,453.387,404.742,342.988,334.797,0.713462
140,4.67134,3,3,543.088,371.912,437.544,296.229,0.889189
140,4.67134,4,3,328.786,333.321,202.497,262.701,0.874194
140,4.67134,6,4,658,292,555.4,206.341,0.754698
140,4.67134,7,4,541.5,261.5,426.996,177.969,0.9
140,4.67134,8,3,725.5,257.5,625.508,166.957,0.891892
140,4.67134,11,4,842.736,194.429,746.797,95.31,0.887607
140,4.67134,12,4,477.125,193.5,352.062,107.655,0.6625
140,4.67134,13,4,279.5,195.5,138.755,117.005,0.715541
140,4.67134,14,2,476.139,160.694,348.422,72.6894,0.75
140,4.67134,9,3,627.5,142.5,510.287,47.7834,0.817857
140,4.67134,15,4,442.722,132.278,310.142,43.6157,0.687795
140,4.67134,5,1,328.2,209.4,192.423,130.073,0.984848
141,4.7047,1,4,675.5,455.5,587.795,381.19,0.651744
141,4.7047,2,4,453.387,404.742,342.988,334.797,0.713462
141,4.7047,3,3,543.088,371.912,437.544,296.229,0.889189
141,4.7047,4,3,328.786,333.321,202.497,262.701,0.874194
141,4.7047,6,4,658,292,555.4,206.341,0.754698
141,4.7047,7,4,541.5,261.5,426.996,177.969,0.9
141,4.7047,8,3,725.5,257.5,625.508,166.957,0.891892
141,4.7047,11,4,842.736,194.429,746.797,95.31,0.887607
141,4.7047,12,4,477.125,193.5,352.062,107.655,0.6625
141,4.7047,13,4,279.5,195.5,138.755,117.005,0.715541
141,4.7047,14,2,476.139,160.694,348.422,72.6894,0.75
141,4.7047,9,4,625.5,142.654,508.143,48.0201,0.651852
141,4.7047,15,4,442.722,132.278,310.142,43.6157,0.687795
141,4.7047,5,1,328.2,209.4,192.423,130.073,0.984848
142,4.73807,1,4,675.5,455.5,587.795,381.19,0.651744
142,4.73807,2,4,453.387,404.742,342.988,334.797,0.713462
142,4.73807,3,3,543.088,371.912,437.544,296.229,0.889189
142,4.73807,4,3,328.786,333.321,202.497,262.701,0.874194
142,4.73807,6,4,658,292,555.4,206.341,0.754698
142,4.73807,7,4,541.5,261.5,426.996,177.969,0.9
142,4.73807,8,3,725.5,257.5,625.508,166.957,0.891892
142,4.73807,11,4,842.736,194.429,746.797,95.31,0.887607
142,4.73807,12,4,477.125,193.5,352.062,107.655,0.6625
142,4.73807,13,4,279.5,195.5,138.755,117.005,0.715541
142,4.73807,14,2,476.139,160.694,348.422,72.6894,0.75
142,4.73807,9,4,624.5,142.5,507.052,47.8926,0.659375
142,4.73807,15,4,442.722,132.278,310.142,43.6157,0.687795
142,4.73807,5,1,328.2,209.4,192.423,130.073,0.984848
143,4.77144,1,4,675.5,455.5,587.795,381.19,0.651744
143,4.77144,2,4,453.387,404.742,342.988,334.797,0.713462
143,4.77144,3,3,543.088,371.912,437.544,296.229,0.889189
143,4.77144,4,3,328.786,333.321,202.497,262.701,0.874194
143,4.77144,6,4,658,292,555.4,206.341,0.754698
143,4.77144,7,4,541.5,261.5,426.996,177.969,0.9
143,4.77144,8,3,725.5,257.5,625.508,166.957,0.891892
143,4.77144,11,4,842.736,194.429,746.797,95.31,0.887607
143,4.77144,12,4,477.125,193.5,352.062,107.655,0.6625
143,4.77144,13,4,279.5,195.5,138.755,117.005,0.715541
143,4.77144,14,2,476.139,160.694,348.422,72.6894,0.75
143,4.77144,9,3,622.147,142.853,504.542,48.3543,0.83271
143,4.77144,15,4,442.722,132.278,310.142,43.6157,0.687795
143,4.77144,5,1,328.2,209.4,192.423,130.073,0.984848
144,4.8048,1,4,675.5,455.5,587.795,381.19,0.651744
144,4.8048,2,4,453.387,404.742,342.988,334.797,0.713462
144,4.8048,3,3,543.088,371.912,437.544,296.229,0.889189
144,4.8048,4,3,328.786,333.321,202.497,262.701,0.874194
144,4.8048,6,4,658,292,555.4,206.341,0.754698
144,4.8048,7,4,541.5,261.5,426.996,177.969,0.8875
144,4.8048,8,3,725.5,257.5,625.508,166.957,0.891892
144,4.8048,11,4,842.736,194.429,746.797,95.31,0.89188
144,4.8048,12,4,477.125,193.5,352.062,107.655,0.65
144,4.8048,13,4,279.5,195.5,138.755,117.005,0.715541
144,4.8048,14,2,476.139,160.694,348.422,72.6894,0.75
144,4.8048,9,3,621.065,143.13,503.398,48.6894,0.886813
144,4.8048,15,4,442.722,132.278,310.142,43.6157,0.679921
144,4.8048,5,1,328.2,209.4,192.423,130.073,0.984848
145,4.83817,1,4,675.5,455.5,587.795,381.19,0.651744
145,4.83817,2,4,453.387,404.742,342.988,334.797,0.713462
145,4.83817,3,3,543.088,371.912,437.544,296.229,0.889189
145,4.83817,4,3,328.786,333.321,202.497,262.701,0.874194
145,4.83817,6,4,658,292,555.4,206.341,0.754698
145,4.83817,7,4,541.5,261.5,426.996,177.969,0.8875
145,4.83817,8,3,725.5,257.5,625.508,166.957,0.891892
145,4.83817,11,4,842.736,194.429,746.797,95.31,0.89188
145,4.83817,12,4,477.125,193.5,352.062,107.655,0.65
145,4.83817,13,4,279.5,195.5,138.755,117.005,0.715541
145,4.83817,14,2,476.139,160.694,348.422,72.6894,0.75
145,4.83817,9,3,618.571,143.429,500.732,49.0978,0.9
145,4.83817,15,4,442.722,132.278,310.142,43.6157,0.679921
145,4.83817,5,1,328.2,209.4,192.423,130.073,0.984848
146,4.87154,1,4,675.5,455.5,587.795,381.19,0.651744
146,4.87154,2,4,453.387,404.742,342.988,334.797,0.713462
146,4.87154,3,3,543.088,371.912,437.544,296.229,0.889189
146,4.87154,4,3,328.786,333.321,202.497,262.701,0.874194
146,4.87154,6,4,658,292,555.4,206.341,0.754698
146,4.87154,7,4,541.5,261.5,426.996,177.969,0.8875
146,4.87154,8,3,725.5,257.5,625.508,166.957,0.891892
146,4.87154,11,4,842.736,194.429,746.797,95.31,0.89188
146,4.87154,12,4,477.125,193.5,352.062,107.655,0.65
146,4.87154,13,4,279.5,195.5,138.755,117.005,0.715541
146,4.87154,14,2,476.139,160.694,348.422,72.6894,0.75
146,4.87154,9,3,615.5,144.269,497.486,50.1054,0.9
146,4.87154,15,4,442.722,132.278,310.142,43.6157,0.679921
146,4.87154,5,1,328.2,209.4,192.423,130.073,0.984848
147,4.9049,1,4,675.5,455.5,587.795,381.19,0.651744
147,4.9049,2,4,453.387,404.742,342.988,334.797,0.713462
147,4.9049,3,3,543.088,371.912,437.544,296.229,0.889189
147,4.9049,4,3,328.786,333.321,202.497,262.701,0.874194
147,4.9049,6,4,658,292,555.4,206.341,0.754698
147,4.9049,7,4,541.5,261.5,426.996,177.969,0.8875
147,4.9049,8,3,725.5,257.5,625.508,166.957,0.891892
147,4.9049,11,4,842.736,194.429,746.797,95.31,0.89188
147,4.9049,12,4,477.125,193.5,352.062,107.655,0.65
147,4.9049,13,4,279.5,195.5,138.755,117.005,0.715541
147,4.9049,14,2,476.139,160.694,348.422,72.6894,0.75
147,4.9049,9,3,613.273,144.636,495.114,50.5777,0.9
147,4.9049,15,4,442.722,132.278,310.142,43.6157,0.679921
147,4.9049,5,1,328.2,209.4,192.423,130.073,0.984848
148,4.93827,1,4,675.5,455.5,587.795,381.19,0.651744
148,4.93827,2,4,453.387,404.742,342.988,334.797,0.713462
148,4.93827,3,3,543.088,371.912,437.544,296.229,0.889189
148,4.93827,4,3,328.786,333.321,202.497,262.701,0.874194
148,4.93827,6,4,658,292,555.4,206.341,0.754698
148,4.93827,7,4,541.5,261.5,426.996,177.969,0.8875
148,4.93827,8,3,725.5,257.5,625.508,166.957,0.891892
148,4.93827,11,4,842.736,194.429,746.797,95.31,0.89188
148,4.93827,12,4,477.125,193.5,352.062,107.655,0.65
148,4.93827,13,4,279.5,195.5,138.755,117.005,0.715541
148,4.93827,14,2,476.139,160.694,348.422,72.6894,0.75
148,4.93827,9,3,611.5,144.5,493.19,50.4969,0.895833
148,4.93827,15,4,442.722,132.278,310.142,43.6157,0.679921
148,4.93827,5,1,328.2,209.4,192.423,130.073,0.984848
149,4.97164,1,4,675.5,455.5,587.795,381.19,0.651744
149,4.97164,2,4,453.387,404.742,342.988,334.797,0.713462
149,4.97164,3,3,543.088,371.912,437.544,296.229,0.889189
149,4.97164,4,3,328.786,333.321,202.497,262.701,0.874194
149,4.97164,6,4,658,292,555.4,206.341,0.754698
149,4.97164,7,4,541.5,261.5,426.996,177.969,0.8875
149,4.97164,8,3,725.5,257.5,625.508,166.957,0.891892
149,4.97164,11,4,842.736,194.429,746.797,95.31,0.89188
149,4.97164,12,4,477.125,193.5,352.062,107.655,0.65
149,4.97164,13,4,279.5,195.5,138.755,117.005,0.715541
149,4.97164,14,2,476.139,160.694,348.422,72.6894,0.75
149,4.97164,9,3,609.5,144.269,491.014,50.3237,0.896078
149,4.97164,15,4,442.722,132.278,310.142,43.6157,0.679921
149,4.97164,5,1,328.2,209.4,192.423,130.073,0.984848
150,5.00501,1,4,675.5,455.5,587.795,381.19,0.651744
150,5.00501,2,4,453.387,404.742,342.988,334.797,0.713462
150,5.00501,3,3,543.088,371.912,437.544,296.229,0.889189
150,5.00501,4,3,328.786,333.321,202.497,262.701,0.874194
150,5.00501,6,4,658,292,555.4,206.341,0.754698
150,5.00501,7,4,541.5,261.5,426.996,177.969,0.8875
150,5.00501,8,3,725.5,257.5,625.508,166.957,0.891892
150,5.00501,11,4,842.736,194.429,746.797,95.31,0.89188
150,5.00501,12,4,477.125,193.5,352.062,107.655,0.65
150,5.00501,13,4,279.5,195.5,138.755,117.005,0.715541
150,5.00501,14,2,476.139,160.694,348.422,72.6894,0.75
150,5.00501,9,3,609,144.5,490.493,50.5879,0.884615
150,5.00501,15,4,442.722,132.278,310.142,43.6157,0.679921
150,5.00501,5,1,328.2,209.4,192.423,130.073,0.984848
151,5.03837,1,4,675.5,455.5,587.795,381.19,0.651744
151,5.03837,2,4,453.387,404.742,342.988,334.797,0.713462
151,5.03837,3,3,543.088,371.912,437.544,296.229,0.889189
151,5.03837,4,3,328.786,333.321,202.497,262.701,0.874194
151,5.03837,6,4,658,292,555.4,206.341,0.754698
151,5.03837,7,4,541.5,261.5,426.996,177.969,0.8875
151,5.03837,8,3,725.5,257.5,625.508,166.957,0.891892
151,5.03837,11,4,842.736,194.429,746.797,95.31,0.89188
151,5.03837,12,4,477.125,193.5,352.062,107.655,0.65
151,5.03837,13,4,279.5,195.5,138.755,117.005,0.715541
151,5.03837,14,2,476.139,160.694,348.422,72.6894,0.75
151,5.03837,9,3,605.571,144.659,486.807,50.8824,0.840741
151,5.03837,15,4,442.722,132.278,310.142,43.6157,0.679921
151,5.03837,5,1,328.2,209.4,192.423,130.073,0.984848
152,5.07174,1,4,675.5,455.5,587.795,381.19,0.651744
152,5.07174,2,4,453.387,404.742,342.988,334.797,0.713462
152,5.07174,3,3,543.088,371.912,437.544,296.229,0.889189
152,5.07174,4,3,328.786,333.321,202.497,262.701,0.874194
152,5.07174,6,4,658,292,555.4,206.341,0.754698
152,5.07174,7,4,541.5,261.5,426.996,177.969,0.8875
152,5.07174,8,3,725.5,257.5,625.508,166.957,0.891892
152,5.07174,11,4,842.736,194.429,746.797,95.31,0.89188
152,5.07174,12,4,477.125,193.5,352.062,107.655,0.65
152,5.07174,13,4,279.5,195.5,138.755,117.005,0.715541
152,5.07174,14,2,476.139,160.694,348.422,72.6894,0.75
152,5.07174,9,4,603.698,145.183,484.829,51.5088,0.67766
152,5.07174,15,4,442.722,132.278,310.142,43.6157,0.679921
152,5.07174,5,1,328.2,209.4,192.423,130.073,0.984848
153,5.10511,1,4,675.5,455.5,587.795,381.19,0.651744
153,5.10511,2,4,453.387,404.742,342.988,334.797,0.713462
153,5.10511,3,3,543.088,371.912,437.544,296.229,0.889189
153,5.10511,4,3,328.786,333.321,202.497,262.701,0.874194
153,5.10511,6,4,658,292,555.4,206.341,0.754698
153,5.10511,7,4,541.5,261.5,426.996,177.969,0.8875
153,5.10511,8,3,725.5,257.5,625.508,166.957,0.891892
153,5.10511,11,4,842.736,194.429,746.797,95.31,0.89188
153,5.10511,12,4,477.125,193.5,352.062,107.655,0.65
153,5.10511,13,4,279.5,195.5,138.755,117.005,0.715541
153,5.10511,14,2,476.139,160.694,348.422,72.6894,0.75
153,5.10511,9,4,601.87,146.065,482.928,52.5154,0.692857
153,5.10511,15,4,442.722,132.278,310.142,43.6157,0.679921
153,5.10511,5,1,328.2,209.4,192.423,130.073,0.984848
154,5.13847,1,4,675.5,455.5,587.795,381.19,0.651744
154,5.13847,2,4,453.387,404.742,342.988,334.797,0.713462
154,5.13847,3,3,543.088,371.912,437.544,296.229,0.889189
154,5.13847,4,3,328.786,333.321,202.497,262.701,0.874194
154,5.13847,6,4,658,292,555.4,206.341,0.754698
154,5.13847,7,4,541.5,261.5,426.996,177.969,0.8875
154,5.13847,8,3,725.5,257.5,625.508,166.957,0.891892
154,5.13847,11,4,842.736,194.429,746.797,95.31,0.89188
154,5.13847,12,4,477.125,193.5,352.062,107.655,0.65
154,5.13847,13,4,279.5,195.5,138.755,117.005,0.715541
154,5.13847,14,2,476.139,160.694,348.422,72.6894,0.75
154,5.13847,9,4,601.5,145.5,482.484,51.9265,0.7125
154,5.13847,15,4,442.722,132.278,310.142,43.6157,0.679921
154,5.13847,5,1,328.2,209.4,192.423,130.073,0.984848
155,5.17184,1,4,675.5,455.5,587.795,381.19,0.651744
155,5.17184,2,4,453.387,404.742,342.988,334.797,0.713462
155,5.17184,3,3,543.088,371.912,437.544,296.229,0.889189
155,5.17184,4,3,328.786,333.321,202.497,262.701,0.874194
155,5.17184,6,4,658,292,555.4,206.341,0.754698
155,5.17184,7,4,541.5,261.5,426.996,177.969,0.8875
155,5.17184,8,3,725.5,257.5,625.508,166.957,0.891892
155,5.17184,11,4,842.736,194.429,746.797,95.31,0.89188
155,5.17184,12,4,477.125,193.5,352.062,107.655,0.65
155,5.17184,13,4,279.5,195.5,138.755,117.005,0.715541
155,5.17184,14,2,476.139,160.694,348.422,72.6894,0.75
155,5.17184,9,4,598.663,145.978,479.462,52.5394,0.671053
155,5.17184,15,4,442.722,132.278,310.142,43.6157,0.679921
155,5.17184,5,1,328.2,209.4,192.423,130.073,0.984848
156,5.20521,1,3,675.5,455.5,587.795,381.19,0.834884
156,5.20521,2,4,453.393,404.729,342.994,334.783,0.716667
156,5.20521,3,3,543.088,371.912,437.544,296.229,0.889189
156,5.20521,4,3,328.786,333.321,202.497,262.701,0.874194
156,5.20521,6,4,658.441,292.5,555.918,206.86,0.748171
156,5.20521,7,4,541.5,261.5,426.996,177.969,0.89375
156,5.20521,8,3,725.5,257.5,625.508,166.957,0.891892
156,5.20521,18,3,310.868,215.658,174.17,137.392,0.861783
156,5.20521,5,1,328.541,209.216,192.777,129.864,0.973154
156,5.20521,11,4,842.736,194.429,746.797,95.31,0.887607
156,5.20521,12,4,477.125,193.5,352.062,107.655,0.65
156,5.20521,13,4,279.312,195.688,138.567,117.212,0.718919
156,5.20521,14,2,476.139,160.694,348.422,72.6894,0.741935
156,5.20521,9,3,597.136,145.864,477.805,52.4728,0.856044
156,5.20521,15,4,442.722,132.278,310.142,43.6157,0.679921
157,5.23857,1,3,675.5,455.5,587.795,381.19,0.834884
157,5.23857,2,4,453.393,404.729,342.994,334.783,0.716667
157,5.23857,3,3,543.088,371.912,437.544,296.229,0.889189
157,5.23857,4,3,328.786,333.321,202.497,262.701,0.874194
157,5.23857,6,4,658.441,292.5,555.918,206.86,0.748171
157,5.23857,7,4,541.5,261.5,426.996,177.969,0.89375
157,5.23857,8,3,725.5,257.5,625.508,166.957,0.891892
157,5.23857,18,3,310.868,215.658,174.17,137.392,0.861783
157,5.23857,5,1,328.541,209.216,192.777,129.864,0.973154
157,5.23857,11,4,842.736,194.429,746.797,95.31,0.887607
157,5.23857,12,4,477.125,193.5,352.062,107.655,0.65
157,5.23857,13,4,279.312,195.688,138.567,117.212,0.718919
157,5.23857,14,2,476.139,160.694,348.422,72.6894,0.741935
157,5.23857,9,3,595.5,145.833,476.038,52.5001,0.886667
157,5.23857,15,4,442.722,132.278,310.142,43.6157,0.679921
158,5.27194,1,3,675.5,455.5,587.795,381.19,0.834884
158,5.27194,2,4,453.393,404.729,342.994,334.783,0.716667
158,5.27194,3,3,543.088,371.912,437.544,296.229,0.889189
158,5.27194,4,3,328.786,333.321,202.497,262.701,0.874194
158,5.27194,6,4,658.441,292.5,555.918,206.86,0.748171
158,5.27194,7,4,541.5,261.5,426.996,177.969,0.89375
158,5.27194,8,3,725.5,257.5,625.508,166.957,0.891892
158,5.27194,18,3,310.868,215.658,174.17,137.392,0.861783
158,5.27194,5,1,328.541,209.216,192.777,129.864,0.973154
158,5.27194,11,4,842.736,194.429,746.797,95.31,0.887607
158,5.27194,12,4,477.125,193.5,352.062,107.655,0.65
158,5.27194,13,4,279.312,195.688,138.567,117.212,0.718919
158,5.27194,14,2,476.139,160.694,348.422,72.6894,0.741935
158,5.27194,9,3,593.607,146.286,474.032,53.0511,0.9
158,5.27194,15,4,442.722,132.278,310.142,43.6157,0.679921
159,5.30531,1,3,675.5,455.5,587.795,381.19,0.834884
159,5.30531,2,4,453.393,404.729,342.994,334.783,0.716667
159,5.30531,3,3,543.088,371.912,437.544,296.229,0.889189
159,5.30531,4,3,328.786,333.321,202.497,262.701,0.874194
159,5.30531,6,4,658.441,292.5,555.918,206.86,0.748171
159,5.30531,7,4,541.5,261.5,426.996,177.969,0.89375
159,5.30531,8,3,725.5,257.5,625.508,166.957,0.891892
159,5.30531,18,3,310.868,215.658,174.17,137.392,0.861783
159,5.30531,5,1,328.541,209.216,192.777,129.864,0.973154
159,5.30531,11,4,842.736,194.429,746.797,95.31,0.887607
159,5.30531,12,4,477.125,193.5,352.062,107.655,0.65
159,5.30531,13,4,279.312,195.688,138.567,117.212,0.718919
159,5.30531,14,2,476.139,160.694,348.422,72.6894,0.741935
159,5.30531,9,3,593.093,146.36,473.484,53.1495,0.9
159,5.30531,15,4,442.722,132.278,310.142,43.6157,0.679921
160,5.33867,1,3,675.5,455.5,587.795,381.19,0.834884
160,5.33867,2,4,453.393,404.729,342.994,334.783,0.716667
160,5.33867,3,3,543.088,371.912,437.544,296.229,0.889189
160,5.33867,4,3,328.786,333.321,202.497,262.701,0.874194
160,5.33867,6,4,658.441,292.5,555.918,206.86,0.748171
160,5.33867,7,4,541.5,261.5,426.996,177.969,0.89375
160,5.33867,8,3,725.5,257.5,625.508,166.957,0.891892
160,5.33867,18,3,310.868,215.658,174.17,137.392,0.861783
160,5.33867,5,1,328.541,209.216,192.777,129.864,0.973154
160,5.33867,11,4,842.736,194.429,746.797,95.31,0.887607
160,5.33867,12,4,477.125,193.5,352.062,107.655,0.65
160,5.33867,13,4,279.312,195.688,138.567,117.212,0.718919
160,5.33867,14,2,476.139,160.694,348.422,72.6894,0.741935
160,5.33867,9,3,590.32,147.385,470.574,54.3425,0.9
160,5.33867,15,4,442.722,132.278,310.142,43.6157,0.679921
161,5.37204,1,3,675.5,455.5,587.795,381.19,0.834884
161,5.37204,2,4,453.393,404.729,342.994,334.783,0.716667
161,5.37204,3,3,543.088,371.912,437.544,296.229,0.889189
161,5.37204,4,3,328.786,333.321,202.497,262.701,0.874194
161,5.37204,6,4,658.441,292.5,555.918,206.86,0.748171
161,5.37204,7,4,541.5,261.5,426.996,177.969,0.89375
161,5.37204,8,3,725.5,257.5,625.508,166.957,0.891892
161,5.37204,18,3,310.868,215.658,174.17,137.392,0.861783
161,5.37204,5,1,328.541,209.216,192.777,129.864,0.973154
161,5.37204,11,4,842.736,194.429,746.797,95.31,0.887607
161,5.37204,12,4,477.125,193.5,352.062,107.655,0.65
161,5.37204,13,4,279.312,195.688,138.567,117.212,0.718919
161,5.37204,14,2,476.139,160.694,348.422,72.6894,0.741935
161,5.37204,9,3,589.2,146.6,469.303,53.5465,0.9
161,5.37204,15,4,442.722,132.278,310.142,43.6157,0.679921
162,5.40541,1,3,675.5,455.5,587.795,381.19,0.834884
162,5.40541,2,4,453.393,404.729,342.994,334.783,0.716667
162,5.40541,3,3,543.088,371.912,437.544,296.229,0.889189
162,5.40541,4,3,328.786,333.321,202.497,262.701,0.874194
162,5.40541,6,4,658.441,292.5,555.918,206.86,0.748171
162,5.40541,7,4,541.5,261.5,426.996,177.969,0.89375
162,5.40541,8,3,725.5,257.5,625.508,166.957,0.891892
162,5.40541,18,3,310.868,215.658,174.17,137.392,0.861783
162,5.40541,5,1,328.541,209.216,192.777,129.864,0.973154
162,5.40541,11,4,842.736,194.429,746.797,95.31,0.887607
162,5.40541,12,4,477.125,193.5,352.062,107.655,0.65
162,5.40541,13,4,279.312,195.688,138.567,117.212,0.718919
162,5.40541,14,2,476.139,160.694,348.422,72.6894,0.741935
162,5.40541,9,3,586.192,147.192,466.106,54.2872,0.9
162,5.40541,15,4,442.722,132.278,310.142,43.6157,0.679921
163,5.43877,1,3,675.5,455.5,587.795,381.19,0.834884
163,5.43877,2,4,453.393,404.729,342.994,334.783,0.716667
163,5.43877,3,3,543.088,371.912,437.544,296.229,0.889189
163,5.43877,4,3,328.786,333.321,202.497,262.701,0.874194
163,5.43877,6,4,658.441,292.5,555.918,206.86,0.748171
163,5.43877,7,4,541.5,261.5,426.996,177.969,0.89375
163,5.43877,8,3,725.5,257.5,625.508,166.957,0.891892
163,5.43877,18,3,310.868,215.658,174.17,137.392,0.861783
163,5.43877,5,1,328.541,209.216,192.777,129.864,0.973154
163,5.43877,11,4,842.736,194.429,746.797,95.31,0.887607
163,5.43877,12,4,477.125,193.5,352.062,107.655,0.65
163,5.43877,13,4,279.312,195.688,138.567,117.212,0.718919
163,5.43877,14,2,476.139,160.694,348.422,72.6894,0.741935
163,5.43877,9,3,585.5,147.167,465.357,54.2851,0.9
163,5.43877,15,4,442.722,132.278,310.142,43.6157,0.679921
164,5.47214,1,3,675.5,455.5,587.795,381.19,0.834884
164,5.47214,2,4,453.393,404.729,342.994,334.783,0.716667
164,5.47214,3,3,543.088,371.912,437.544,296.229,0.889189
164,5.47214,4,3,328.786,333.321,202.497,262.701,0.874194
164,5.47214,6,4,658.441,292.5,555.918,206.86,0.748171
164,5.47214,7,4,541.5,261.5,426.996,177.969,0.89375
164,5.47214,8,3,725.5,257.5,625.508,166.957,0.891892
164,5.47214,18,3,310.868,215.658,174.17,137.392,0.861783
164,5.47214,5,1,328.541,209.216,192.777,129.864,0.973154
164,5.47214,11,4,842.736,194.429,746.797,95.31,0.887607
164,5.47214,12,4,477.125,193.5,352.062,107.655,0.65
164,5.47214,13,4,279.312,195.688,138.567,117.212,0.718919
164,5.47214,14,2,476.139,160.694,348.422,72.6894,0.741935
164,5.47214,9,3,585,147.125,464.814,54.2589,0.9
164,5.47214,15,4,442.722,132.278,310.142,43.6157,0.679921
165,5.50551,1,3,675.5,455.5,587.795,381.19,0.834884
165,5.50551,2,4,453.393,404.729,342.994,334.783,0.716667
165,5.50551,3,3,543.088,371.912,437.544,296.229,0.889189
165,5.50551,4,3,328.786,333.321,202.497,262.701,0.874194
165,5.50551,6,4,658.441,292.5,555.918,206.86,0.748171
165,5.50551,7,4,541.5,261.5,426.996,177.969,0.89375
165,5.50551,8,3,725.5,257.5,625.508,166.957,0.891892
165,5.50551,18,3,310.868,215.658,174.17,137.392,0.861783
165,5.50551,5,1,328.541,209.216,192.777,129.864,0.973154
165,5.50551,11,4,842.736,194.429,746.797,95.31,0.887607
165,5.50551,12,4,477.125,193.5,352.062,107.655,0.65
165,5.50551,13,4,279.312,195.688,138.567,117.212,0.718919
165,5.50551,14,2,476.139,160.694,348.422,72.6894,0.741935
165,5.50551,9,3,582.194,148.01,461.858,55.3044,0.9
165,5.50551,15,4,442.722,132.278,310.142,43.6157,0.679921
166,5.53887,1,3,675.5,455.5,587.795,381.19,0.834884
166,5.53887,2,4,453.393,404.729,342.994,334.783,0.716667
166,5.53887,3,3,543.088,371.912,437.544,296.229,0.889189
166,5.53887,4,3,328.786,333.321,202.497,262.701,0.874194
166,5.53887,6,4,658.441,292.5,555.918,206.86,0.748171
166,5.53887,7,4,541.5,261.5,426.996,177.969,0.89375
166,5.53887,8,3,725.5,257.5,625.508,166.957,0.891892
166,5.53887,18,3,310.868,215.658,174.17,137.392,0.861783
166,5.53887,5,1,328.541,209.216,192.777,129.864,0.973154
166,5.53887,11,4,842.736,194.429,746.797,95.31,0.887607
166,5.53887,12,4,477.125,193.5,352.062,107.655,0.65
166,5.53887,13,4,279.312,195.688,138.567,117.212,0.718919
166,5.53887,14,2,476.139,160.694,348.422,72.6894,0.741935
166,5.53887,9,3,581.577,147.731,461.17,55.0291,0.868539
166,5.53887,15,4,442.722,132.278,310.142,43.6157,0.679921
167,5.57224,1,3,675.5,455.5,587.795,381.19,0.834884
167,5.57224,2,4,453.393,404.729,342.994,334.783,0.716667
167,5.57224,3,3,543.088,371.912,437.544,296.229,0.889189
167,5.57224,4,3,328.786,333.321,202.497,262.701,0.874194
167,5.57224,6,4,658.441,292.5,555.918,206.86,0.748171
167,5.57224,7,4,541.5,261.5,426.996,177.969,0.89375
167,5.57224,8,3,725.5,257.5,625.508,166.957,0.891892
167,5.57224,18,3,310.868,215.658,174.17,137.392,0.861783
167,5.57224,5,1,328.541,209.216,192.777,129.864,0.973154
167,5.57224,11,4,842.736,194.429,746.797,95.31,0.887607
167,5.57224,12,4,477.125,193.5,352.062,107.655,0.65
167,5.57224,13,4,279.312,195.688,138.567,117.212,0.718919
167,5.57224,14,2,476.139,160.694,348.422,72.6894,0.741935
167,5.57224,9,4,579.655,147.82,459.104,55.1945,0.651064
167,5.57224,15,4,442.722,132.278,310.142,43.6157,0.679921
168,5.60561,1,3,675.5,455.5,587.795,381.19,0.834884
168,5.60561,2,4,453.393,404.729,342.994,334.783,0.716667
168,5.60561,3,3,543.088,371.912,437.544,296.229,0.889189
168,5.60561,4,3,328.786,333.321,202.497,262.701,0.874194
168,5.60561,6,4,658.441,292.5,555.918,206.86,0.748171
168,5.60561,7,4,541.5,261.5,426.996,177.969,0.89375
168,5.60561,8,3,725.5,257.5,625.508,166.957,0.891892
168,5.60561,18,3,310.868,215.658,174.17,137.392,0.861783
168,5.60561,5,1,328.541,209.216,192.777,129.864,0.973154
168,5.60561,11,4,842.736,194.429,746.797,95.31,0.887607
168,5.60561,12,4,477.125,193.5,352.062,107.655,0.65
168,5.60561,13,4,279.312,195.688,138.567,117.212,0.718919
168,5.60561,14,2,476.139,160.694,348.422,72.6894,0.741935
168,5.60561,9,3,578.667,148.333,458.078,55.7772,0.834545
168,5.60561,15,4,442.722,132.278,310.142,43.6157,0.679921
169,5.63897,1,3,675.5,455.5,587.795,381.19,0.834884
169,5.63897,2,4,453.393,404.729,342.994,334.783,0.716667
169,5.63897,3,3,543.088,371.912,437.544,296.229,0.889189
169,5.63897,4,3,328.786,333.321,202.497,262.701,0.874194
169,5.63897,6,4,658.441,292.5,555.918,206.86,0.748171
169,5.63897,7,4,541.5,261.5,426.996,177.969,0.89375
169,5.63897,8,3,725.5,257.5,625.508,166.957,0.891892
169,5.63897,18,3,310.868,215.658,174.17,137.392,0.861783
169,5.63897,5,1,328.541,209.216,192.777,129.864,0.973154
169,5.63897,11,4,842.736,194.429,746.797,95.31,0.887607
169,5.63897,12,4,477.125,193.5,352.062,107.655,0.65
169,5.63897,13,4,279.312,195.688,138.567,117.212,0.718919
169,5.63897,14,2,476.139,160.694,348.422,72.6894,0.741935
169,5.63897,9,3,576.618,148.382,455.872,55.9041,0.840741
169,5.63897,15,4,442.722,132.278,310.142,43.6157,0.679921
170,5.67234,1,3,675.5,455.5,587.795,381.19,0.834884
170,5.67234,2,4,453.393,404.729,342.994,334.783,0.716667
170,5.67234,3,3,543.088,371.912,437.544,296.229,0.889189
170,5.67234,4,3,328.786,333.321,202.497,262.701,0.874194
170,5.67234,6,4,658.441,292.5,555.918,206.86,0.748171
170,5.67234,7,4,541.5,261.5,426.996,177.969,0.89375
170,5.67234,8,3,725.5,257.5,625.508,166.957,0.891892
170,5.67234,18,3,310.868,215.658,174.17,137.392,0.861783
170,5.67234,5,1,328.541,209.216,192.777,129.864,0.973154
170,5.67234,11,4,842.736,194.429,746.797,95.31,0.887607
170,5.67234,12,4,477.125,193.5,352.062,107.655,0.65
170,5.67234,13,4,279.312,195.688,138.567,117.212,0.718919
170,5.67234,14,2,476.139,160.694,348.422,72.6894,0.741935
170,5.67234,9,4,575.5,149,454.715,56.603,0.675
170,5.67234,15,4,442.722,132.278,310.142,43.6157,0.679921
171,5.70571,1,3,675.5,455.5,587.795,381.19,0.834884
171,5.70571,2,4,453.393,404.729,342.994,334.783,0.716667
171,5.70571,3,3,543.088,371.912,437.544,296.229,0.889189
171,5.70571,4,3,328.786,333.321,202.497,262.701,0.874194
171,5.70571,6,4,658.441,292.5,555.918,206.86,0.748171
171,5.70571,7,4,541.5,261.5,426.996,177.969,0.89375
171,5.70571,8,3,725.5,257.5,625.508,166.957,0.891892
171,5.70571,18,3,310.868,215.658,174.17,137.392,0.861783
171,5.70571,5,1,328.541,209.216,192.777,129.864,0.973154
171,5.70571,11,4,842.736,194.429,746.797,95.31,0.887607
171,5.70571,12,4,477.125,193.5,352.062,107.655,0.65
171,5.70571,13,4,279.312,195.688,138.567,117.212,0.718919
171,5.70571,14,2,476.139,160.694,348.422,72.6894,0.741935
171,5.70571,9,4,574.167,149.5,453.317,57.1845,0.65
171,5.70571,15,4,442.722,132.278,310.142,43.6157,0.679921
172,5.73907,1,3,675.5,455.5,587.795,381.19,0.834884
172,5.73907,2,4,453.393,404.729,342.994,334.783,0.716667
172,5.73907,3,3,543.088,371.912,437.544,296.229,0.889189
172,5.73907,4,3,328.786,333.321,202.497,262.701,0.874194
172,5.73907,6,4,658.441,292.5,555.918,206.86,0.748171
172,5.73907,7,4,541.5,261.5,426.996,177.969,0.89375
172,5.73907,8,3,725.5,257.5,625.508,166.957,0.891892
172,5.73907,18,3,310.868,215.658,174.17,137.392,0.861783
172,5.73907,5,1,328.541,209.216,192.777,129.864,0.973154
172,5.73907,11,4,842.736,194.429,746.797,95.31,0.887607
172,5.73907,12,4,477.125,193.5,352.062,107.655,0.65
172,5.73907,13,4,279.312,195.688,138.567,117.212,0.718919
172,5.73907,14,2,476.139,160.694,348.422,72.6894,0.741935
172,5.73907,9,3,573.02,148.62,452.009,56.2883,0.821569
172,5.73907,15,4,442.722,132.278,310.142,43.6157,0.679921
173,5.77244,1,3,675.5,455.5,587.795,381.19,0.834884
173,5.77244,2,4,453.393,404.729,342.994,334.783,0.716667
173,5.77244,3,3,543.088,371.912,437.544,296.229,0.889189
173,5.77244,4,3,328.786,333.321,202.497,262.701,0.874194
173,5.77244,6,4,658.441,292.5,555.918,206.86,0.748171
173,5.77244,7,4,541.5,261.5,426.996,177.969,0.89375
173,5.77244,8,3,725.5,257.5,625.508,166.957,0.891892
173,5.77244,18,3,310.868,215.658,174.17,137.392,0.861783
173,5.77244,5,1,328.541,209.216,192.777,129.864,0.973154
173,5.77244,11,4,842.736,194.429,746.797,95.31,0.887607
173,5.77244,12,4,477.125,193.5,352.062,107.655,0.65
173,5.77244,13,4,279.312,195.688,138.567,117.212,0.718919
173,5.77244,14,2,476.139,160.694,348.422,72.6894,0.741935
173,5.77244,9,3,571.677,148.708,450.568,56.4314,0.840741
173,5.77244,15,4,442.722,132.278,310.142,43.6157,0.679921
174,5.80581,1,3,675.5,455.5,587.795,381.19,0.834884
174,5.80581,2,4,453.393,404.729,342.994,334.783,0.716667
174,5.80581,3,3,543.088,371.912,437.544,296.229,0.889189
174,5.80581,4,3,328.786,333.321,202.497,262.701,0.874194
174,5.80581,6,4,658.441,292.5,555.918,206.86,0.748171
174,5.80581,7,4,541.5,261.5,426.996,177.969,0.89375
174,5.80581,8,3,725.5,257.5,625.508,166.957,0.891892
174,5.80581,18,3,310.868,215.658,174.17,137.392,0.861783
174,5.80581,5,1,328.541,209.216,192.777,129.864,0.973154
174,5.80581,11,4,842.736,194.429,746.797,95.31,0.887607
174,5.80581,12,4,477.125,193.5,352.062,107.655,0.65
174,5.80581,13,4,279.312,195.688,138.567,117.212,0.718919
174,5.80581,14,2,476.139,160.694,348.422,72.6894,0.741935
174,5.80581,9,3,569.875,149.344,448.674,57.1742,0.891304
174,5.80581,15,4,442.722,132.278,310.142,43.6157,0.679921
175,5.83917,1,3,675.5,455.5,587.795,381.19,0.834884
175,5.83917,2,4,453.393,404.729,342.994,334.783,0.716667
175,5.83917,3,3,543.088,371.912,437.544,296.229,0.889189
175,5.83917,4,3,328.786,333.321,202.497,262.701,0.874194
175,5.83917,6,4,658.441,292.5,555.918,206.86,0.748171
175,5.83917,7,4,541.5,261.5,426.996,177.969,0.89375
175,5.83917,8,3,725.5,257.5,625.508,166.957,0.891892
175,5.83917,18,3,310.868,215.658,174.17,137.392,0.861783
175,5.83917,5,1,328.541,209.216,192.777,129.864,0.973154
175,5.83917,11,4,842.736,194.429,746.797,95.31,0.887607
175,5.83917,12,4,477.125,193.5,352.062,107.655,0.65
175,5.83917,13,4,279.312,195.688,138.567,117.212,0.718919
175,5.83917,14,2,476.139,160.694,348.422,72.6894,0.741935
175,5.83917,9,3,568.773,149.114,447.466,56.9691,0.9
175,5.83917,15,4,442.722,132.278,310.142,43.6157,0.679921
176,5.87254,1,3,675.5,455.5,587.795,381.19,0.834884
176,5.87254,2,4,453.393,404.729,342.994,334.783,0.716667
176,5.87254,3,3,543.088,371.912,437.544,296.229,0.889189
176,5.87254,4,3,328.786,333.321,202.497,262.701,0.874194
176,5.87254,6,4,658.441,292.5,555.918,206.86,0.748171
176,5.87254,7,4,541.5,261.5,426.996,177.969,0.89375
176,5.87254,8,3,725.5,257.5,625.508,166.957,0.891892
176,5.87254,18,3,310.868,215.658,174.17,137.392,0.861783
176,5.87254,5,1,328.541,209.216,192.777,129.864,0.973154
176,5.87254,11,4,842.736,194.429,746.797,95.31,0.887607
176,5.87254,12,4,477.125,193.5,352.062,107.655,0.65
176,5.87254,13,4,279.312,195.688,138.567,117.212,0.718919
176,5.87254,14,2,476.139,160.694,348.422,72.6894,0.741935
176,5.87254,9,3,568,149,446.624,56.8761,0.9
176,5.87254,15,4,442.722,132.278,310.142,43.6157,0.679921
177,5.90591,1,3,675.5,455.5,587.795,381.19,0.834884
177,5.90591,2,4,453.393,404.729,342.994,334.783,0.716667
177,5.90591,3,3,543.088,371.912,437.544,296.229,0.889189
177,5.90591,4,3,328.786,333.321,202.497,262.701,0.874194
177,5.90591,6,4,658.441,292.5,555.918,206.86,0.748171
177,5.90591,7,4,541.5,261.5,426.996,177.969,0.89375
177,5.90591,8,3,725.5,257.5,625.508,166.957,0.891892
177,5.90591,18,3,310.868,215.658,174.17,137.392,0.861783
177,5.90591,5,1,328.541,209.216,192.777,129.864,0.973154
177,5.90591,11,4,842.736,194.429,746.797,95.31,0.887607
177,5.90591,12,4,477.125,193.5,352.062,107.655,0.65
177,5.90591,13,4,279.312,195.688,138.567,117.212,0.718919
177,5.90591,14,2,476.139,160.694,348.422,72.6894,0.741935
177,5.90591,9,3,566.19,149.569,444.716,57.5484,0.9
177,5.90591,15,4,442.722,132.278,310.142,43.6157,0.679921
178,5.93927,1,3,675.5,455.5,587.795,381.19,0.834884
178,5.93927,2,4,453.393,404.729,342.994,334.783,0.716667
178,5.93927,3,3,543.088,371.912,437.544,296.229,0.889189
178,5.93927,4,3,328.786,333.321,202.497,262.701,0.874194
178,5.93927,6,4,658.441,292.5,555.918,206.86,0.748171
178,5.93927,7,4,541.5,261.5,426.996,177.969,0.89375
178,5.93927,8,3,725.5,257.5,625.508,166.957,0.891892
178,5.93927,18,3,310.868,215.658,174.17,137.392,0.861783
178,5.93927,5,1,328.541,209.216,192.777,129.864,0.973154
178,5.93927,11,4,842.736,194.429,746.797,95.31,0.887607
178,5.93927,12,4,477.125,193.5,352.062,107.655,0.65
178,5.93927,13,4,279.312,195.688,138.567,117.212,0.718919
178,5.93927,14,2,476.139,160.694,348.422,72.6894,0.741935
178,5.93927,9,3,565,149,443.387,56.9853,0.9
178,5.93927,15,4,442.722,132.278,310.142,43.6157,0.679921
179,5.97264,1,3,675.5,455.5,587.795,381.19,0.834884
179,5.97264,2,4,453.393,404.729,342.994,334.783,0.716667
179,5.97264,3,3,543.088,371.912,437.544,296.229,0.889189
179,5.97264,4,3,328.786,333.321,202.497,262.701,0.874194
179,5.97264,6,4,658.441,292.5,555.918,206.86,0.748171
179,5.97264,7,4,541.5,261.5,426.996,177.969,0.89375
179,5.97264,8,3,725.5,257.5,625.508,166.957,0.891892
179,5.97264,18,3,310.868,215.658,174.17,137.392,0.861783
179,5.97264,5,1,328.541,209.216,192.777,129.864,0.973154
179,5.97264,11,4,842.736,194.429,746.797,95.31,0.887607
179,5.97264,12,4,477.125,193.5,352.062,107.655,0.65
179,5.97264,13,4,279.312,195.688,138.567,117.212,0.718919
179,5.97264,14,2,476.139,160.694,348.422,72.6894,0.741935
179,5.97264,9,3,564.125,149.375,442.473,57.4169,0.9
179,5.97264,15,4,442.722,132.278,310.142,43.6157,0.679921
180,6.00601,1,3,675.5,455.5,587.795,381.19,0.834884
180,6.00601,2,4,453.393,404.729,342.994,334.783,0.716667
180,6.00601,3,3,543.088,371.912,437.544,296.229,0.889189
180,6.00601,4,3,328.786,333.321,202.497,262.701,0.874194
180,6.00601,6,4,658.441,292.5,555.918,206.86,0.748171
180,6.00601,7,4,541.5,261.5,426.996,177.969,0.89375
180,6.00601,8,3,725.5,257.5,625.508,166.957,0.891892
180,6.00601,18,3,310.868,215.658,174.17,137.392,0.861783
180,6.00601,5,1,328.541,209.216,192.777,129.864,0.973154
180,6.00601,11,4,842.736,194.429,746.797,95.31,0.887607
180,6.00601,12,4,477.125,193.5,352.062,107.655,0.65
180,6.00601,13,4,279.5,195.5,138.755,117.005,0.715541
180,6.00601,14,2,476.139,160.694,348.422,72.6894,0.741935
180,6.00601,9,3,563.4,149.5,441.701,57.5765,0.9
180,6.00601,15,4,442.722,132.278,310.142,43.6157,0.679921
181,6.03937,1,3,675.5,455.5,587.795,381.19,0.834884
181,6.03937,2,4,453.393,404.729,342.994,334.783,0.716667
181,6.03937,3,3,543.088,371.912,437.544,296.229,0.889189
181,6.03937,4,3,328.786,333.321,202.497,262.701,0.874194
181,6.03937,6,4,658.441,292.5,555.918,206.86,0.748171
181,6.03937,7,4,541.5,261.5,426.996,177.969,0.89375
181,6.03937,8,3,725.5,257.5,625.508,166.957,0.891892
181,6.03937,18,3,310.868,215.658,174.17,137.392,0.861783
181,6.03937,5,1,328.541,209.216,192.777,129.864,0.973154
181,6.03937,11,4,842.736,194.429,746.797,95.31,0.887607
181,6.03937,12,4,477.125,193.5,352.062,107.655,0.65
181,6.03937,13,4,279.5,195.5,138.755,117.005,0.715541
181,6.03937,14,2,476.139,160.694,348.422,72.6894,0.741935
181,6.03937,9,3,561.213,149.298,439.325,57.4407,0.9
181,6.03937,15,4,442.722,132.278,310.142,43.6157,0.679921
182,6.07274,1,3,675.5,455.5,587.795,381.19,0.834884
182,6.07274,2,4,453.393,404.729,342.994,334.783,0.716667
182,6.07274,3,3,543.088,371.912,437.544,296.229,0.889189
182,6.07274,4,3,328.786,333.321,202.497,262.701,0.874194
182,6.07274,6,4,658.441,292.5,555.918,206.86,0.748171
182,6.07274,7,4,541.5,261.5,426.996,177.969,0.89375
182,6.07274,8,3,725.5,257.5,625.508,166.957,0.891892
182,6.07274,18,3,310.868,215.658,174.17,137.392,0.861783
182,6.07274,5,1,328.541,209.216,192.777,129.864,0.973154
182,6.07274,11,4,842.736,194.429,746.797,95.31,0.887607
182,6.07274,12,4,477.125,193.5,352.062,107.655,0.65
182,6.07274,13,4,279.5,195.5,138.755,117.005,0.715541
182,6.07274,14,2,476.139,160.694,348.422,72.6894,0.741935
182,6.07274,9,3,560,149.5,438.032,57.7003,0.9
182,6.07274,15,4,442.722,132.278,310.142,43.6157,0.679921
183,6.10611,1,3,675.5,455.5,587.795,381.19,0.834884
183,6.10611,2,4,453.393,404.729,342.994,334.783,0.716667
183,6.10611,3,3,543.088,371.912,437.544,296.229,0.889189
183,6.10611,4,3,328.786,333.321,202.497,262.701,0.874194
183,6.10611,6,4,658.441,292.5,555.918,206.86,0.748171
183,6.10611,7,4,541.5,261.5,426.996,177.969,0.89375
183,6.10611,8,3,725.5,257.5,625.508,166.957,0.891892
183,6.10611,18,3,310.868,215.658,174.17,137.392,0.861783
183,6.10611,5,1,328.541,209.216,192.777,129.864,0.973154
183,6.10611,11,4,842.736,194.429,746.797,95.31,0.887607
183,6.10611,12,4,477.125,193.5,352.062,107.655,0.65
183,6.10611,13,4,279.5,195.5,138.755,117.005,0.715541
183,6.10611,14,2,476.139,160.694,348.422,72.6894,0.741935
183,6.10611,9,3,559.5,149.833,437.52,58.0738,0.873333
183,6.10611,15,4,442.722,132.278,310.142,43.6157,0.679921
184,6.13947,1,3,675.5,455.5,587.795,381.19,0.834884
184,6.13947,2,4,453.393,404.729,342.994,334.783,0.716667
184,6.13947,3,3,543.088,371.912,437.544,296.229,0.889189
184,6.13947,4,3,328.786,333.321,202.497,262.701,0.874194
184,6.13947,6,4,658.441,292.5,555.918,206.86,0.748171
184,6.13947,7,4,541.5,261.5,426.996,177.969,0.89375
184,6.13947,8,3,725.5,257.5,625.508,166.957,0.891892
184,6.13947,18,3,310.868,215.658,174.17,137.392,0.861783
184,6.13947,5,1,328.541,209.216,192.777,129.864,0.973154
184,6.13947,11,4,842.736,194.429,746.797,95.31,0.887607
184,6.13947,12,4,477.125,193.5,352.062,107.655,0.65
184,6.13947,13,4,279.5,195.5,138.755,117.005,0.715541
184,6.13947,14,2,476.139,160.694,348.422,72.6894,0.741935
184,6.13947,9,3,558.188,150,436.117,58.2992,0.865591
184,6.13947,15,4,442.722,132.278,310.142,43.6157,0.679921
185,6.17284,1,3,675.5,455.5,587.795,381.19,0.834884
185,6.17284,2,4,453.393,404.729,342.994,334.783,0.716667
185,6.17284,3,3,543.088,371.912,437.544,296.229,0.889189
185,6.17284,4,3,328.786,333.321,202.497,262.701,0.874194
185,6.17284,6,4,658.441,292.5,555.918,206.86,0.748171
185,6.17284,7,4,541.5,261.5,426.996,177.969,0.89375
185,6.17284,8,3,725.5,257.5,625.508,166.957,0.891892
185,6.17284,18,3,310.868,215.658,174.17,137.392,0.861783
185,6.17284,5,1,328.541,209.216,192.777,129.864,0.973154
185,6.17284,11,4,842.736,194.429,746.797,95.31,0.887607
185,6.17284,12,4,477.125,193.5,352.062,107.655,0.65
185,6.17284,13,4,279.5,195.5,138.755,117.005,0.715541
185,6.17284,14,2,476.139,160.694,348.422,72.6894,0.741935
185,6.17284,9,3,557.488,149.657,435.335,57.9587,0.839785
185,6.17284,15,4,442.722,132.278,310.142,43.6157,0.679921
186,6.20621,1,3,675.5,455.5,587.795,381.19,0.834884
186,6.20621,2,4,453.393,404.729,342.994,334.783,0.716667
186,6.20621,3,3,543.088,371.912,437.544,296.229,0.889189
186,6.20621,4,3,328.786,333.321,202.497,262.701,0.874194
186,6.20621,6,4,658.441,292.5,555.918,206.86,0.748171
186,6.20621,7,4,541.5,261.5,426.996,177.969,0.89375
186,6.20621,8,3,725.5,257.5,625.508,166.957,0.891892
186,6.20621,18,3,310.868,215.658,174.17,137.392,0.861783
186,6.20621,5,1,328.541,209.216,192.777,129.864,0.973154
186,6.20621,11,4,842.736,194.429,746.797,95.31,0.887607
186,6.20621,12,4,477.125,193.5,352.062,107.655,0.65
186,6.20621,13,4,279.5,195.5,138.755,117.005,0.715541
186,6.20621,14,2,476.139,160.694,348.422,72.6894,0.741935
186,6.20621,9,3,556.677,149.613,434.457,57.9416,0.836842
186,6.20621,15,4,442.722,132.278,310.142,43.6157,0.679921
