frame,time_s,track_id,class,x,y,map_x,map_y,confidence
0,0,1,3,837.167,440.056,771.082,392.788,0.864706
0,0,2,3,215.5,437,32.8798,392.709,0.886301
0,0,3,4,689.172,430.858,595.711,385.813,0.719255
0,0,4,3,578.5,359.833,466.456,323.784,0.825455
0,0,5,3,271.815,331.371,68.2644,298.21,0.749107
0,0,6,4,525,322.5,397.844,287.87,0.660976
0,0,7,3,409.5,263.5,236.023,225.969,0.829787
0,0,8,3,782.728,246.032,765.527,202.875,0.877401
0,0,9,3,269.821,244.196,34.8276,204.983,0.853299
0,0,10,2,707,234.714,659.763,190.055,0.773649
0,0,11,3,661.5,234.833,593.811,190.593,0.852174
0,0,12,3,369,221.848,169.589,177.432,0.794428
0,0,13,4,743.5,219.5,717.647,171.124,0.67
0,0,14,3,610,212.786,521.927,163.975,0.762816
0,0,15,3,626.073,166.514,552.79,102.625,0.741221
0,0,16,4,647.5,153.763,588.737,84.3718,0.764015
0,0,17,1,483,149.4,329.155,80.045,0.847561
0,0,18,3,472.2,174.6,314.855,115.441,0.817576
1,0.0333667,1,3,836.409,441.182,769.824,393.71,0.86763
1,0.0333667,2,3,215,438,32.6147,393.521,0.88125
1,0.0333667,3,4,689.116,430.612,595.683,385.61,0.723846
1,0.0333667,4,3,578.5,359.833,466.456,323.784,0.830909
1,0.0333667,5,4,272,331.16,68.4369,298.001,0.651399
1,0.0333667,6,4,525,322.5,397.844,287.87,0.669512
1,0.0333667,7,3,409.5,263.5,236.023,225.969,0.842169
1,0.0333667,8,3,782.728,246.032,765.527,202.875,0.875141
1,0.0333667,9,3,269.629,243.274,34.1997,203.909,0.83
1,0.0333667,10,2,707,234.714,659.763,190.055,0.800676
1,0.0333667,11,3,661.5,234.929,593.793,190.707,0.848905
1,0.0333667,13,4,743.935,220.196,718.06,171.984,0.665108
1,0.0333667,12,4,369,221.848,169.589,177.432,0.654106
1,0.0333667,14,3,609.402,212.615,521.063,163.766,0.762687
1,0.0333667,15,3,625.653,166.686,552.107,102.87,0.750746
1,0.0333667,16,4,647.5,153.5,588.791,83.9946,0.772656
1,0.0333667,19,4,570.6,264.6,460.878,225.963,0.66036
1,0.0333667,18,3,473.4,173.4,316.57,113.794,0.836111
1,0.0333667,20,3,449.4,117,271.034,32.0286,0.750485
1,0.0333667,21,3,576.6,274.2,468.698,236.632,0.826644
1,0.0333667,17,1,481.8,147,327.034,76.593,0.909091
2,0.0667334,1,3,836.409,441.182,769.824,393.71,0.86763
2,0.0667334,2,3,215,438,32.6147,393.521,0.88125
2,0.0667334,3,4,689.137,430.627,595.706,385.622,0.725385
2,0.0667334,4,3,578.5,359.833,466.456,323.784,0.83
2,0.0667334,5,4,272,331.16,68.4369,298.001,0.650233
2,0.0667334,6,4,525,322.5,397.844,287.87,0.669512
2,0.0667334,7,3,409.5,263.5,236.023,225.969,0.842169
2,0.0667334,8,3,782.728,246.032,765.527,202.875,0.875141
2,0.0667334,9,3,269.629,243.274,34.1997,203.909,0.83
2,0.0667334,10,2,707,234.714,659.763,190.055,0.790541
2,0.0667334,11,3,661.5,234.929,593.793,190.707,0.848905
2,0.0667334,13,4,743.935,220.196,718.06,171.984,0.665108
2,0.0667334,12,4,369,221.848,169.589,177.432,0.652639
2,0.0667334,14,3,609.402,212.615,521.063,163.766,0.762687
2,0.0667334,15,3,625.653,166.686,552.107,102.87,0.750746
2,0.0667334,16,4,647.5,153.5,588.791,83.9946,0.772656
2,0.0667334,17,1,483,149.4,329.155,80.045,0.865854
2,0.0667334,21,3,576.6,274.2,468.698,236.632,0.826644
2,0.0667334,20,3,449.4,117,271.034,32.0286,0.752427
2,0.0667334,18,3,473.4,173.4,316.57,113.794,0.822523
3,0.1001,1,3,836.409,441.182,769.824,393.71,0.86763
3,0.1001,2,3,215,438,32.6147,393.521,0.88125
3,0.1001,3,4,689.137,430.627,595.706,385.622,0.725385
3,0.1001,4,3,578.5,359.833,466.456,323.784,0.83
3,0.1001,5,4,272,331.16,68.4369,298.001,0.650233
3,0.1001,6,4,525,322.5,397.844,287.87,0.669512
3,0.1001,7,3,409.5,263.5,236.023,225.969,0.842169
3,0.1001,8,3,782.728,246.032,765.527,202.875,0.875141
3,0.1001,9,3,269.629,243.274,34.1997,203.909,0.83
3,0.1001,10,2,707,234.714,659.763,190.055,0.790541
3,0.1001,11,3,661.5,234.929,593.793,190.707,0.848905
3,0.1001,13,4,743.935,220.196,718.06,171.984,0.665108
3,0.1001,12,4,369,221.848,169.589,177.432,0.652639
3,0.1001,14,3,609.402,212.615,521.063,163.766,0.762687
3,0.1001,15,3,625.653,166.686,552.107,102.87,0.750746
3,0.1001,16,4,647.5,153.5,588.791,83.9946,0.772656
3,0.1001,17,1,483,149.4,329.155,80.045,0.841463
3,0.1001,19,4,570.6,264.6,460.878,225.963,0.66036
3,0.1001,20,3,449.4,117,271.034,32.0286,0.748544
3,0.1001,18,3,473.4,173.4,316.57,113.794,0.834722
3,0.1001,21,3,576.6,274.2,468.698,236.632,0.826644
4,0.133467,1,3,836.667,440.667,770.292,393.289,0.856322
4,0.133467,2,3,215,438,32.6147,393.521,0.88125
4,0.133467,3,4,689.137,430.627,595.706,385.622,0.725385
4,0.133467,4,3,578.5,359.833,466.456,323.784,0.83
4,0.133467,5,4,272,331.16,68.4369,298.001,0.650233
4,0.133467,6,4,525,322.5,397.844,287.87,0.667073
4,0.133467,7,3,409.5,263.5,236.023,225.969,0.842169
4,0.133467,8,3,782.728,246.032,765.527,202.875,0.877401
4,0.133467,9,3,269.629,243.274,34.1997,203.909,0.83
4,0.133467,10,2,707,234.714,659.763,190.055,0.790541
4,0.133467,11,3,661.5,234.976,593.784,190.764,0.852941
4,0.133467,13,4,743.935,220.196,718.06,171.984,0.665108
4,0.133467,12,4,369,221.848,169.589,177.432,0.652639
4,0.133467,14,3,609.402,212.615,521.063,163.766,0.762687
4,0.133467,15,3,625.653,166.686,552.107,102.87,0.750746
4,0.133467,16,4,647.5,153.5,588.791,83.9946,0.772656
4,0.133467,17,1,483,149.4,329.155,80.045,0.847561
4,0.133467,19,4,570.6,264.6,460.878,225.963,0.66036
4,0.133467,20,3,449.4,117,271.034,32.0286,0.748544
4,0.133467,21,3,576.6,274.2,468.698,236.632,0.826644
4,0.133467,18,3,473.4,173.4,316.57,113.794,0.820721
5,0.166834,1,3,836.667,440.667,770.292,393.289,0.856322
5,0.166834,2,3,215,438,32.6147,393.521,0.88125
5,0.166834,3,4,689.137,430.627,595.706,385.622,0.725385
5,0.166834,4,3,578.5,359.833,466.456,323.784,0.830909
5,0.166834,5,4,272,331.16,68.4369,298.001,0.650233
5,0.166834,6,4,525,322.5,397.844,287.87,0.667073
5,0.166834,7,3,409.5,263.5,236.023,225.969,0.842169
5,0.166834,8,3,782.728,246.032,765.527,202.875,0.877401
5,0.166834,9,3,269.629,243.274,34.1997,203.909,0.83
5,0.166834,10,2,707,234.714,659.763,190.055,0.793919
5,0.166834,11,3,661.5,234.976,593.784,190.764,0.852941
5,0.166834,13,4,743.935,220.196,718.06,171.984,0.665108
5,0.166834,12,4,369,221.848,169.589,177.432,0.652639
5,0.166834,14,3,609.402,212.615,521.063,163.766,0.762687
5,0.166834,15,3,625.653,166.686,552.107,102.87,0.750746
5,0.166834,16,4,647.5,153.5,588.791,83.9946,0.772656
5,0.166834,19,4,570.6,264.6,460.878,225.963,0.66036
5,0.166834,21,3,576.6,274.2,468.698,236.632,0.826644
5,0.166834,20,3,449.4,117,271.034,32.0286,0.754369
5,0.166834,18,3,473.4,173.4,316.57,113.794,0.822523
6,0.2002,1,3,836.667,440.667,770.292,393.289,0.856322
6,0.2002,2,3,215,438,32.6147,393.521,0.88125
6,0.2002,3,4,689.137,430.627,595.706,385.622,0.725385
6,0.2002,4,3,578.5,359.833,466.456,323.784,0.830909
6,0.2002,5,4,272,331.16,68.4369,298.001,0.650233
6,0.2002,6,4,525,322.5,397.844,287.87,0.667073
6,0.2002,7,3,409.5,263.5,236.023,225.969,0.842169
6,0.2002,8,3,782.728,246.032,765.527,202.875,0.877401
6,0.2002,9,3,269.629,243.274,34.1997,203.909,0.83
6,0.2002,10,2,707,234.714,659.763,190.055,0.793919
6,0.2002,11,3,661.5,234.976,593.784,190.764,0.852941
6,0.2002,13,4,743.935,220.196,718.06,171.984,0.665108
6,0.2002,12,4,369,221.848,169.589,177.432,0.652639
6,0.2002,14,3,609.402,212.615,521.063,163.766,0.762687
6,0.2002,15,3,625.653,166.686,552.107,102.87,0.750746
6,0.2002,16,4,647.5,153.5,588.791,83.9946,0.772656
6,0.2002,19,4,570.6,264.6,460.878,225.963,0.66036
6,0.2002,21,3,576.6,274.2,468.698,236.632,0.826644
6,0.2002,20,3,449.4,117,271.034,32.0286,0.754369
6,0.2002,18,3,473.4,173.4,316.57,113.794,0.822523
7,0.233567,1,3,836.667,440.667,770.292,393.289,0.856322
7,0.233567,2,3,215,438,32.6147,393.521,0.88125
7,0.233567,3,4,689.137,430.627,595.706,385.622,0.725385
7,0.233567,4,3,578.5,359.833,466.456,323.784,0.830909
7,0.233567,5,4,272,331.16,68.4369,298.001,0.650233
7,0.233567,6,4,525,322.5,397.844,287.87,0.667073
7,0.233567,7,3,409.5,263.5,236.023,225.969,0.842169
7,0.233567,8,3,782.728,246.032,765.527,202.875,0.877401
7,0.233567,9,3,269.629,243.274,34.1997,203.909,0.83
7,0.233567,10,2,707,234.714,659.763,190.055,0.793919
7,0.233567,11,3,661.5,234.976,593.784,190.764,0.852941
7,0.233567,13,4,743.935,220.196,718.06,171.984,0.665108
7,0.233567,12,4,369,221.848,169.589,177.432,0.652639
7,0.233567,14,3,609.402,212.615,521.063,163.766,0.762687
7,0.233567,15,3,625.653,166.686,552.107,102.87,0.750746
7,0.233567,16,4,647.5,153.5,588.791,83.9946,0.772656
7,0.233567,20,3,450.6,115.8,272.802,30.1477,0.77
7,0.233567,19,4,570.6,264.6,460.878,225.963,0.66036
7,0.233567,18,3,473.4,173.4,316.57,113.794,0.820721
8,0.266934,1,3,836.667,440.667,770.292,393.289,0.856322
8,0.266934,2,3,215,438,32.6147,393.521,0.88125
8,0.266934,3,4,689.137,430.627,595.706,385.622,0.725385
8,0.266934,4,3,578.5,359.833,466.456,323.784,0.830909
8,0.266934,5,4,272,331.16,68.4369,298.001,0.650233
8,0.266934,6,4,525,322.5,397.844,287.87,0.667073
8,0.266934,7,3,409.5,263.5,236.023,225.969,0.842169
8,0.266934,8,3,782.728,246.032,765.527,202.875,0.877401
8,0.266934,9,3,269.629,243.274,34.1997,203.909,0.83
8,0.266934,10,2,707,234.714,659.763,190.055,0.793919
8,0.266934,11,3,661.5,234.976,593.784,190.764,0.852941
8,0.266934,13,4,743.935,220.196,718.06,171.984,0.665108
8,0.266934,12,4,369,221.848,169.589,177.432,0.652639
8,0.266934,14,3,609.402,212.615,521.063,163.766,0.762687
8,0.266934,18,3,472.312,171,314.646,110.523,0.853265
8,0.266934,15,3,625.653,166.686,552.107,102.87,0.750746
8,0.266934,16,4,647.5,153.5,588.791,83.9946,0.772656
8,0.266934,17,1,489.691,152.966,339.998,85.0823,0.718615
8,0.266934,21,3,576.6,274.2,468.698,236.632,0.828028
8,0.266934,20,3,449.4,117,271.034,32.0286,0.740777
9,0.3003,1,3,836.667,440.667,770.292,393.289,0.856322
9,0.3003,2,3,215,438,32.6147,393.521,0.88125
9,0.3003,3,4,689.137,430.627,595.706,385.622,0.725385
9,0.3003,4,3,578.5,359.833,466.456,323.784,0.830909
9,0.3003,5,4,272,331.16,68.4369,298.001,0.650233
9,0.3003,6,4,525,322.5,397.844,287.87,0.667073
9,0.3003,7,3,409.5,263.5,236.023,225.969,0.842169
9,0.3003,8,3,782.728,246.032,765.527,202.875,0.877401
9,0.3003,9,3,269.629,243.274,34.1997,203.909,0.83
9,0.3003,10,2,707,234.714,659.763,190.055,0.793919
9,0.3003,11,3,661.5,234.976,593.784,190.764,0.852941
9,0.3003,13,4,743.935,220.196,718.06,171.984,0.665108
9,0.3003,12,4,369,221.848,169.589,177.432,0.652639
9,0.3003,14,3,609.402,212.615,521.063,163.766,0.762687
9,0.3003,18,3,472.3,171.1,314.638,110.66,0.854167
9,0.3003,15,3,625.653,166.686,552.107,102.87,0.750746
9,0.3003,17,1,496.385,157.038,350.796,90.7976,0.701195
9,0.3003,16,4,647.5,153.5,588.791,83.9946,0.770703
9,0.3003,20,3,449.4,117,271.034,32.0286,0.740777
9,0.3003,21,3,576.6,274.2,468.698,236.632,0.828028
10,0.333667,1,3,836.667,440.667,770.292,393.289,0.856322
10,0.333667,2,3,215,438,32.6147,393.521,0.88125
10,0.333667,3,4,689.137,430.627,595.706,385.622,0.725385
10,0.333667,4,3,578.5,359.833,466.456,323.784,0.830909
10,0.333667,5,4,272,331.16,68.4369,298.001,0.650233
10,0.333667,6,4,525,322.5,397.844,287.87,0.667073
10,0.333667,7,3,409.5,263.5,236.023,225.969,0.842169
10,0.333667,8,3,782.728,246.032,765.527,202.875,0.877401
10,0.333667,9,3,269.629,243.274,34.1997,203.909,0.83
10,0.333667,10,2,707,234.714,659.763,190.055,0.793919
10,0.333667,11,3,661.5,234.976,593.784,190.764,0.852941
10,0.333667,13,4,743.935,220.196,718.06,171.984,0.665108
10,0.333667,12,4,369,221.848,169.589,177.432,0.652639
10,0.333667,14,3,609.402,212.615,521.063,163.766,0.762687
10,0.333667,18,3,472.3,171.1,314.638,110.66,0.854167
10,0.333667,15,3,625.653,166.686,552.107,102.87,0.750746
10,0.333667,17,1,504.088,157.5,362.879,91.3621,0.953608
10,0.333667,16,4,647.5,153.5,588.791,83.9946,0.772656
10,0.333667,21,3,576.6,274.2,468.698,236.632,0.828028
10,0.333667,20,3,449.4,117,271.034,32.0286,0.73662
11,0.367034,1,3,836.667,440.667,770.292,393.289,0.856322
11,0.367034,2,3,215,438,32.6147,393.521,0.88125
11,0.367034,3,4,689.137,430.627,595.706,385.622,0.725385
11,0.367034,4,3,578.5,359.833,466.456,323.784,0.830909
11,0.367034,5,4,272,331.16,68.4369,298.001,0.650233
11,0.367034,6,4,525,322.5,397.844,287.87,0.667073
11,0.367034,7,3,409.5,263.5,236.023,225.969,0.842169
11,0.367034,8,3,782.728,246.032,765.527,202.875,0.877401
11,0.367034,9,3,269.629,243.274,34.1997,203.909,0.83
11,0.367034,10,2,707,234.714,659.763,190.055,0.793919
11,0.367034,11,3,661.5,234.976,593.784,190.764,0.852941
11,0.367034,13,4,743.935,220.196,718.06,171.984,0.665108
11,0.367034,12,4,369,221.848,169.589,177.432,0.652639
11,0.367034,14,3,609.402,212.615,521.063,163.766,0.762687
11,0.367034,18,3,472.3,171.1,314.638,110.66,0.855556
11,0.367034,15,3,625.653,166.686,552.107,102.87,0.750746
11,0.367034,17,1,504.088,157.5,362.879,91.3621,0.953608
11,0.367034,16,4,647.5,153.5,588.791,83.9946,0.772656
11,0.367034,21,3,576.6,274.2,468.698,236.632,0.828028
11,0.367034,20,3,449.4,117,271.034,32.0286,0.73662
12,0.4004,1,3,836,441,769.391,393.563,0.863043
12,0.4004,2,3,215.5,438,33.2027,393.519,0.876208
12,0.4004,3,4,689.116,430.612,595.683,385.61,0.725385
12,0.4004,4,3,578.5,359.833,466.456,323.784,0.829091
12,0.4004,5,4,271.972,331.163,68.4016,298.005,0.654895
12,0.4004,6,4,525,322.5,397.844,287.87,0.664634
12,0.4004,19,4,573.5,270,464.634,231.993,0.688298
12,0.4004,7,3,409.5,263.5,236.023,225.969,0.833735
12,0.4004,8,3,782.5,245,765.58,201.661,0.873469
12,0.4004,9,3,269.5,243,33.9113,203.59,0.824103
12,0.4004,10,2,707,234.714,659.763,190.055,0.817568
12,0.4004,11,3,661.5,234.833,593.811,190.593,0.82029
12,0.4004,13,4,744,220.225,718.147,172.02,0.660108
12,0.4004,12,4,369,221.848,169.589,177.432,0.652639
12,0.4004,14,3,610,212.225,521.994,163.27,0.767148
12,0.4004,18,3,472.3,171.1,314.638,110.66,0.856944
12,0.4004,15,3,626,166.786,552.632,103.004,0.765704
12,0.4004,17,1,510.912,161.5,373.721,96.9188,0.865979
12,0.4004,16,4,647.5,153.5,588.791,83.9946,0.770703
13,0.433767,1,3,836,441,769.391,393.563,0.863043
13,0.433767,2,3,215.5,438,33.2027,393.519,0.876208
13,0.433767,3,4,689.116,430.612,595.683,385.61,0.725385
13,0.433767,4,3,578.5,359.833,466.456,323.784,0.829091
13,0.433767,5,4,271.972,331.163,68.4016,298.005,0.654895
13,0.433767,6,4,525,322.5,397.844,287.87,0.664634
13,0.433767,19,4,573.5,270,464.634,231.993,0.688298
13,0.433767,7,3,409.5,263.5,236.023,225.969,0.833735
13,0.433767,8,3,782.5,245,765.58,201.661,0.873469
13,0.433767,9,3,269.5,243,33.9113,203.59,0.824103
13,0.433767,10,2,707,234.714,659.763,190.055,0.817568
13,0.433767,11,3,661.5,234.833,593.811,190.593,0.82029
13,0.433767,13,4,744,220.225,718.147,172.02,0.660108
13,0.433767,12,4,369,221.848,169.589,177.432,0.652639
13,0.433767,14,3,610,212.225,521.994,163.27,0.767148
13,0.433767,18,3,472.3,171.1,314.638,110.66,0.856944
13,0.433767,15,3,626,166.786,552.632,103.004,0.761372
13,0.433767,17,4,517.664,166.624,384.391,103.989,0.898315
13,0.433767,16,4,647.5,153.5,588.791,83.9946,0.770703
14,0.467134,1,3,836,441,769.391,393.563,0.863043
14,0.467134,2,3,215.5,438,33.2027,393.519,0.876208
14,0.467134,3,4,689.116,430.612,595.683,385.61,0.725385
14,0.467134,4,3,578.5,359.833,466.456,323.784,0.829091
14,0.467134,5,4,271.972,331.163,68.4016,298.005,0.654895
14,0.467134,6,4,525,322.5,397.844,287.87,0.664634
14,0.467134,19,4,573.5,270,464.634,231.993,0.688298
14,0.467134,7,3,409.5,263.5,236.023,225.969,0.833735
14,0.467134,8,3,782.5,245,765.58,201.661,0.873469
14,0.467134,9,3,269.5,243,33.9113,203.59,0.824103
14,0.467134,10,2,707,234.714,659.763,190.055,0.817568
14,0.467134,11,3,661.5,234.833,593.811,190.593,0.82029
14,0.467134,13,4,744,220.225,718.147,172.02,0.660108
14,0.467134,12,4,369,221.848,169.589,177.432,0.652639
14,0.467134,14,3,610,212.225,521.994,163.27,0.767148
14,0.467134,17,1,525.081,169.176,395.926,107.435,0.721739
14,0.467134,18,3,472.3,171.1,314.638,110.66,0.856944
14,0.467134,15,3,626,166.786,552.632,103.004,0.761372
14,0.467134,16,4,647.5,153.5,588.791,83.9946,0.770703
15,0.500501,1,3,836,441,769.391,393.563,0.863043
15,0.500501,2,3,215.5,438,33.2027,393.519,0.876208
15,0.500501,3,4,689.116,430.612,595.683,385.61,0.725385
15,0.500501,4,3,578.5,359.833,466.456,323.784,0.829091
15,0.500501,5,4,271.972,331.163,68.4016,298.005,0.654895
15,0.500501,6,4,525,322.5,397.844,287.87,0.664634
15,0.500501,19,4,573.5,270,464.634,231.993,0.688298
15,0.500501,7,3,409.5,263.5,236.023,225.969,0.833735
15,0.500501,8,3,782.5,245,765.58,201.661,0.873469
15,0.500501,9,3,269.5,243,33.9113,203.59,0.824103
15,0.500501,10,2,707,234.714,659.763,190.055,0.817568
15,0.500501,11,3,661.5,234.833,593.811,190.593,0.82029
15,0.500501,13,4,744,220.225,718.147,172.02,0.660108
15,0.500501,12,4,369,221.848,169.589,177.432,0.652639
15,0.500501,14,3,610,212.225,521.994,163.27,0.767148
15,0.500501,17,4,531.5,172.5,405.864,111.932,0.897656
15,0.500501,18,3,472.3,171.1,314.638,110.66,0.856944
15,0.500501,15,3,626,166.786,552.632,103.004,0.761372
15,0.500501,16,4,647.5,153.5,588.791,83.9946,0.770703
16,0.533867,1,3,836,441,769.391,393.563,0.863043
16,0.533867,2,3,215.5,438,33.2027,393.519,0.876208
16,0.533867,3,4,689.116,430.612,595.683,385.61,0.723846
16,0.533867,4,3,578.5,359.833,466.456,323.784,0.829091
16,0.533867,5,4,271.972,331.163,68.4016,298.005,0.654895
16,0.533867,6,4,525,322.5,397.844,287.87,0.664634
16,0.533867,19,4,573.5,270,464.634,231.993,0.688298
16,0.533867,7,3,409.5,263.5,236.023,225.969,0.833735
16,0.533867,8,3,782.5,245,765.58,201.661,0.873469
16,0.533867,9,3,269.5,243,33.9113,203.59,0.824103
16,0.533867,10,2,707,234.714,659.763,190.055,0.817568
16,0.533867,11,3,661.5,234.833,593.811,190.593,0.82029
16,0.533867,13,4,744,220.225,718.147,172.02,0.660108
16,0.533867,12,4,369,221.848,169.589,177.432,0.652639
16,0.533867,14,3,610,212.225,521.994,163.27,0.767148
16,0.533867,17,4,531.5,172.5,405.864,111.932,0.897656
16,0.533867,18,3,472.3,171.1,314.638,110.66,0.856944
16,0.533867,15,3,626,166.786,552.632,103.004,0.761372
16,0.533867,16,4,647.5,153.5,588.791,83.9946,0.772656
17,0.567234,1,3,836,441,769.391,393.563,0.863043
17,0.567234,2,3,215.5,438,33.2027,393.519,0.876208
17,0.567234,3,4,689.116,430.612,595.683,385.61,0.723846
17,0.567234,4,3,578.5,359.833,466.456,323.784,0.829091
17,0.567234,5,4,271.972,331.163,68.4016,298.005,0.654895
17,0.567234,6,4,525,322.5,397.844,287.87,0.664634
17,0.567234,19,4,573.5,270,464.634,231.993,0.688298
17,0.567234,7,3,409.5,263.5,236.023,225.969,0.833735
17,0.567234,8,3,782.5,245,765.58,201.661,0.873469
17,0.567234,9,3,269.5,243,33.9113,203.59,0.824103
17,0.567234,10,2,707,234.714,659.763,190.055,0.817568
17,0.567234,11,3,661.5,234.833,593.811,190.593,0.82029
17,0.567234,13,4,744,220.225,718.147,172.02,0.660108
17,0.567234,12,4,369,221.848,169.589,177.432,0.652639
17,0.567234,14,3,610,212.225,521.994,163.27,0.767148
17,0.567234,17,1,538.5,174,416.636,113.906,0.821429
17,0.567234,18,3,472.3,171.1,314.638,110.66,0.856944
17,0.567234,15,3,626,166.786,552.632,103.004,0.761372
17,0.567234,16,4,647.5,153.5,588.791,83.9946,0.772656
18,0.600601,1,3,836,441,769.391,393.563,0.863043
18,0.600601,2,3,215.5,438,33.2027,393.519,0.876208
18,0.600601,3,4,689.116,430.612,595.683,385.61,0.723846
18,0.600601,4,3,578.5,359.833,466.456,323.784,0.829091
18,0.600601,5,4,271.972,331.163,68.4016,298.005,0.654895
18,0.600601,6,4,525,322.5,397.844,287.87,0.664634
18,0.600601,19,4,573.5,270,464.634,231.993,0.688298
18,0.600601,7,3,409.5,263.5,236.023,225.969,0.833735
18,0.600601,8,3,782.5,245,765.58,201.661,0.873469
18,0.600601,9,3,269.5,243,33.9113,203.59,0.824103
18,0.600601,10,2,707,234.714,659.763,190.055,0.817568
18,0.600601,11,3,661.5,234.833,593.811,190.593,0.82029
18,0.600601,13,4,744,220.225,718.147,172.02,0.660108
18,0.600601,12,4,369,221.848,169.589,177.432,0.652639
18,0.600601,14,3,610,212.225,521.994,163.27,0.767148
18,0.600601,17,1,545.786,175.429,427.817,115.774,0.945055
18,0.600601,18,3,472.3,171.1,314.638,110.66,0.856944
18,0.600601,15,3,626,166.786,552.632,103.004,0.761372
18,0.600601,16,4,647.5,153.5,588.791,83.9946,0.772656
18,0.600601,20,3,450.6,115.8,272.802,30.1477,0.765
19,0.633967,1,3,836,441,769.391,393.563,0.863043
19,0.633967,2,3,215.5,438,33.2027,393.519,0.876208
19,0.633967,3,4,689.116,430.612,595.683,385.61,0.723846
19,0.633967,4,3,578.5,359.833,466.456,323.784,0.829091
19,0.633967,5,4,271.972,331.163,68.4016,298.005,0.654895
19,0.633967,6,4,525,322.5,397.844,287.87,0.664634
19,0.633967,19,4,573.5,270,464.634,231.993,0.688298
19,0.633967,21,3,565,266,452.984,227.582,0.9
19,0.633967,7,3,409.5,263.5,236.023,225.969,0.833735
19,0.633967,8,3,782.5,245,765.58,201.661,0.873469
19,0.633967,9,3,269.5,243,33.9113,203.59,0.824103
19,0.633967,10,2,707,234.714,659.763,190.055,0.817568
19,0.633967,11,3,661.5,234.833,593.811,190.593,0.82029
19,0.633967,13,4,744,220.225,718.147,172.02,0.660108
19,0.633967,12,4,369,221.848,169.589,177.432,0.652639
19,0.633967,14,3,610,212.225,521.994,163.27,0.767148
19,0.633967,17,1,557.296,184.072,445.162,127.304,0.703297
19,0.633967,18,3,472.3,171.1,314.638,110.66,0.855556
19,0.633967,15,3,626,166.786,552.632,103.004,0.761372
19,0.633967,16,4,647.5,153.5,588.791,83.9946,0.772656
20,0.667334,1,3,836,441,769.391,393.563,0.863043
20,0.667334,2,3,215.5,438,33.2027,393.519,0.876208
20,0.667334,3,4,689.116,430.612,595.683,385.61,0.725385
20,0.667334,4,3,578.5,359.833,466.456,323.784,0.829091
20,0.667334,5,4,271.972,331.163,68.4016,298.005,0.654895
20,0.667334,6,4,525,322.5,397.844,287.87,0.664634
20,0.667334,19,4,573.5,270,464.634,231.993,0.688298
20,0.667334,21,3,565,266,452.984,227.582,0.9
20,0.667334,7,3,409.5,263.5,236.023,225.969,0.833735
20,0.667334,8,3,782.5,245,765.58,201.661,0.873469
20,0.667334,9,3,269.5,243,33.9113,203.59,0.824103
20,0.667334,10,2,707,234.714,659.763,190.055,0.817568
20,0.667334,11,3,661.5,234.833,593.811,190.593,0.82029
20,0.667334,13,4,744,220.225,718.147,172.02,0.660108
20,0.667334,12,4,369,221.848,169.589,177.432,0.652639
20,0.667334,14,3,610,212.225,521.994,163.27,0.767148
20,0.667334,17,1,563.5,186.5,454.489,130.473,0.746094
20,0.667334,18,3,472.3,171.1,314.638,110.66,0.856944
20,0.667334,15,3,626,166.786,552.632,103.004,0.761372
20,0.667334,16,4,647.5,153.5,588.791,83.9946,0.774609
21,0.700701,1,3,836,441,769.391,393.563,0.863043
21,0.700701,2,3,215.5,438,33.2027,393.519,0.876208
21,0.700701,3,4,689.116,430.612,595.683,385.61,0.725385
21,0.700701,4,3,578.5,359.833,466.456,323.784,0.829091
21,0.700701,5,4,271.972,331.163,68.4016,298.005,0.654895
21,0.700701,6,4,525,322.5,397.844,287.87,0.664634
21,0.700701,19,4,573.5,270,464.634,231.993,0.688298
21,0.700701,21,3,565,266,452.984,227.582,0.9
21,0.700701,7,3,409.5,263.5,236.023,225.969,0.833735
21,0.700701,8,3,782.5,245,765.58,201.661,0.873469
21,0.700701,9,3,269.5,243,33.9113,203.59,0.824103
21,0.700701,10,2,707,234.714,659.763,190.055,0.817568
21,0.700701,11,3,661.5,234.833,593.811,190.593,0.82029
21,0.700701,13,4,744,220.225,718.147,172.02,0.660108
21,0.700701,12,4,369,221.848,169.589,177.432,0.652639
21,0.700701,14,3,610,212.225,521.994,163.27,0.767148
21,0.700701,17,1,570.932,189.635,465.585,134.548,0.719008
21,0.700701,18,3,472.3,171.1,314.638,110.66,0.856944
21,0.700701,15,3,626,166.786,552.632,103.004,0.759928
21,0.700701,16,4,647.5,153.5,588.791,83.9946,0.772656
21,0.700701,20,3,449.4,117,271.034,32.0286,0.740777
22,0.734067,1,3,836,441,769.391,393.563,0.863043
22,0.734067,2,3,215.5,438,33.2027,393.519,0.876208
22,0.734067,3,4,689.116,430.612,595.683,385.61,0.725385
22,0.734067,4,3,578.5,359.833,466.456,323.784,0.829091
22,0.734067,5,4,271.972,331.163,68.4016,298.005,0.654895
22,0.734067,6,4,525,322.5,397.844,287.87,0.664634
22,0.734067,19,4,573.5,270,464.634,231.993,0.688298
22,0.734067,21,3,565,266,452.984,227.582,0.9
22,0.734067,7,3,409.5,263.5,236.023,225.969,0.833735
22,0.734067,8,3,782.5,245,765.58,201.661,0.873469
22,0.734067,9,3,269.5,243,33.9113,203.59,0.824103
22,0.734067,10,2,707,234.714,659.763,190.055,0.817568
22,0.734067,11,3,661.5,234.833,593.811,190.593,0.82029
22,0.734067,13,4,744,220.225,718.147,172.02,0.660108
22,0.734067,12,4,369,221.848,169.589,177.432,0.652639
22,0.734067,14,3,610,212.225,521.994,163.27,0.767148
22,0.734067,17,1,577.104,191.764,474.777,137.288,0.773109
22,0.734067,18,3,472.3,171.1,314.638,110.66,0.856944
22,0.734067,15,3,626,166.786,552.632,103.004,0.759928
22,0.734067,16,4,647.5,153.5,588.791,83.9946,0.772656
23,0.767434,1,3,836,441,769.391,393.563,0.863043
23,0.767434,2,3,215.5,438,33.2027,393.519,0.876208
23,0.767434,3,4,689.116,430.612,595.683,385.61,0.725385
23,0.767434,4,3,578.5,359.833,466.456,323.784,0.829091
23,0.767434,5,4,271.972,331.163,68.4016,298.005,0.654895
23,0.767434,6,4,525,322.5,397.844,287.87,0.664634
23,0.767434,19,4,573.5,270,464.634,231.993,0.688298
23,0.767434,21,3,565,266,452.984,227.582,0.9
23,0.767434,7,3,409.5,263.5,236.023,225.969,0.833735
23,0.767434,8,3,782.5,245,765.58,201.661,0.873469
23,0.767434,9,3,269.5,243,33.9113,203.59,0.824103
23,0.767434,10,2,707,234.714,659.763,190.055,0.817568
23,0.767434,11,3,661.5,234.833,593.811,190.593,0.82029
23,0.767434,13,4,744,220.225,718.147,172.02,0.660108
23,0.767434,12,4,369,221.848,169.589,177.432,0.652639
23,0.767434,14,3,610,212.225,521.994,163.27,0.767148
23,0.767434,17,1,583,194.5,483.466,140.812,0.732824
23,0.767434,18,3,472.3,171.1,314.638,110.66,0.854167
23,0.767434,15,3,626,166.786,552.632,103.004,0.759928
23,0.767434,16,4,647.5,153.5,588.791,83.9946,0.772656
24,0.800801,1,3,836,441,769.391,393.563,0.863043
24,0.800801,2,3,215,438,32.6147,393.521,0.879688
24,0.800801,3,4,689.137,430.627,595.706,385.622,0.725385
24,0.800801,4,3,578.5,359.833,466.456,323.784,0.829091
24,0.800801,5,4,272,331.16,68.4369,298.001,0.652564
24,0.800801,6,4,525,322.5,397.844,287.87,0.663415
24,0.800801,19,4,573.5,270,464.634,231.993,0.688298
24,0.800801,7,3,409.5,263.5,236.023,225.969,0.833735
24,0.800801,8,3,782.5,245,765.58,201.661,0.873469
24,0.800801,9,3,269.5,243,33.9113,203.59,0.824103
24,0.800801,10,2,707,234.714,659.763,190.055,0.827703
24,0.800801,11,3,661.5,234.833,593.811,190.593,0.82029
24,0.800801,13,4,744,220.225,718.147,172.02,0.660108
24,0.800801,12,4,369,221.848,169.589,177.432,0.657038
24,0.800801,14,3,610.096,212.223,522.136,163.267,0.750182
24,0.800801,17,1,589,197.079,492.274,144.111,0.796681
24,0.800801,18,3,472.3,171.1,314.638,110.66,0.848611
24,0.800801,15,3,626,166.786,552.632,103.004,0.759928
24,0.800801,16,4,647.5,153.5,588.791,83.9946,0.772656
24,0.800801,20,3,449.4,117,271.034,32.0286,0.757426
25,0.834168,1,3,836,441,769.391,393.563,0.863043
25,0.834168,2,3,215,438,32.6147,393.521,0.879688
25,0.834168,3,4,689.137,430.627,595.706,385.622,0.725385
25,0.834168,4,3,578.5,359.833,466.456,323.784,0.829091
25,0.834168,5,4,272,331.16,68.4369,298.001,0.652564
25,0.834168,6,4,525,322.5,397.844,287.87,0.663415
25,0.834168,19,4,573.5,270,464.634,231.993,0.688298
25,0.834168,7,3,409.5,263.5,236.023,225.969,0.833735
25,0.834168,8,3,782.5,245,765.58,201.661,0.873469
25,0.834168,9,3,269.5,243,33.9113,203.59,0.824103
25,0.834168,10,2,707,234.714,659.763,190.055,0.827703
25,0.834168,11,3,661.5,234.833,593.811,190.593,0.82029
25,0.834168,13,4,744,220.225,718.147,172.02,0.660108
25,0.834168,12,4,369,221.848,169.589,177.432,0.657038
25,0.834168,18,3,472.3,171.1,314.638,110.66,0.848611
25,0.834168,15,3,626,166.786,552.632,103.004,0.759928
25,0.834168,16,4,647.5,153.5,588.791,83.9946,0.772656
25,0.834168,17,1,594.6,198.6,500.54,146.028,0.892523
25,0.834168,20,3,449.4,117,271.034,32.0286,0.757426
26,0.867534,1,3,836,441,769.391,393.563,0.863043
26,0.867534,2,3,215,438,32.6147,393.521,0.879688
26,0.867534,3,4,689.137,430.627,595.706,385.622,0.725385
26,0.867534,4,3,578.5,359.833,466.456,323.784,0.829091
26,0.867534,5,4,272,331.16,68.4369,298.001,0.652564
26,0.867534,6,4,525,322.5,397.844,287.87,0.663415
26,0.867534,19,4,573.5,270,464.634,231.993,0.688298
26,0.867534,7,3,409.5,263.5,236.023,225.969,0.833735
26,0.867534,8,3,782.5,245,765.58,201.661,0.873469
26,0.867534,9,3,269.5,243,33.9113,203.59,0.824103
26,0.867534,10,2,707,234.714,659.763,190.055,0.827703
26,0.867534,11,3,661.5,234.833,593.811,190.593,0.82029
26,0.867534,13,4,744,220.225,718.147,172.02,0.660108
26,0.867534,12,4,369,221.848,169.589,177.432,0.657038
26,0.867534,18,3,472.3,171.1,314.638,110.66,0.847222
26,0.867534,15,3,626,166.786,552.632,103.004,0.755596
26,0.867534,16,4,647.5,153.5,588.791,83.9946,0.772656
26,0.867534,14,3,609,211.8,520.565,162.744,0.751903
26,0.867534,17,4,599.4,203.4,507.235,152.165,0.822569
26,0.867534,20,3,449.4,117,271.034,32.0286,0.757426
27,0.900901,1,3,836,441,769.391,393.563,0.863043
27,0.900901,2,3,215,438,32.6147,393.521,0.879688
27,0.900901,3,4,689.137,430.627,595.706,385.622,0.725385
27,0.900901,4,3,578.5,359.833,466.456,323.784,0.829091
27,0.900901,5,4,272,331.16,68.4369,298.001,0.652564
27,0.900901,6,4,525,322.5,397.844,287.87,0.663415
27,0.900901,19,4,573.5,270,464.634,231.993,0.688298
27,0.900901,7,3,409.5,263.5,236.023,225.969,0.833735
27,0.900901,8,3,782.5,245,765.58,201.661,0.873469
27,0.900901,9,3,269.5,243,33.9113,203.59,0.824103
27,0.900901,10,2,707,234.714,659.763,190.055,0.827703
27,0.900901,11,3,661.5,234.833,593.811,190.593,0.82029
27,0.900901,13,4,744,220.225,718.147,172.02,0.660108
27,0.900901,12,4,369,221.848,169.589,177.432,0.657038
27,0.900901,18,3,472.3,171.1,314.638,110.66,0.848611
27,0.900901,15,3,626,166.786,552.632,103.004,0.755596
27,0.900901,16,4,647.5,153.5,588.791,83.9946,0.772656
27,0.900901,17,4,609,203.4,521.572,152.072,0.840909
27,0.900901,14,3,612.6,214.2,525.597,165.725,0.772664
27,0.900901,20,3,449.4,117,271.034,32.0286,0.757426
28,0.934268,1,3,836,441,769.391,393.563,0.863043
28,0.934268,2,3,215,438,32.6147,393.521,0.879688
28,0.934268,3,4,689.137,430.627,595.706,385.622,0.725385
28,0.934268,4,3,578.5,359.833,466.456,323.784,0.829091
28,0.934268,5,4,272,331.16,68.4369,298.001,0.652564
28,0.934268,6,4,525,322.5,397.844,287.87,0.663415
28,0.934268,19,4,573.5,270,464.634,231.993,0.688298
28,0.934268,7,3,409.5,263.5,236.023,225.969,0.833735
28,0.934268,8,3,782.5,245,765.58,201.661,0.873469
28,0.934268,9,3,269.5,243,33.9113,203.59,0.824103
28,0.934268,10,2,707,234.714,659.763,190.055,0.827703
28,0.934268,11,3,661.5,234.833,593.811,190.593,0.82029
28,0.934268,13,4,744,220.225,718.147,172.02,0.660108
28,0.934268,12,4,369,221.848,169.589,177.432,0.657038
28,0.934268,18,3,472.3,171.1,314.638,110.66,0.847222
28,0.934268,15,3,626,166.786,552.632,103.004,0.755596
28,0.934268,16,4,647.5,153.5,588.791,83.9946,0.772656
28,0.934268,14,3,612.6,216.6,525.3,168.724,0.770833
28,0.934268,20,3,449.4,117,271.034,32.0286,0.757426
28,0.934268,17,1,611.4,201,525.457,148.963,0.962963
29,0.967634,1,3,836,441,769.391,393.563,0.863043
29,0.967634,2,3,215,438,32.6147,393.521,0.879688
29,0.967634,3,4,689.137,430.627,595.706,385.622,0.725385
29,0.967634,4,3,578.5,359.833,466.456,323.784,0.829091
29,0.967634,5,4,272,331.16,68.4369,298.001,0.652564
29,0.967634,6,4,525,322.5,397.844,287.87,0.663415
29,0.967634,19,4,573.5,270,464.634,231.993,0.688298
29,0.967634,7,3,409.5,263.5,236.023,225.969,0.833735
29,0.967634,8,3,782.5,245,765.58,201.661,0.873469
29,0.967634,9,3,269.5,243,33.9113,203.59,0.824103
29,0.967634,10,2,707,234.714,659.763,190.055,0.827703
29,0.967634,11,3,661.5,234.833,593.811,190.593,0.82029
29,0.967634,13,4,744,220.225,718.147,172.02,0.660108
29,0.967634,12,4,369,221.848,169.589,177.432,0.657038
29,0.967634,18,3,472.3,171.1,314.638,110.66,0.847222
29,0.967634,15,3,626,166.786,552.632,103.004,0.755596
29,0.967634,16,4,647.5,153.5,588.791,83.9946,0.772656
29,0.967634,20,3,449.4,117,271.034,32.0286,0.757426
29,0.967634,17,1,616.2,201,532.647,148.916,0.946108
30,1.001,1,3,836,441,769.391,393.563,0.863043
30,1.001,2,3,215,438,32.6147,393.521,0.879688
30,1.001,3,4,689.137,430.627,595.706,385.622,0.725385
30,1.001,4,3,578.5,359.833,466.456,323.784,0.829091
30,1.001,5,4,272,331.16,68.4369,298.001,0.652564
30,1.001,6,4,525,322.5,397.844,287.87,0.663415
30,1.001,19,4,573.5,270,464.634,231.993,0.688298
30,1.001,7,3,409.5,263.5,236.023,225.969,0.833735
30,1.001,8,3,782.5,245,765.58,201.661,0.873469
30,1.001,9,3,269.5,243,33.9113,203.59,0.824103
30,1.001,10,2,707,234.714,659.763,190.055,0.827703
30,1.001,11,3,661.5,234.833,593.811,190.593,0.82029
30,1.001,13,4,744,220.225,718.147,172.02,0.660108
30,1.001,12,4,369,221.848,169.589,177.432,0.657038
30,1.001,18,3,472.3,171.1,314.638,110.66,0.848611
30,1.001,15,3,626,166.786,552.632,103.004,0.755596
30,1.001,16,4,647.5,153.5,588.791,83.9946,0.772656
30,1.001,14,3,617.4,222.6,531.591,176.111,0.71982
30,1.001,17,1,617.4,201,534.445,148.904,0.919753
30,1.001,20,3,449.4,117,271.034,32.0286,0.757426
31,1.03437,1,3,836,441,769.391,393.563,0.863043
31,1.03437,2,3,215,438,32.6147,393.521,0.879688
31,1.03437,3,4,689.137,430.627,595.706,385.622,0.725385
31,1.03437,4,3,578.5,359.833,466.456,323.784,0.829091
31,1.03437,5,4,272,331.16,68.4369,298.001,0.652564
31,1.03437,6,4,525,322.5,397.844,287.87,0.663415
31,1.03437,19,4,573.5,270,464.634,231.993,0.688298
31,1.03437,7,3,409.5,263.5,236.023,225.969,0.833735
31,1.03437,8,3,782.5,245,765.58,201.661,0.873469
31,1.03437,9,3,269.5,243,33.9113,203.59,0.824103
31,1.03437,10,2,707,234.714,659.763,190.055,0.827703
31,1.03437,11,3,661.5,234.833,593.811,190.593,0.82029
31,1.03437,13,4,744,220.225,718.147,172.02,0.660108
31,1.03437,12,4,369,221.848,169.589,177.432,0.657038
31,1.03437,18,3,472.3,171.1,314.638,110.66,0.845833
31,1.03437,15,3,626,166.786,552.632,103.004,0.755596
31,1.03437,16,4,647.5,153.5,588.791,83.9946,0.772656
31,1.03437,20,3,449.4,117,271.034,32.0286,0.757426
31,1.03437,17,1,621,201,539.838,148.869,0.937931
32,1.06773,1,3,836,441,769.391,393.563,0.863043
32,1.06773,2,3,215,438,32.6147,393.521,0.879688
32,1.06773,3,4,689.137,430.627,595.706,385.622,0.725385
32,1.06773,4,3,578.5,359.833,466.456,323.784,0.829091
32,1.06773,5,4,272,331.16,68.4369,298.001,0.652564
32,1.06773,6,4,525,322.5,397.844,287.87,0.663415
32,1.06773,19,4,573.5,270,464.634,231.993,0.688298
32,1.06773,7,3,409.5,263.5,236.023,225.969,0.833735
32,1.06773,8,3,782.5,245,765.58,201.661,0.873469
32,1.06773,9,3,269.5,243,33.9113,203.59,0.824103
32,1.06773,10,2,707,234.714,659.763,190.055,0.827703
32,1.06773,11,3,661.5,234.833,593.811,190.593,0.82029
32,1.06773,14,3,623.882,230.353,540.011,185.518,0.681132
32,1.06773,13,4,744,220.225,718.147,172.02,0.660108
32,1.06773,12,4,369,221.848,169.589,177.432,0.657038
32,1.06773,17,4,625.5,204.5,546.064,153.32,0.851667
32,1.06773,18,3,472.3,171.1,314.638,110.66,0.845833
32,1.06773,15,3,626,166.786,552.632,103.004,0.755596
32,1.06773,16,4,647.5,153.5,588.791,83.9946,0.772656
32,1.06773,20,3,449.4,117,271.034,32.0286,0.757426
33,1.1011,1,3,836,441,769.391,393.563,0.863043
33,1.1011,2,3,215,438,32.6147,393.521,0.879688
33,1.1011,3,4,689.137,430.627,595.706,385.622,0.725385
33,1.1011,4,3,578.5,359.833,466.456,323.784,0.829091
33,1.1011,5,4,272,331.16,68.4369,298.001,0.652564
33,1.1011,6,4,525,322.5,397.844,287.87,0.663415
33,1.1011,19,4,573.5,270,464.634,231.993,0.688298
33,1.1011,7,3,409.5,263.5,236.023,225.969,0.833735
33,1.1011,8,3,782.5,245,765.58,201.661,0.873469
33,1.1011,9,3,269.5,243,33.9113,203.59,0.824103
33,1.1011,10,2,707,234.714,659.763,190.055,0.827703
33,1.1011,11,3,661.5,234.833,593.811,190.593,0.82029
33,1.1011,14,3,623.882,230.353,540.011,185.518,0.684151
33,1.1011,13,4,744,220.225,718.147,172.02,0.660108
33,1.1011,12,4,369,221.848,169.589,177.432,0.657038
33,1.1011,17,4,625.5,204.5,546.064,153.32,0.851667
33,1.1011,18,3,472.3,171.1,314.638,110.66,0.845833
33,1.1011,15,3,626,166.786,552.632,103.004,0.755596
33,1.1011,16,4,647.5,153.5,588.791,83.9946,0.772656
33,1.1011,20,3,449.4,117,271.034,32.0286,0.757426
34,1.13447,1,3,836,441,769.391,393.563,0.863043
34,1.13447,2,3,215,438,32.6147,393.521,0.879688
34,1.13447,3,4,689.137,430.627,595.706,385.622,0.725385
34,1.13447,4,3,578.5,359.833,466.456,323.784,0.829091
34,1.13447,5,4,272,331.16,68.4369,298.001,0.652564
34,1.13447,6,4,525,322.5,397.844,287.87,0.663415
34,1.13447,19,4,573.5,270,464.634,231.993,0.688298
34,1.13447,7,3,409.5,263.5,236.023,225.969,0.833735
34,1.13447,8,3,782.5,245,765.58,201.661,0.873469
34,1.13447,9,3,269.5,243,33.9113,203.59,0.824103
34,1.13447,10,2,707,234.714,659.763,190.055,0.827703
34,1.13447,11,3,661.5,234.833,593.811,190.593,0.82029
34,1.13447,14,3,626,234.5,542.507,190.5,0.82
34,1.13447,13,4,744,220.225,718.147,172.02,0.660108
34,1.13447,12,4,369,221.848,169.589,177.432,0.657038
34,1.13447,17,4,632,204,555.848,152.617,0.872526
34,1.13447,18,3,472.3,171.1,314.638,110.66,0.845833
34,1.13447,15,3,626,166.786,552.632,103.004,0.755596
34,1.13447,16,4,647.5,153.5,588.791,83.9946,0.772656
34,1.13447,20,3,449.4,117,271.034,32.0286,0.757426
35,1.16783,1,3,836,441,769.391,393.563,0.863043
35,1.16783,2,3,215,438,32.6147,393.521,0.879688
35,1.16783,3,4,689.137,430.627,595.706,385.622,0.725385
35,1.16783,4,3,578.5,359.833,466.456,323.784,0.829091
35,1.16783,5,4,272,331.16,68.4369,298.001,0.652564
35,1.16783,6,4,525,322.5,397.844,287.87,0.663415
35,1.16783,19,4,573.5,270,464.634,231.993,0.688298
35,1.16783,7,3,409.5,263.5,236.023,225.969,0.833735
35,1.16783,8,3,782.5,245,765.58,201.661,0.873469
35,1.16783,9,3,269.5,243,33.9113,203.59,0.824103
35,1.16783,14,3,627.983,236.672,545.067,193.086,0.803943
35,1.16783,10,2,707,234.714,659.763,190.055,0.827703
35,1.16783,11,3,661.5,234.833,593.811,190.593,0.82029
35,1.16783,13,4,744,220.225,718.147,172.02,0.660108
35,1.16783,12,4,369,221.848,169.589,177.432,0.657038
35,1.16783,17,4,634.5,204.071,559.572,152.684,0.851325
35,1.16783,18,3,472.3,171.1,314.638,110.66,0.845833
35,1.16783,15,3,626,166.786,552.632,103.004,0.755596
35,1.16783,16,4,647.5,153.5,588.791,83.9946,0.772656
35,1.16783,20,3,449.4,117,271.034,32.0286,0.757426
36,1.2012,1,3,836,441,769.391,393.563,0.863043
36,1.2012,2,3,215,438,32.6147,393.521,0.879688
36,1.2012,3,4,689.137,430.627,595.706,385.622,0.726923
36,1.2012,4,3,578.5,359.833,466.456,323.784,0.829091
36,1.2012,5,4,272,331.16,68.4369,298.001,0.651399
36,1.2012,6,4,525,322.5,397.844,287.87,0.663415
36,1.2012,19,4,573.5,270,464.634,231.993,0.690957
36,1.2012,7,3,409.5,263.5,236.023,225.969,0.83494
36,1.2012,8,3,782.5,245,765.58,201.661,0.873469
36,1.2012,9,3,269.5,243,33.9113,203.59,0.840513
36,1.2012,14,3,631,240.667,548.84,197.814,0.72509
36,1.2012,10,2,707,234.714,659.763,190.055,0.820946
36,1.2012,11,3,661,235,593.056,190.797,0.82901
36,1.2012,13,4,744,220.225,718.147,172.02,0.665523
36,1.2012,12,4,369,221.848,169.589,177.432,0.657038
36,1.2012,17,4,640.5,203,568.722,151.251,0.875658
36,1.2012,18,3,472.645,171.194,315.179,110.786,0.847945
36,1.2012,15,3,626,166.786,552.632,103.004,0.759928
36,1.2012,16,4,647.5,153.5,588.791,83.9946,0.76875
37,1.23457,1,3,836,441,769.391,393.563,0.863043
37,1.23457,2,3,215,438,32.6147,393.521,0.879688
37,1.23457,3,4,689.137,430.627,595.706,385.622,0.726923
37,1.23457,4,3,578.5,359.833,466.456,323.784,0.829091
37,1.23457,5,4,272,331.16,68.4369,298.001,0.651399
37,1.23457,6,4,525,322.5,397.844,287.87,0.663415
37,1.23457,19,4,573.5,270,464.634,231.993,0.690957
37,1.23457,7,3,409.5,263.5,236.023,225.969,0.83494
37,1.23457,8,3,782.5,245,765.58,201.661,0.873469
37,1.23457,9,3,269.5,243,33.9113,203.59,0.840513
37,1.23457,14,3,632,242.5,550.01,199.975,0.691429
37,1.23457,10,2,707,234.714,659.763,190.055,0.820946
37,1.23457,11,3,661.5,234.833,593.811,190.593,0.830435
37,1.23457,13,4,744,220.225,718.147,172.02,0.665523
37,1.23457,12,4,369,221.848,169.589,177.432,0.657038
37,1.23457,17,4,642.5,203,571.714,151.232,0.880592
37,1.23457,18,3,472.645,171.194,315.179,110.786,0.847945
37,1.23457,15,3,626,166.786,552.632,103.004,0.759928
37,1.23457,16,4,647.5,153.5,588.791,83.9946,0.76875
38,1.26793,1,3,836,441,769.391,393.563,0.863043
38,1.26793,2,3,215,438,32.6147,393.521,0.879688
38,1.26793,3,4,689.137,430.627,595.706,385.622,0.726923
38,1.26793,4,3,578.5,359.833,466.456,323.784,0.829091
38,1.26793,5,4,272,331.16,68.4369,298.001,0.651399
38,1.26793,6,4,525,322.5,397.844,287.87,0.663415
38,1.26793,19,4,573.5,270,464.634,231.993,0.690957
38,1.26793,7,3,409.5,263.5,236.023,225.969,0.83494
38,1.26793,8,3,782.5,245,765.58,201.661,0.873469
38,1.26793,9,3,269.5,243,33.9113,203.59,0.840513
38,1.26793,14,3,632,242.5,550.01,199.975,0.691429
38,1.26793,10,2,707,234.714,659.763,190.055,0.820946
38,1.26793,11,3,661.5,234.833,593.811,190.593,0.830435
38,1.26793,13,4,744,220.225,718.147,172.02,0.665523
38,1.26793,12,4,369,221.848,169.589,177.432,0.657038
38,1.26793,17,4,643,203,572.462,151.227,0.879508
38,1.26793,18,3,472.645,171.194,315.179,110.786,0.847945
38,1.26793,15,3,626,166.786,552.632,103.004,0.759928
38,1.26793,16,4,647.5,153.5,588.791,83.9946,0.76875
39,1.3013,1,3,836,441,769.391,393.563,0.863043
39,1.3013,2,3,215,438,32.6147,393.521,0.879688
39,1.3013,3,4,689.137,430.627,595.706,385.622,0.726923
39,1.3013,4,3,578.5,359.833,466.456,323.784,0.829091
39,1.3013,5,4,272,331.16,68.4369,298.001,0.651399
39,1.3013,6,4,525,322.5,397.844,287.87,0.663415
39,1.3013,19,4,573.5,270,464.634,231.993,0.690957
39,1.3013,7,3,409.5,263.5,236.023,225.969,0.83494
39,1.3013,8,3,782.5,245,765.58,201.661,0.873469
39,1.3013,14,3,635.287,247.365,553.997,205.664,0.78397
39,1.3013,9,3,269.5,243,33.9113,203.59,0.840513
39,1.3013,10,2,707,234.714,659.763,190.055,0.820946
39,1.3013,11,3,661.5,234.833,593.811,190.593,0.830435
39,1.3013,13,4,744,220.225,718.147,172.02,0.665523
39,1.3013,12,4,369,221.848,169.589,177.432,0.657038
39,1.3013,17,4,647.5,202.69,579.254,150.785,0.888542
39,1.3013,18,3,472.645,171.194,315.179,110.786,0.845205
39,1.3013,15,3,626,166.786,552.632,103.004,0.755596
39,1.3013,16,4,647.5,153.5,588.791,83.9946,0.76875
40,1.33467,1,3,836,441,769.391,393.563,0.863043
40,1.33467,2,3,215,438,32.6147,393.521,0.879688
40,1.33467,3,4,689.137,430.627,595.706,385.622,0.726923
40,1.33467,4,3,578.5,359.833,466.456,323.784,0.829091
40,1.33467,5,4,272,331.16,68.4369,298.001,0.651399
40,1.33467,6,4,525,322.5,397.844,287.87,0.663415
40,1.33467,19,4,573.5,270,464.634,231.993,0.690957
40,1.33467,7,3,409.5,263.5,236.023,225.969,0.83494
40,1.33467,14,3,636.678,249.331,555.686,207.946,0.709886
40,1.33467,8,3,782.5,245,765.58,201.661,0.873469
40,1.33467,9,3,269.5,243,33.9113,203.59,0.840513
40,1.33467,10,2,707,234.714,659.763,190.055,0.820946
40,1.33467,11,3,661.5,234.833,593.811,190.593,0.830435
40,1.33467,13,4,744,220.225,718.147,172.02,0.665523
40,1.33467,12,4,369,221.848,169.589,177.432,0.657038
40,1.33467,17,4,649.5,202.69,582.248,150.766,0.881597
40,1.33467,18,3,472.645,171.194,315.179,110.786,0.845205
40,1.33467,15,3,626,166.786,552.632,103.004,0.755596
40,1.33467,16,4,647.5,153.5,588.791,83.9946,0.76875
41,1.36803,1,3,836,441,769.391,393.563,0.863043
41,1.36803,2,3,215,438,32.6147,393.521,0.879688
41,1.36803,3,4,689.137,430.627,595.706,385.622,0.726923
41,1.36803,4,3,578.5,359.833,466.456,323.784,0.829091
41,1.36803,5,4,272,331.16,68.4369,298.001,0.651399
41,1.36803,6,4,525,322.5,397.844,287.87,0.663415
41,1.36803,19,4,573.5,270,464.634,231.993,0.690957
41,1.36803,7,3,409.5,263.5,236.023,225.969,0.83494
41,1.36803,14,3,639.473,252.836,559.128,211.991,0.709386
41,1.36803,8,3,782.5,245,765.58,201.661,0.873469
41,1.36803,9,3,269.5,243,33.9113,203.59,0.840513
41,1.36803,10,2,707,234.714,659.763,190.055,0.820946
41,1.36803,11,3,661.5,234.833,593.811,190.593,0.826087
41,1.36803,13,4,744,220.225,718.147,172.02,0.665523
41,1.36803,12,4,369,221.848,169.589,177.432,0.657038
41,1.36803,17,4,655.5,202.5,591.27,150.462,0.868333
41,1.36803,18,3,472.645,171.194,315.179,110.786,0.845205
41,1.36803,15,3,626,166.786,552.632,103.004,0.755596
41,1.36803,16,4,647.5,153.5,588.791,83.9946,0.76875
42,1.4014,1,3,836,441,769.391,393.563,0.863043
42,1.4014,2,3,215,438,32.6147,393.521,0.879688
42,1.4014,3,4,689.137,430.627,595.706,385.622,0.726923
42,1.4014,4,3,578.5,359.833,466.456,323.784,0.829091
42,1.4014,5,4,272,331.16,68.4369,298.001,0.651399
42,1.4014,6,4,525,322.5,397.844,287.87,0.663415
42,1.4014,19,4,573.5,270,464.634,231.993,0.690957
42,1.4014,7,3,409.5,263.5,236.023,225.969,0.83494
42,1.4014,14,3,640.5,254.69,560.299,214.123,0.691667
42,1.4014,8,3,782.5,245,765.58,201.661,0.873469
42,1.4014,9,3,269.5,243,33.9113,203.59,0.840513
42,1.4014,10,2,707,234.714,659.763,190.055,0.820946
42,1.4014,11,3,661.5,234.833,593.811,190.593,0.827536
42,1.4014,13,4,744,220.225,718.147,172.02,0.665523
42,1.4014,12,4,369,221.848,169.589,177.432,0.657038
42,1.4014,17,1,657.866,199.695,595.379,146.82,0.894737
42,1.4014,18,3,472.645,171.194,315.179,110.786,0.845205
42,1.4014,15,3,626,166.786,552.632,103.004,0.755596
42,1.4014,16,4,647.5,153.5,588.791,83.9946,0.76875
43,1.43477,1,3,836,441,769.391,393.563,0.863043
43,1.43477,2,3,215,438,32.6147,393.521,0.879688
43,1.43477,3,4,689.137,430.627,595.706,385.622,0.726923
43,1.43477,4,3,578.5,359.833,466.456,323.784,0.829091
43,1.43477,5,4,272,331.16,68.4369,298.001,0.651399
43,1.43477,6,4,525,322.5,397.844,287.87,0.663415
43,1.43477,19,4,573.5,270,464.634,231.993,0.690957
43,1.43477,7,3,409.5,263.5,236.023,225.969,0.83494
43,1.43477,14,3,643.5,258.833,563.895,218.851,0.814493
43,1.43477,8,3,782.5,245,765.58,201.661,0.873469
43,1.43477,9,3,269.5,243,33.9113,203.59,0.840513
43,1.43477,10,2,707,234.714,659.763,190.055,0.820946
43,1.43477,11,3,661,235,593.056,190.797,0.827645
43,1.43477,13,4,744,220.225,718.147,172.02,0.665523
43,1.43477,12,4,369,221.848,169.589,177.432,0.657038
43,1.43477,17,4,662,202.5,601.008,150.398,0.864935
43,1.43477,18,3,472.645,171.194,315.179,110.786,0.845205
43,1.43477,15,3,626,166.786,552.632,103.004,0.755596
43,1.43477,16,4,647.5,153.5,588.791,83.9946,0.76875
44,1.46813,1,3,836,441,769.391,393.563,0.863043
44,1.46813,2,3,215,438,32.6147,393.521,0.879688
44,1.46813,3,4,689.137,430.627,595.706,385.622,0.726923
44,1.46813,4,3,578.5,359.833,466.456,323.784,0.829091
44,1.46813,5,4,272,331.16,68.4369,298.001,0.651399
44,1.46813,6,4,525,322.5,397.844,287.87,0.663415
44,1.46813,19,4,573.5,270,464.634,231.993,0.690957
44,1.46813,7,3,409.5,263.5,236.023,225.969,0.83494
44,1.46813,14,3,645,260.667,565.719,220.929,0.745161
44,1.46813,8,3,782.5,245,765.58,201.661,0.873469
44,1.46813,9,3,269.5,243,33.9113,203.59,0.840513
44,1.46813,10,2,707,234.714,659.763,190.055,0.820946
44,1.46813,11,3,661.5,234.833,593.811,190.593,0.827536
44,1.46813,13,4,744,220.225,718.147,172.02,0.665523
44,1.46813,12,4,369,221.848,169.589,177.432,0.657038
44,1.46813,17,1,664.75,200.125,605.633,147.308,0.885246
44,1.46813,18,3,472.645,171.194,315.179,110.786,0.845205
44,1.46813,15,3,626,166.786,552.632,103.004,0.755596
44,1.46813,16,4,647.5,153.5,588.791,83.9946,0.76875
45,1.5015,1,3,836,441,769.391,393.563,0.863043
45,1.5015,2,3,215,438,32.6147,393.521,0.879688
45,1.5015,3,4,689.137,430.627,595.706,385.622,0.726923
45,1.5015,4,3,578.5,359.833,466.456,323.784,0.829091
45,1.5015,5,4,272,331.16,68.4369,298.001,0.651399
45,1.5015,6,4,525,322.5,397.844,287.87,0.663415
45,1.5015,19,4,573.5,270,464.634,231.993,0.690957
45,1.5015,14,3,646.5,262.69,567.507,223.216,0.752778
45,1.5015,7,3,409.5,263.5,236.023,225.969,0.83494
45,1.5015,8,3,782.5,245,765.58,201.661,0.873469
45,1.5015,9,3,269.5,243,33.9113,203.59,0.840513
45,1.5015,10,2,707,234.714,659.763,190.055,0.820946
45,1.5015,11,3,661.5,234.833,593.811,190.593,0.827536
45,1.5015,13,4,744,220.225,718.147,172.02,0.665523
45,1.5015,12,4,369,221.848,169.589,177.432,0.657038
45,1.5015,17,1,667.5,199.5,609.901,146.472,0.901163
45,1.5015,18,3,472.645,171.194,315.179,110.786,0.845205
45,1.5015,15,3,626,166.786,552.632,103.004,0.755596
45,1.5015,16,4,647.5,153.5,588.791,83.9946,0.76875
46,1.53487,1,3,836,441,769.391,393.563,0.863043
46,1.53487,2,3,215,438,32.6147,393.521,0.879688
46,1.53487,3,4,689.137,430.627,595.706,385.622,0.726923
46,1.53487,4,3,578.5,359.833,466.456,323.784,0.829091
46,1.53487,5,4,272,331.16,68.4369,298.001,0.651399
46,1.53487,6,4,525,322.5,397.844,287.87,0.663415
46,1.53487,19,4,573.5,270,464.634,231.993,0.690957
46,1.53487,14,3,649.577,266.788,571.159,227.818,0.761972
46,1.53487,7,3,409.5,263.5,236.023,225.969,0.83494
46,1.53487,8,3,782.5,245,765.58,201.661,0.873469
46,1.53487,9,3,269.5,243,33.9113,203.59,0.840513
46,1.53487,10,2,707,234.714,659.763,190.055,0.820946
46,1.53487,11,3,661,235,593.056,190.797,0.82628
46,1.53487,13,4,744.065,220.336,718.206,172.157,0.664695
46,1.53487,12,4,369,221.848,169.589,177.432,0.657038
46,1.53487,17,4,672.5,201.929,616.873,149.56,0.858219
46,1.53487,18,3,472.645,171.194,315.179,110.786,0.845205
46,1.53487,15,3,626,166.786,552.632,103.004,0.755596
46,1.53487,16,4,647.5,153.5,588.791,83.9946,0.76875
47,1.56823,1,3,836,441,769.391,393.563,0.863043
47,1.56823,2,3,215,438,32.6147,393.521,0.879688
47,1.56823,3,4,689.137,430.627,595.706,385.622,0.726923
47,1.56823,4,3,578.5,359.833,466.456,323.784,0.829091
47,1.56823,5,4,272,331.16,68.4369,298.001,0.651399
47,1.56823,6,4,525,322.5,397.844,287.87,0.663415
47,1.56823,19,4,573.5,270,464.634,231.993,0.690957
47,1.56823,14,3,650.915,269.324,572.615,230.65,0.777941
47,1.56823,7,3,409.5,263.5,236.023,225.969,0.83494
47,1.56823,8,3,782.5,245,765.58,201.661,0.873469
47,1.56823,9,3,269.5,243,33.9113,203.59,0.840513
47,1.56823,10,2,707,234.714,659.763,190.055,0.820946
47,1.56823,11,3,661,235,593.056,190.797,0.82628
47,1.56823,13,4,744.065,220.336,718.206,172.157,0.664695
47,1.56823,12,4,369,221.848,169.589,177.432,0.657038
47,1.56823,17,4,674.5,201.75,619.914,149.31,0.86993
47,1.56823,18,3,472.645,171.194,315.179,110.786,0.845205
47,1.56823,15,3,626,166.786,552.632,103.004,0.755596
47,1.56823,16,4,647.5,153.5,588.791,83.9946,0.76875
48,1.6016,1,3,836,441,769.391,393.563,0.863043
48,1.6016,2,3,215,438,32.6147,393.521,0.879688
48,1.6016,3,4,689.137,430.627,595.706,385.622,0.726923
48,1.6016,4,3,578.5,359.833,466.456,323.784,0.828182
48,1.6016,5,4,272,331.16,68.4369,298.001,0.651399
48,1.6016,6,4,525,322.5,397.844,287.87,0.667073
48,1.6016,19,4,573.5,270,464.634,231.993,0.690957
48,1.6016,14,3,653,271.5,575.162,233.063,0.727143
48,1.6016,7,3,409.5,263.5,236.023,225.969,0.83494
48,1.6016,8,3,782.5,245,765.58,201.661,0.873469
48,1.6016,9,3,269.5,243,33.9113,203.59,0.840513
48,1.6016,10,2,707,234.714,659.763,190.055,0.814189
48,1.6016,11,3,661,234.786,593.097,190.54,0.82491
48,1.6016,13,4,744.065,220.336,718.206,172.157,0.666487
48,1.6016,12,4,369,221.848,169.589,177.432,0.657038
48,1.6016,17,4,676.5,201.75,622.914,149.29,0.873427
48,1.6016,18,3,472.3,171.1,314.638,110.66,0.848611
48,1.6016,15,3,626.5,166.738,553.418,102.932,0.761654
48,1.6016,16,4,647.5,153.5,588.791,83.9946,0.770703
49,1.63497,1,3,836,441,769.391,393.563,0.863043
49,1.63497,2,3,215,438,32.6147,393.521,0.879688
49,1.63497,3,4,689.137,430.627,595.706,385.622,0.726923
49,1.63497,4,3,578.5,359.833,466.456,323.784,0.828182
49,1.63497,5,4,272,331.16,68.4369,298.001,0.651399
49,1.63497,6,4,525,322.5,397.844,287.87,0.667073
49,1.63497,14,3,655.5,275.5,577.968,237.481,0.74058
49,1.63497,19,4,573.5,270,464.634,231.993,0.690957
49,1.63497,7,3,409.5,263.5,236.023,225.969,0.83494
49,1.63497,8,3,782.5,245,765.58,201.661,0.873469
49,1.63497,9,3,269.5,243,33.9113,203.59,0.840513
49,1.63497,10,2,707,234.714,659.763,190.055,0.814189
49,1.63497,11,3,661,234.786,593.097,190.54,0.82491
49,1.63497,13,4,744.065,220.336,718.206,172.157,0.666487
49,1.63497,12,4,369,221.848,169.589,177.432,0.657038
49,1.63497,17,4,682.5,201.3,632.027,148.651,0.893985
49,1.63497,18,3,472.3,171.1,314.638,110.66,0.848611
49,1.63497,15,3,626.5,166.738,553.418,102.932,0.761654
49,1.63497,16,4,647.5,153.5,588.791,83.9946,0.770703
50,1.66834,1,3,836,441,769.391,393.563,0.863043
50,1.66834,2,3,215,438,32.6147,393.521,0.879688
50,1.66834,3,4,689.137,430.627,595.706,385.622,0.726923
50,1.66834,4,3,578.5,359.833,466.456,323.784,0.828182
50,1.66834,5,4,272,331.16,68.4369,298.001,0.651399
50,1.66834,6,4,525,322.5,397.844,287.87,0.667073
50,1.66834,14,3,658.5,279.409,581.458,241.76,0.766225
50,1.66834,19,4,573.5,270,464.634,231.993,0.690957
50,1.66834,7,3,409.5,263.5,236.023,225.969,0.83494
50,1.66834,8,3,782.5,245,765.58,201.661,0.873469
50,1.66834,9,3,269.5,243,33.9113,203.59,0.840513
50,1.66834,10,2,707,234.714,659.763,190.055,0.814189
50,1.66834,11,3,661,234.786,593.097,190.54,0.82491
50,1.66834,13,4,744.065,220.336,718.206,172.157,0.666487
50,1.66834,12,4,369,221.848,169.589,177.432,0.657038
50,1.66834,17,4,687.5,201,639.61,148.214,0.871942
50,1.66834,18,3,472.3,171.1,314.638,110.66,0.851389
50,1.66834,15,3,626.5,166.738,553.418,102.932,0.758647
50,1.66834,16,4,647.5,153.5,588.791,83.9946,0.770703
51,1.7017,1,3,836,441,769.391,393.563,0.863043
51,1.7017,2,3,215,438,32.6147,393.521,0.879688
51,1.7017,3,4,689.137,430.627,595.706,385.622,0.726923
51,1.7017,4,3,578.5,359.833,466.456,323.784,0.828182
51,1.7017,5,4,272,331.16,68.4369,298.001,0.651399
51,1.7017,6,4,525,322.5,397.844,287.87,0.667073
51,1.7017,14,3,658.5,279.409,581.458,241.76,0.764901
51,1.7017,19,4,573.5,270,464.634,231.993,0.690957
51,1.7017,7,3,409.5,263.5,236.023,225.969,0.83494
51,1.7017,8,3,782.5,245,765.58,201.661,0.873469
51,1.7017,9,3,269.5,243,33.9113,203.59,0.840513
51,1.7017,10,2,707,234.714,659.763,190.055,0.814189
51,1.7017,11,3,661,234.786,593.097,190.54,0.82491
51,1.7017,13,4,744.065,220.336,718.206,172.157,0.666487
51,1.7017,12,4,369,221.848,169.589,177.432,0.657038
51,1.7017,17,4,687.5,201,639.61,148.214,0.871942
51,1.7017,18,3,472.3,171.1,314.638,110.66,0.851389
51,1.7017,15,3,626.5,166.738,553.418,102.932,0.758647
51,1.7017,16,4,647.5,153.5,588.791,83.9946,0.770703
52,1.73507,1,3,836,441,769.391,393.563,0.863043
52,1.73507,2,3,215,438,32.6147,393.521,0.879688
52,1.73507,3,4,689.137,430.627,595.706,385.622,0.726923
52,1.73507,4,3,578.5,359.833,466.456,323.784,0.828182
52,1.73507,5,4,272,331.16,68.4369,298.001,0.651399
52,1.73507,6,4,525,322.5,397.844,287.87,0.667073
52,1.73507,14,3,661.169,283.515,584.431,246.223,0.746865
52,1.73507,19,4,573.5,270,464.634,231.993,0.690957
52,1.73507,7,3,409.5,263.5,236.023,225.969,0.83494
52,1.73507,8,3,782.5,245,765.58,201.661,0.873469
52,1.73507,9,3,269.5,243,33.9113,203.59,0.840513
52,1.73507,10,2,707,234.714,659.763,190.055,0.814189
52,1.73507,11,3,661,234.786,593.097,190.54,0.82491
52,1.73507,13,4,744.065,220.336,718.206,172.157,0.666487
52,1.73507,12,4,369,221.848,169.589,177.432,0.657038
52,1.73507,17,4,691.622,200.851,645.841,147.98,0.865217
52,1.73507,18,3,472.3,171.1,314.638,110.66,0.851389
52,1.73507,15,3,626.5,166.738,553.418,102.932,0.758647
52,1.73507,16,4,647.5,153.5,588.791,83.9946,0.770703
52,1.73507,22,3,450.6,113.4,272.41,26.4018,0.8136
53,1.76844,1,3,836,441,769.391,393.563,0.863043
53,1.76844,2,3,215,438,32.6147,393.521,0.879688
53,1.76844,3,4,689.137,430.627,595.706,385.622,0.726923
53,1.76844,4,3,578.5,359.833,466.456,323.784,0.828182
53,1.76844,5,4,272,331.16,68.4369,298.001,0.651399
53,1.76844,6,4,525,322.5,397.844,287.87,0.667073
53,1.76844,14,3,662.983,285.868,586.516,248.762,0.730137
53,1.76844,19,4,573.5,270,464.634,231.993,0.690957
53,1.76844,7,3,409.5,263.5,236.023,225.969,0.83494
53,1.76844,8,3,782.5,245,765.58,201.661,0.873469
53,1.76844,9,3,269.5,243,33.9113,203.59,0.840513
53,1.76844,10,2,707,234.714,659.763,190.055,0.814189
53,1.76844,11,3,661,234.786,593.097,190.54,0.82491
53,1.76844,13,4,744.065,220.336,718.206,172.157,0.666487
53,1.76844,12,4,369,221.848,169.589,177.432,0.657038
53,1.76844,17,4,695,200.5,651.011,147.494,0.869643
53,1.76844,18,3,472.3,171.1,314.638,110.66,0.851389
53,1.76844,15,3,626.5,166.738,553.418,102.932,0.758647
53,1.76844,16,4,647.5,153.5,588.791,83.9946,0.770703
53,1.76844,22,3,450.6,113.4,272.41,26.4018,0.8168
54,1.8018,1,3,836,441,769.391,393.563,0.863043
54,1.8018,2,3,215,438,32.6147,393.521,0.879688
54,1.8018,3,4,689.137,430.627,595.706,385.622,0.726923
54,1.8018,4,3,578.5,359.833,466.456,323.784,0.828182
54,1.8018,5,4,272,331.16,68.4369,298.001,0.651399
54,1.8018,6,4,525,322.5,397.844,287.87,0.667073
54,1.8018,14,3,667.92,292.681,592.065,256.052,0.782432
54,1.8018,19,4,573.5,270,464.634,231.993,0.690957
54,1.8018,7,3,409.5,263.5,236.023,225.969,0.83494
54,1.8018,8,3,782.5,245,765.58,201.661,0.873469
54,1.8018,9,3,269.5,243,33.9113,203.59,0.840513
54,1.8018,10,2,707,234.714,659.763,190.055,0.814189
54,1.8018,11,3,661,234.786,593.097,190.54,0.82491
54,1.8018,13,4,744.065,220.336,718.206,172.157,0.666487
54,1.8018,12,4,369,221.848,169.589,177.432,0.657038
54,1.8018,17,4,701.5,200.5,660.786,147.429,0.88
54,1.8018,18,3,472.3,171.1,314.638,110.66,0.851389
54,1.8018,15,3,626.5,166.738,553.418,102.932,0.758647
54,1.8018,16,4,647.5,153.5,588.791,83.9946,0.770703
54,1.8018,22,3,450.6,113.4,272.41,26.4018,0.8104
55,1.83517,1,3,836,441,769.391,393.563,0.863043
55,1.83517,2,3,215,438,32.6147,393.521,0.879688
55,1.83517,3,4,689.137,430.627,595.706,385.622,0.726923
55,1.83517,4,3,578.5,359.833,466.456,323.784,0.828182
55,1.83517,5,4,272,331.16,68.4369,298.001,0.651399
55,1.83517,6,4,525,322.5,397.844,287.87,0.667073
55,1.83517,14,3,668.658,294.708,592.705,258.207,0.78459
55,1.83517,19,4,573.5,270,464.634,231.993,0.690957
55,1.83517,7,3,409.5,263.5,236.023,225.969,0.83494
55,1.83517,8,3,782.5,245,765.58,201.661,0.873469
55,1.83517,9,3,269.5,243,33.9113,203.59,0.840513
55,1.83517,10,2,707,234.714,659.763,190.055,0.814189
55,1.83517,11,3,661,234.786,593.097,190.54,0.82491
55,1.83517,13,4,744.065,220.336,718.206,172.157,0.666487
55,1.83517,12,4,369,221.848,169.589,177.432,0.657038
55,1.83517,17,4,703.934,200.67,664.4,147.625,0.855357
55,1.83517,18,3,472.3,171.1,314.638,110.66,0.851389
55,1.83517,15,3,626.5,166.738,553.418,102.932,0.758647
55,1.83517,16,4,647.5,153.5,588.791,83.9946,0.770703
55,1.83517,22,3,450.6,113.4,272.41,26.4018,0.8136
56,1.86854,1,3,836,441,769.391,393.563,0.863043
56,1.86854,2,3,215,438,32.6147,393.521,0.879688
56,1.86854,3,4,689.137,430.627,595.706,385.622,0.726923
56,1.86854,4,3,578.5,359.833,466.456,323.784,0.828182
56,1.86854,5,4,272,331.16,68.4369,298.001,0.651399
56,1.86854,6,4,525,322.5,397.844,287.87,0.667073
56,1.86854,14,3,671.93,298.722,596.426,262.437,0.725503
56,1.86854,19,4,573.5,270,464.634,231.993,0.690957
56,1.86854,7,3,409.5,263.5,236.023,225.969,0.83494
56,1.86854,8,3,782.5,245,765.58,201.661,0.873469
56,1.86854,9,3,269.5,243,33.9113,203.59,0.840513
56,1.86854,10,2,707,234.714,659.763,190.055,0.814189
56,1.86854,11,3,661,234.786,593.097,190.54,0.82491
56,1.86854,13,4,744.065,220.336,718.206,172.157,0.666487
56,1.86854,12,4,369,221.848,169.589,177.432,0.657038
56,1.86854,17,4,708.5,200.167,671.41,146.929,0.861594
56,1.86854,18,3,472.3,171.1,314.638,110.66,0.851389
56,1.86854,15,3,626.5,166.738,553.418,102.932,0.758647
56,1.86854,16,4,647.5,153.5,588.791,83.9946,0.770703
56,1.86854,22,3,449.4,117,271.034,32.0286,0.758252
57,1.9019,1,3,836,441,769.391,393.563,0.863043
57,1.9019,2,3,215,438,32.6147,393.521,0.879688
57,1.9019,3,4,689.137,430.627,595.706,385.622,0.726923
57,1.9019,4,3,578.5,359.833,466.456,323.784,0.828182
57,1.9019,5,4,272,331.16,68.4369,298.001,0.651399
57,1.9019,6,4,525,322.5,397.844,287.87,0.667073
57,1.9019,14,3,673.656,299.968,598.537,263.739,0.730409
57,1.9019,19,4,573.5,270,464.634,231.993,0.690957
57,1.9019,7,3,409.5,263.5,236.023,225.969,0.83494
57,1.9019,8,3,782.5,245,765.58,201.661,0.873469
57,1.9019,9,3,269.5,243,33.9113,203.59,0.840513
57,1.9019,10,2,707,234.714,659.763,190.055,0.814189
57,1.9019,11,3,661,234.786,593.097,190.54,0.82491
57,1.9019,13,4,744.146,220.34,718.324,172.161,0.665942
57,1.9019,12,4,369,221.848,169.589,177.432,0.657038
57,1.9019,17,4,710.5,200.056,674.452,146.765,0.860219
57,1.9019,18,3,472.3,171.1,314.638,110.66,0.851389
57,1.9019,15,3,626.5,166.738,553.418,102.932,0.758647
57,1.9019,16,4,647.5,153.5,588.791,83.9946,0.770703
58,1.93527,1,3,836,441,769.391,393.563,0.863043
58,1.93527,2,3,215,438,32.6147,393.521,0.879688
58,1.93527,3,4,689.137,430.627,595.706,385.622,0.726923
58,1.93527,4,3,578.5,359.833,466.456,323.784,0.828182
58,1.93527,5,4,272,331.16,68.4369,298.001,0.651399
58,1.93527,6,4,525,322.5,397.844,287.87,0.667073
58,1.93527,14,3,675.5,303,600.47,266.909,0.693243
58,1.93527,19,4,573.5,270,464.634,231.993,0.690957
58,1.93527,7,3,409.5,263.5,236.023,225.969,0.83494
58,1.93527,8,3,782.5,245,765.58,201.661,0.873469
58,1.93527,9,3,269.5,243,33.9113,203.59,0.840513
58,1.93527,10,2,707,234.714,659.763,190.055,0.814189
58,1.93527,11,3,661,234.786,593.097,190.54,0.82491
58,1.93527,13,4,743.794,220.324,717.811,172.144,0.67234
58,1.93527,12,4,369,221.848,169.589,177.432,0.657038
58,1.93527,17,4,712.5,199.971,677.488,146.635,0.864338
58,1.93527,18,3,472.3,171.1,314.638,110.66,0.848611
58,1.93527,15,3,626.5,166.738,553.418,102.932,0.758647
58,1.93527,16,4,647.5,153.5,588.791,83.9946,0.770703
58,1.93527,22,3,450.6,113.4,272.41,26.4018,0.8168
59,1.96864,1,3,836,441,769.391,393.563,0.863043
59,1.96864,2,3,215,438,32.6147,393.521,0.879688
59,1.96864,3,4,689.137,430.627,595.706,385.622,0.726923
59,1.96864,4,3,578.5,359.833,466.456,323.784,0.828182
59,1.96864,5,4,272,331.16,68.4369,298.001,0.651399
59,1.96864,6,4,525,322.5,397.844,287.87,0.667073
59,1.96864,14,3,678,307.5,602.999,271.582,0.79
59,1.96864,19,4,573.5,270,464.634,231.993,0.690957
59,1.96864,7,3,409.5,263.5,236.023,225.969,0.83494
59,1.96864,8,3,782.5,245,765.58,201.661,0.873469
59,1.96864,9,3,269.5,243,33.9113,203.59,0.840513
59,1.96864,10,2,707,234.714,659.763,190.055,0.814189
59,1.96864,11,3,661,234.786,593.097,190.54,0.82491
59,1.96864,13,4,743.794,220.324,717.811,172.144,0.67234
59,1.96864,12,4,369,221.848,169.589,177.432,0.657038
59,1.96864,17,4,717.5,200,685.008,146.624,0.857407
59,1.96864,18,3,472.3,171.1,314.638,110.66,0.851389
59,1.96864,15,3,626.5,166.738,553.418,102.932,0.758647
59,1.96864,16,4,647.5,153.5,588.791,83.9946,0.770703
59,1.96864,22,3,450.6,113.4,272.41,26.4018,0.8168
60,2.002,1,3,836,441,769.391,393.563,0.863043
60,2.002,2,3,215,438,32.6147,393.521,0.879688
60,2.002,3,4,689.137,430.627,595.706,385.622,0.726923
60,2.002,4,3,578.5,359.833,466.456,323.784,0.828182
60,2.002,5,4,272,331.16,68.4369,298.001,0.652564
60,2.002,6,4,525,322.5,397.844,287.87,0.667073
60,2.002,14,3,681.5,311.5,606.942,275.694,0.727848
60,2.002,19,4,573.5,270,464.634,231.993,0.690957
60,2.002,7,3,409.5,263.5,236.023,225.969,0.83494
60,2.002,8,3,782.5,245,765.58,201.661,0.873469
60,2.002,9,3,269.5,243,33.9113,203.59,0.815897
60,2.002,10,2,707.5,234.5,660.544,189.792,0.8
60,2.002,11,3,661.5,234.929,593.793,190.707,0.834307
60,2.002,13,4,743.794,220.324,717.811,172.144,0.67234
60,2.002,12,4,369,221.848,169.589,177.432,0.657038
60,2.002,17,4,721.5,199.5,691.185,145.936,0.878125
60,2.002,18,3,472.3,171.1,314.638,110.66,0.845833
60,2.002,15,3,626.5,166.738,553.418,102.932,0.761654
60,2.002,16,4,647.5,153.5,588.791,83.9946,0.770703
61,2.03537,1,3,836,441,769.391,393.563,0.863043
61,2.03537,2,3,215,438,32.6147,393.521,0.879688
61,2.03537,3,4,689.137,430.627,595.706,385.622,0.726923
61,2.03537,4,3,578.5,359.833,466.456,323.784,0.828182
61,2.03537,5,4,272,331.16,68.4369,298.001,0.652564
61,2.03537,6,4,525,322.5,397.844,287.87,0.667073
61,2.03537,14,3,683.068,313.743,608.611,277.988,0.71358
61,2.03537,19,4,573.5,270,464.634,231.993,0.690957
61,2.03537,7,3,409.5,263.5,236.023,225.969,0.83494
61,2.03537,8,3,782.5,245,765.58,201.661,0.873469
61,2.03537,9,3,269.5,243,33.9113,203.59,0.815897
61,2.03537,10,2,707.5,234.5,660.544,189.792,0.8
61,2.03537,11,3,661.5,234.929,593.793,190.707,0.834307
61,2.03537,13,4,743.794,220.324,717.811,172.144,0.67234
61,2.03537,12,4,369,221.848,169.589,177.432,0.657038
61,2.03537,17,4,724.301,199.43,695.427,145.817,0.870755
61,2.03537,18,3,472.3,171.1,314.638,110.66,0.848611
61,2.03537,15,3,626.5,166.738,553.418,102.932,0.758647
61,2.03537,16,4,647.5,153.5,588.791,83.9946,0.770703
62,2.06874,1,3,836,441,769.391,393.563,0.863043
62,2.06874,2,3,215,438,32.6147,393.521,0.879688
62,2.06874,3,4,689.137,430.627,595.706,385.622,0.726923
62,2.06874,4,3,578.5,359.833,466.456,323.784,0.828182
62,2.06874,5,4,272,331.16,68.4369,298.001,0.652564
62,2.06874,6,4,525,322.5,397.844,287.87,0.667073
62,2.06874,14,3,686.068,318.274,611.741,282.594,0.78805
62,2.06874,19,4,573.5,270,464.634,231.993,0.690957
62,2.06874,7,3,409.5,263.5,236.023,225.969,0.83494
62,2.06874,8,3,782.5,245,765.58,201.661,0.873469
62,2.06874,9,3,269.5,243,33.9113,203.59,0.815897
62,2.06874,10,2,707.5,234.5,660.544,189.792,0.8
62,2.06874,11,3,661.5,234.929,593.793,190.707,0.834307
62,2.06874,13,4,743,220.5,716.582,172.37,0.678571
62,2.06874,12,4,369,221.848,169.589,177.432,0.657038
62,2.06874,17,4,728.5,199.25,701.814,145.542,0.8625
62,2.06874,18,3,472.3,171.1,314.638,110.66,0.85
62,2.06874,15,3,626.5,166.738,553.418,102.932,0.758647
62,2.06874,16,4,647.5,153.5,588.791,83.9946,0.770703
63,2.1021,1,3,836,441,769.391,393.563,0.863043
63,2.1021,2,3,215,438,32.6147,393.521,0.879688
63,2.1021,3,4,689.137,430.627,595.706,385.622,0.726923
63,2.1021,4,3,578.5,359.833,466.456,323.784,0.828182
63,2.1021,5,4,272,331.16,68.4369,298.001,0.652564
63,2.1021,14,3,687.599,320.028,613.435,284.364,0.73053
63,2.1021,6,4,525,322.5,397.844,287.87,0.667073
63,2.1021,19,4,573.5,270,464.634,231.993,0.690957
63,2.1021,7,3,409.5,263.5,236.023,225.969,0.83494
63,2.1021,8,3,782.5,245,765.58,201.661,0.873469
63,2.1021,9,3,269.5,243,33.9113,203.59,0.815897
63,2.1021,10,2,707.5,234.5,660.544,189.792,0.8
63,2.1021,11,3,661.5,234.929,593.793,190.707,0.834307
63,2.1021,13,4,743,220.5,716.582,172.37,0.678571
63,2.1021,12,4,369,221.848,169.589,177.432,0.657038
63,2.1021,17,4,730.5,199.4,704.781,145.717,0.857836
63,2.1021,18,3,472.3,171.1,314.638,110.66,0.843056
63,2.1021,15,3,626.5,166.738,553.418,102.932,0.758647
63,2.1021,16,4,647.5,153.5,588.791,83.9946,0.770703
64,2.13547,1,3,836,441,769.391,393.563,0.863043
64,2.13547,2,3,215,438,32.6147,393.521,0.879688
64,2.13547,3,4,689.137,430.627,595.706,385.622,0.726923
64,2.13547,4,3,578.5,359.833,466.456,323.784,0.828182
64,2.13547,5,4,272,331.16,68.4369,298.001,0.652564
64,2.13547,14,3,690.5,324.109,616.483,288.464,0.728402
64,2.13547,6,4,525,322.5,397.844,287.87,0.667073
64,2.13547,19,4,573.5,270,464.634,231.993,0.690957
64,2.13547,7,3,409.5,263.5,236.023,225.969,0.83494
64,2.13547,8,3,782.5,245,765.58,201.661,0.873469
64,2.13547,9,3,269.5,243,33.9113,203.59,0.815897
64,2.13547,10,2,707.5,234.5,660.544,189.792,0.8
64,2.13547,11,3,661.5,234.929,593.793,190.707,0.834307
64,2.13547,12,4,369,221.848,169.589,177.432,0.657038
64,2.13547,18,3,472.3,171.1,314.638,110.66,0.841667
64,2.13547,15,3,626.5,166.738,553.418,102.932,0.758647
64,2.13547,16,4,647.5,153.5,588.791,83.9946,0.770703
64,2.13547,13,4,742.2,221.4,715.11,173.493,0.678028
64,2.13547,17,1,733.8,195,711.201,139.946,0.98
65,2.16884,1,3,836,441,769.391,393.563,0.863043
65,2.16884,2,3,215,438,32.6147,393.521,0.879688
65,2.16884,3,4,689.137,430.627,595.706,385.622,0.726923
65,2.16884,4,3,578.5,359.833,466.456,323.784,0.828182
65,2.16884,14,3,694.386,329.014,620.64,293.348,0.688379
65,2.16884,5,4,272,331.16,68.4369,298.001,0.652564
65,2.16884,6,4,525,322.5,397.844,287.87,0.667073
65,2.16884,19,4,573.5,270,464.634,231.993,0.690957
65,2.16884,7,3,409.5,263.5,236.023,225.969,0.83494
65,2.16884,8,3,782.5,245,765.58,201.661,0.873469
65,2.16884,9,3,269.5,243,33.9113,203.59,0.815897
65,2.16884,10,2,707.5,234.5,660.544,189.792,0.8
65,2.16884,11,3,661.5,234.929,593.793,190.707,0.834307
65,2.16884,12,4,369,221.848,169.589,177.432,0.657038
65,2.16884,18,3,472.3,171.1,314.638,110.66,0.844444
65,2.16884,15,3,626.5,166.738,553.418,102.932,0.758647
65,2.16884,16,4,647.5,153.5,588.791,83.9946,0.770703
65,2.16884,13,4,742.2,221.4,715.11,173.493,0.674567
65,2.16884,17,1,739.8,196.2,719.886,141.456,0.9
66,2.2022,1,3,836,441,769.391,393.563,0.863043
66,2.2022,2,3,215,438,32.6147,393.521,0.879688
66,2.2022,3,4,689.137,430.627,595.706,385.622,0.726923
66,2.2022,4,3,578.5,359.833,466.456,323.784,0.828182
66,2.2022,14,3,697.683,333.39,624.095,297.667,0.784524
66,2.2022,5,4,272,331.16,68.4369,298.001,0.652564
66,2.2022,6,4,525,322.5,397.844,287.87,0.667073
66,2.2022,19,4,573.5,270,464.634,231.993,0.690957
66,2.2022,7,3,409.5,263.5,236.023,225.969,0.83494
66,2.2022,8,3,782.5,245,765.58,201.661,0.873469
66,2.2022,9,3,269.5,243,33.9113,203.59,0.815897
66,2.2022,10,2,707.5,234.5,660.544,189.792,0.8
66,2.2022,11,3,661.5,234.929,593.793,190.707,0.834307
66,2.2022,12,4,369,221.848,169.589,177.432,0.657038
66,2.2022,18,3,472.3,171.1,314.638,110.66,0.843056
66,2.2022,15,3,626.5,166.738,553.418,102.932,0.758647
66,2.2022,16,4,647.5,153.5,588.791,83.9946,0.770703
66,2.2022,17,1,744.6,195,727.568,139.837,0.952055
66,2.2022,22,3,444.6,113.4,262.552,26.4832,0.715228
67,2.23557,1,3,836,441,769.391,393.563,0.863043
67,2.23557,2,3,215,438,32.6147,393.521,0.879688
67,2.23557,3,4,689.137,430.627,595.706,385.622,0.726923
67,2.23557,4,3,578.5,359.833,466.456,323.784,0.828182
67,2.23557,14,3,698.5,335.891,624.658,300.127,0.709877
67,2.23557,5,4,272,331.16,68.4369,298.001,0.652564
67,2.23557,6,4,525,322.5,397.844,287.87,0.667073
67,2.23557,19,4,573.5,270,464.634,231.993,0.690957
67,2.23557,7,3,409.5,263.5,236.023,225.969,0.83494
67,2.23557,8,3,782.5,245,765.58,201.661,0.873469
67,2.23557,9,3,269.5,243,33.9113,203.59,0.815897
67,2.23557,10,2,707.5,234.5,660.544,189.792,0.8
67,2.23557,11,3,661.5,234.929,593.793,190.707,0.834307
67,2.23557,12,4,369,221.848,169.589,177.432,0.657038
67,2.23557,18,3,472.3,171.1,314.638,110.66,0.840278
67,2.23557,15,3,626.5,166.738,553.418,102.932,0.758647
67,2.23557,16,4,647.5,153.5,588.791,83.9946,0.770703
67,2.23557,13,4,742.2,221.4,715.11,173.493,0.686678
67,2.23557,17,1,745.8,196.2,728.968,141.396,0.829412
68,2.26894,1,3,836,441,769.391,393.563,0.863043
68,2.26894,2,3,215,438,32.6147,393.521,0.879688
68,2.26894,3,4,689.137,430.627,595.706,385.622,0.726923
68,2.26894,4,3,578.5,359.833,466.456,323.784,0.828182
68,2.26894,14,3,700.484,337.68,626.89,301.87,0.709524
68,2.26894,5,4,272,331.16,68.4369,298.001,0.652564
68,2.26894,6,4,525,322.5,397.844,287.87,0.667073
68,2.26894,19,4,573.5,270,464.634,231.993,0.690957
68,2.26894,7,3,409.5,263.5,236.023,225.969,0.83494
68,2.26894,8,3,782.5,245,765.58,201.661,0.873469
68,2.26894,9,3,269.5,243,33.9113,203.59,0.815897
68,2.26894,10,2,707.5,234.5,660.544,189.792,0.8
68,2.26894,11,3,661.5,234.929,593.793,190.707,0.834307
68,2.26894,12,4,369,221.848,169.589,177.432,0.657038
68,2.26894,18,3,472.3,171.1,314.638,110.66,0.840278
68,2.26894,15,3,626.5,166.738,553.418,102.932,0.758647
68,2.26894,16,4,647.5,153.5,588.791,83.9946,0.770703
68,2.26894,13,4,743.4,220.2,717.27,171.994,0.690625
68,2.26894,17,1,747,196.2,730.784,141.383,0.828729
69,2.3023,1,3,836,441,769.391,393.563,0.863043
69,2.3023,2,3,215,438,32.6147,393.521,0.879688
69,2.3023,3,4,689.137,430.627,595.706,385.622,0.726923
69,2.3023,4,3,578.5,359.833,466.456,323.784,0.828182
69,2.3023,14,3,705.092,344.735,631.44,308.71,0.760062
69,2.3023,5,4,272,331.16,68.4369,298.001,0.652564
69,2.3023,6,4,525,322.5,397.844,287.87,0.667073
69,2.3023,19,4,573.5,270,464.634,231.993,0.690957
69,2.3023,7,3,409.5,263.5,236.023,225.969,0.83494
69,2.3023,8,3,782.5,245,765.58,201.661,0.873469
69,2.3023,9,3,269.5,243,33.9113,203.59,0.815897
69,2.3023,10,2,707.5,234.5,660.544,189.792,0.8
69,2.3023,11,3,661.5,234.929,593.793,190.707,0.834307
69,2.3023,12,4,369,221.848,169.589,177.432,0.657038
69,2.3023,18,3,472.3,171.1,314.638,110.66,0.840278
69,2.3023,15,3,626.5,166.738,553.418,102.932,0.758647
69,2.3023,16,4,647.5,153.5,588.791,83.9946,0.770703
69,2.3023,17,4,743.4,197.4,724.921,142.986,0.838194
70,2.33567,1,3,836,441,769.391,393.563,0.863043
70,2.33567,2,3,215,438,32.6147,393.521,0.879688
70,2.33567,3,4,689.137,430.627,595.706,385.622,0.726923
70,2.33567,4,3,578.5,359.833,466.456,323.784,0.828182
70,2.33567,14,3,706.694,347.217,633.002,311.096,0.718518
70,2.33567,5,4,272,331.16,68.4369,298.001,0.652564
70,2.33567,6,4,525,322.5,397.844,287.87,0.667073
70,2.33567,19,4,573.5,270,464.634,231.993,0.690957
70,2.33567,7,3,409.5,263.5,236.023,225.969,0.83494
70,2.33567,8,3,782.5,245,765.58,201.661,0.873469
70,2.33567,9,3,269.5,243,33.9113,203.59,0.815897
70,2.33567,10,2,707.5,234.5,660.544,189.792,0.8
70,2.33567,11,3,661.5,234.929,593.793,190.707,0.834307
70,2.33567,12,4,369,221.848,169.589,177.432,0.657038
70,2.33567,18,3,472.3,171.1,314.638,110.66,0.840278
70,2.33567,15,3,626.5,166.738,553.418,102.932,0.758647
70,2.33567,16,4,647.5,153.5,588.791,83.9946,0.770703
70,2.33567,13,4,742.2,221.4,715.11,173.493,0.683218
70,2.33567,17,1,743.4,192.6,726.581,136.695,0.932203
71,2.36904,1,3,836,441,769.391,393.563,0.863043
71,2.36904,2,3,215,438,32.6147,393.521,0.879688
71,2.36904,3,4,689.137,430.627,595.706,385.622,0.726923
71,2.36904,4,3,578.5,359.833,466.456,323.784,0.828182
71,2.36904,14,3,710,350.8,636.528,314.514,0.718378
71,2.36904,5,4,272,331.16,68.4369,298.001,0.65373
71,2.36904,6,4,525,322.5,397.844,287.87,0.667073
71,2.36904,19,4,573.5,270,464.634,231.993,0.690957
71,2.36904,7,3,409.5,263.5,236.023,225.969,0.83494
71,2.36904,8,3,782.5,245,765.58,201.661,0.873469
71,2.36904,9,3,269.5,243,33.9113,203.59,0.815897
71,2.36904,10,2,707.5,234.5,660.544,189.792,0.8
71,2.36904,11,3,661.5,234.929,593.793,190.707,0.834307
71,2.36904,12,4,369,221.848,169.589,177.432,0.657038
71,2.36904,18,3,472.3,171.1,314.638,110.66,0.843056
71,2.36904,15,3,626.5,166.738,553.418,102.932,0.758647
71,2.36904,16,4,647.5,153.5,588.791,83.9946,0.770703
71,2.36904,13,4,742.2,221.4,715.11,173.493,0.683218
71,2.36904,17,1,739.8,195,720.293,139.885,0.778846
72,2.4024,1,3,836,441,769.391,393.563,0.871739
72,2.4024,2,3,215.273,438.818,33.1994,394.182,0.879916
72,2.4024,3,4,689.137,430.627,595.706,385.622,0.726923
72,2.4024,4,3,578.5,359.833,466.456,323.784,0.83
72,2.4024,14,3,712,352.92,638.66,316.526,0.704651
72,2.4024,5,3,271.815,331.371,68.2644,298.21,0.746429
72,2.4024,6,4,524.5,322.5,397.185,287.873,0.671173
72,2.4024,19,4,573,270,463.938,231.997,0.684518
72,2.4024,7,3,409.5,263.5,236.023,225.969,0.840964
72,2.4024,8,3,782.5,245,765.58,201.661,0.873469
72,2.4024,9,3,269.5,243,33.9113,203.59,0.832308
72,2.4024,10,2,707.5,234.5,660.544,189.792,0.8
72,2.4024,11,3,661.5,234.929,593.793,190.707,0.829927
72,2.4024,12,4,369.5,221.804,170.303,177.375,0.657576
72,2.4024,18,3,472.3,171.1,314.638,110.66,0.831944
72,2.4024,15,3,626,166.786,552.632,103.004,0.754152
72,2.4024,16,4,647.5,153.55,588.781,84.0663,0.764844
72,2.4024,17,4,738.6,195,718.474,139.897,0.886364
72,2.4024,13,4,745.8,219,721.208,170.48,0.689831
73,2.43577,1,3,836,441,769.391,393.563,0.871739
73,2.43577,2,3,215.273,438.818,33.1994,394.182,0.879916
73,2.43577,3,4,689.137,430.627,595.706,385.622,0.726923
73,2.43577,14,3,715.34,358.046,641.859,321.367,0.788319
73,2.43577,4,3,578.5,359.833,466.456,323.784,0.83
73,2.43577,5,3,271.815,331.371,68.2644,298.21,0.746429
73,2.43577,6,4,524.5,322.5,397.185,287.873,0.671173
73,2.43577,19,4,573,270,463.938,231.997,0.684518
73,2.43577,7,3,409.5,263.5,236.023,225.969,0.840964
73,2.43577,8,3,782.5,245,765.58,201.661,0.873469
73,2.43577,9,3,269.5,243,33.9113,203.59,0.832308
73,2.43577,10,2,707.5,234.5,660.544,189.792,0.8
73,2.43577,11,3,661.5,234.929,593.793,190.707,0.829927
73,2.43577,12,4,369.5,221.804,170.303,177.375,0.657576
73,2.43577,13,4,743.5,220,717.483,171.745,0.665132
73,2.43577,17,4,737,195.5,715.882,140.568,0.851562
73,2.43577,18,3,472.3,171.1,314.638,110.66,0.826389
73,2.43577,15,3,626,166.786,552.632,103.004,0.754152
73,2.43577,16,4,647.5,153.55,588.781,84.0663,0.764844
74,2.46914,1,3,836,441,769.391,393.563,0.871739
74,2.46914,2,3,215.273,438.818,33.1994,394.182,0.879916
74,2.46914,3,4,689.137,430.627,595.706,385.622,0.726923
74,2.46914,14,3,718.717,363.194,645.072,326.182,0.706304
74,2.46914,4,3,578.5,359.833,466.456,323.784,0.83
74,2.46914,5,3,271.815,331.371,68.2644,298.21,0.746429
74,2.46914,6,4,524.5,322.5,397.185,287.873,0.671173
74,2.46914,19,4,573,270,463.938,231.997,0.684518
74,2.46914,7,3,409.5,263.5,236.023,225.969,0.840964
74,2.46914,8,3,782.5,245,765.58,201.661,0.873469
74,2.46914,9,3,269.5,243,33.9113,203.59,0.832308
74,2.46914,10,2,707.5,234.5,660.544,189.792,0.8
74,2.46914,11,3,661.5,234.929,593.793,190.707,0.829927
74,2.46914,12,4,369.5,221.804,170.303,177.375,0.657576
74,2.46914,13,4,743.976,220.119,718.147,171.888,0.661301
74,2.46914,17,4,734.5,194.5,712.427,139.283,0.873333
74,2.46914,18,3,472.3,171.1,314.638,110.66,0.827778
74,2.46914,15,3,626,166.786,552.632,103.004,0.754152
74,2.46914,16,4,647.5,153.55,588.781,84.0663,0.764844
75,2.5025,1,3,836,441,769.391,393.563,0.871739
75,2.5025,2,3,215.273,438.818,33.1994,394.182,0.879916
75,2.5025,3,4,689.137,430.627,595.706,385.622,0.726923
75,2.5025,14,3,720.253,365.012,646.638,327.87,0.718697
75,2.5025,4,3,578.5,359.833,466.456,323.784,0.83
75,2.5025,5,4,271.972,331.163,68.4016,298.005,0.652564
75,2.5025,6,4,525,322.5,397.844,287.87,0.671951
75,2.5025,19,4,573,270,463.938,231.997,0.684518
75,2.5025,7,3,409.5,263.5,236.023,225.969,0.843374
75,2.5025,8,3,782.5,245,765.58,201.661,0.873469
75,2.5025,9,3,269.5,243,33.9113,203.59,0.832308
75,2.5025,10,2,707.5,234.5,660.544,189.792,0.8
75,2.5025,11,3,661.5,234.929,593.793,190.707,0.829927
75,2.5025,12,4,369.5,221.804,170.303,177.375,0.657576
75,2.5025,13,4,743.976,220.119,718.147,171.888,0.661301
75,2.5025,17,4,731.781,194.562,708.285,139.393,0.869703
75,2.5025,18,3,472.3,171.1,314.638,110.66,0.831944
75,2.5025,15,3,626,166.786,552.632,103.004,0.754152
75,2.5025,16,4,647.5,153.55,588.781,84.0663,0.764844
76,2.53587,1,3,836,441,769.391,393.563,0.871739
76,2.53587,2,3,215.273,438.818,33.1994,394.182,0.879916
76,2.53587,3,4,689.137,430.627,595.706,385.622,0.726923
76,2.53587,14,3,724.858,371.922,650.977,334.242,0.776056
76,2.53587,4,3,578.5,359.833,466.456,323.784,0.83
76,2.53587,5,4,271.972,331.163,68.4016,298.005,0.652564
76,2.53587,6,4,525,322.5,397.844,287.87,0.673171
76,2.53587,19,4,573,270,463.938,231.997,0.684518
76,2.53587,7,3,409.5,263.5,236.023,225.969,0.843374
76,2.53587,8,3,782.5,245,765.58,201.661,0.873469
76,2.53587,9,3,269.5,243,33.9113,203.59,0.832308
76,2.53587,10,2,707.5,234.5,660.544,189.792,0.8
76,2.53587,11,3,661.5,234.929,593.793,190.707,0.829927
76,2.53587,13,4,743.5,220.31,717.382,172.129,0.668056
76,2.53587,12,4,369.5,221.804,170.303,177.375,0.657576
76,2.53587,17,4,728.5,193.4,703.686,137.899,0.880224
76,2.53587,18,3,472.3,171.1,314.638,110.66,0.826389
76,2.53587,15,3,626,166.786,552.632,103.004,0.754152
76,2.53587,16,4,647.5,153.55,588.781,84.0663,0.764844
77,2.56924,1,3,836,441,769.391,393.563,0.871739
77,2.56924,2,3,214.263,437.395,31.552,393.034,0.878333
77,2.56924,3,4,689.137,430.627,595.706,385.622,0.726923
77,2.56924,14,3,728.5,376.58,654.552,338.489,0.717297
77,2.56924,4,3,578.5,359.833,466.456,323.784,0.83
77,2.56924,5,4,271.972,331.163,68.4016,298.005,0.652564
77,2.56924,6,4,525,322.5,397.844,287.87,0.673171
77,2.56924,19,4,573,270,463.938,231.997,0.684518
77,2.56924,7,3,409.5,263.5,236.023,225.969,0.843374
77,2.56924,8,3,782.944,245.111,766.178,201.788,0.871111
77,2.56924,9,3,269.5,243,33.9113,203.59,0.832308
77,2.56924,10,2,707.5,234.5,660.544,189.792,0.8
77,2.56924,11,3,661.5,234.929,593.793,190.707,0.832847
77,2.56924,13,4,743.5,220.31,717.382,172.129,0.669792
77,2.56924,12,4,369.5,221.804,170.303,177.375,0.657576
77,2.56924,17,4,726.5,192.643,700.893,136.923,0.86903
77,2.56924,18,3,472.3,171.1,314.638,110.66,0.826389
77,2.56924,15,3,626,166.786,552.632,103.004,0.754152
77,2.56924,16,4,647.5,153.55,588.781,84.0663,0.764844
78,2.6026,1,3,836,441,769.391,393.563,0.871739
78,2.6026,2,3,214.263,437.395,31.552,393.034,0.878333
78,2.6026,3,4,689.137,430.627,595.706,385.622,0.726923
78,2.6026,14,3,729.5,379.237,655.22,340.901,0.710056
78,2.6026,4,3,578.5,359.833,466.456,323.784,0.83
78,2.6026,5,4,271.972,331.163,68.4016,298.005,0.652564
78,2.6026,6,4,525,322.5,397.844,287.87,0.673171
78,2.6026,19,4,573,270,463.938,231.997,0.684518
78,2.6026,7,3,409.5,263.5,236.023,225.969,0.843374
78,2.6026,8,3,782.944,245.111,766.178,201.788,0.871111
78,2.6026,9,3,269.5,243,33.9113,203.59,0.832308
78,2.6026,10,2,707,234.714,659.763,190.055,0.810811
78,2.6026,11,3,661.5,234.929,593.793,190.707,0.832847
78,2.6026,13,4,743.5,220.31,717.382,172.129,0.678472
78,2.6026,12,4,369.5,221.804,170.303,177.375,0.657576
78,2.6026,17,4,725.5,192.5,699.42,136.745,0.845
78,2.6026,18,3,472.3,171.1,314.638,110.66,0.829167
78,2.6026,15,3,626,166.786,552.632,103.004,0.754152
78,2.6026,16,4,647.5,153.55,588.781,84.0663,0.764844
79,2.63597,1,3,836,441,769.391,393.563,0.871739
79,2.63597,2,3,214.263,437.395,31.552,393.034,0.878333
79,2.63597,3,4,689.137,430.627,595.706,385.622,0.726923
79,2.63597,14,3,732,380.68,658.044,342.197,0.714
79,2.63597,4,3,578.5,359.833,466.456,323.784,0.83
79,2.63597,5,4,271.972,331.163,68.4016,298.005,0.652564
79,2.63597,6,4,525,322.5,397.844,287.87,0.673171
79,2.63597,19,4,573,270,463.938,231.997,0.684518
79,2.63597,7,3,409.5,263.5,236.023,225.969,0.843374
79,2.63597,8,3,782.944,245.111,766.178,201.788,0.871111
79,2.63597,9,3,269.5,243,33.9113,203.59,0.832308
79,2.63597,10,2,707,234.714,659.763,190.055,0.810811
79,2.63597,11,3,661.5,234.929,593.793,190.707,0.832847
79,2.63597,13,4,743.5,220.31,717.382,172.129,0.678472
79,2.63597,12,4,369.5,221.804,170.303,177.375,0.657576
79,2.63597,17,4,723,192.5,695.623,136.771,0.851786
79,2.63597,18,3,472.3,171.1,314.638,110.66,0.829167
79,2.63597,15,3,626,166.786,552.632,103.004,0.754152
79,2.63597,16,4,647.5,153.55,588.781,84.0663,0.764844
80,2.66934,1,3,836,441,769.391,393.563,0.871739
80,2.66934,2,3,214.263,437.395,31.552,393.034,0.878333
80,2.66934,3,4,689.137,430.627,595.706,385.622,0.726923
80,2.66934,14,3,736.813,388.172,662.38,348.91,0.785246
80,2.66934,4,3,578.5,359.833,466.456,323.784,0.83
80,2.66934,5,4,271.972,331.163,68.4016,298.005,0.652564
80,2.66934,6,4,525,322.5,397.844,287.87,0.673171
80,2.66934,19,4,573,270,463.938,231.997,0.684518
80,2.66934,7,3,409.5,263.5,236.023,225.969,0.843374
80,2.66934,8,3,782.944,245.111,766.178,201.788,0.871111
80,2.66934,9,3,269.5,243,33.9113,203.59,0.832308
80,2.66934,10,2,707,234.714,659.763,190.055,0.810811
80,2.66934,11,3,661.5,234.929,593.793,190.707,0.832847
80,2.66934,13,4,743.5,220.31,717.382,172.129,0.671528
80,2.66934,12,4,369.5,221.804,170.303,177.375,0.657576
80,2.66934,17,4,719.5,191.5,690.616,135.488,0.852734
80,2.66934,18,3,472.3,171.1,314.638,110.66,0.826389
80,2.66934,15,3,626,166.786,552.632,103.004,0.75704
80,2.66934,16,4,647.5,153.55,588.781,84.0663,0.764844
81,2.7027,1,3,836,441,769.391,393.563,0.871739
81,2.7027,2,3,214.263,437.395,31.552,393.034,0.878333
81,2.7027,3,4,689.137,430.627,595.706,385.622,0.726923
81,2.7027,14,3,740,392.92,665.268,353.118,0.702584
81,2.7027,4,3,578.5,359.833,466.456,323.784,0.83
81,2.7027,5,4,271.972,331.163,68.4016,298.005,0.65373
81,2.7027,6,4,525,322.5,397.844,287.87,0.673171
81,2.7027,19,4,573,270,463.938,231.997,0.684518
81,2.7027,7,3,409.5,263.5,236.023,225.969,0.843374
81,2.7027,8,3,782.944,245.111,766.178,201.788,0.871111
81,2.7027,9,3,269.5,243,33.9113,203.59,0.832308
81,2.7027,10,2,707,234.714,659.763,190.055,0.810811
81,2.7027,11,3,661.5,234.929,593.793,190.707,0.832847
81,2.7027,13,4,743.5,220.31,717.382,172.129,0.671528
81,2.7027,12,4,369.5,221.804,170.303,177.375,0.659091
81,2.7027,17,4,717.5,190.833,687.78,134.628,0.863406
81,2.7027,18,3,472.3,171.1,314.638,110.66,0.826389
81,2.7027,15,3,626,166.786,552.632,103.004,0.75704
81,2.7027,16,4,647.5,153.55,588.781,84.0663,0.764844
82,2.73607,1,3,836,441,769.391,393.563,0.871739
82,2.73607,2,3,214.263,437.395,31.552,393.034,0.878333
82,2.73607,3,4,689.137,430.627,595.706,385.622,0.726923
82,2.73607,14,3,741.908,395.054,667.149,354.996,0.707712
82,2.73607,4,3,578.5,359.833,466.456,323.784,0.83
82,2.73607,5,4,271.972,331.163,68.4016,298.005,0.65373
82,2.73607,6,4,525,322.5,397.844,287.87,0.673171
82,2.73607,19,4,573,270,463.938,231.997,0.684518
82,2.73607,7,3,409.5,263.5,236.023,225.969,0.843374
82,2.73607,8,3,782.944,245.111,766.178,201.788,0.871111
82,2.73607,9,3,269.5,243,33.9113,203.59,0.832308
82,2.73607,10,2,707,234.714,659.763,190.055,0.817568
82,2.73607,11,3,661.5,234.929,593.793,190.707,0.832847
82,2.73607,13,4,743.5,220.31,717.382,172.129,0.671528
82,2.73607,12,4,369.5,221.804,170.303,177.375,0.659091
82,2.73607,17,4,716.5,190.643,686.316,134.386,0.861567
82,2.73607,18,3,472.3,171.1,314.638,110.66,0.826389
82,2.73607,15,3,626,166.786,552.632,103.004,0.75704
82,2.73607,16,4,647.5,153.55,588.781,84.0663,0.764844
83,2.76944,1,3,836,441,769.391,393.563,0.871739
83,2.76944,2,3,214.263,437.395,31.552,393.034,0.878333
83,2.76944,3,4,689.137,430.627,595.706,385.622,0.726923
83,2.76944,14,3,746.54,402.738,671.102,361.708,0.748705
83,2.76944,4,3,578.5,359.833,466.456,323.784,0.83
83,2.76944,5,4,271.972,331.163,68.4016,298.005,0.65373
83,2.76944,6,4,525,322.5,397.844,287.87,0.673171
83,2.76944,19,4,573,270,463.938,231.997,0.684518
83,2.76944,7,3,409.5,263.5,236.023,225.969,0.843374
83,2.76944,8,3,782.944,245.111,766.178,201.788,0.871111
83,2.76944,9,3,269.5,243,33.9113,203.59,0.832308
83,2.76944,10,2,707,234.714,659.763,190.055,0.817568
83,2.76944,11,3,661.5,234.929,593.793,190.707,0.832847
83,2.76944,13,4,743.5,220.31,717.382,172.129,0.671528
83,2.76944,12,4,369.5,221.804,170.303,177.375,0.659091
83,2.76944,17,4,712.593,189.763,680.635,133.262,0.870076
83,2.76944,18,3,472.3,171.1,314.638,110.66,0.826389
83,2.76944,15,3,626,166.786,552.632,103.004,0.75704
83,2.76944,16,4,647.5,153.55,588.781,84.0663,0.764844
84,2.8028,1,3,836,441,769.391,393.563,0.871739
84,2.8028,2,3,215,438,32.6147,393.521,0.873438
84,2.8028,3,4,689.137,430.627,595.706,385.622,0.725385
84,2.8028,14,3,750.554,407.069,675.032,365.444,0.699494
84,2.8028,4,3,579,359.889,467.091,323.833,0.824201
84,2.8028,5,4,271.972,331.163,68.4016,298.005,0.652564
84,2.8028,6,4,524.5,322.5,397.185,287.873,0.668622
84,2.8028,19,4,573,270,463.938,231.997,0.679442
84,2.8028,7,3,409.5,263.5,236.023,225.969,0.840964
84,2.8028,8,3,782,245.5,764.676,202.255,0.877778
84,2.8028,9,3,270,243,34.6181,203.585,0.854545
84,2.8028,10,2,707,234.714,659.763,190.055,0.810811
84,2.8028,11,3,661.5,234.833,593.811,190.593,0.830435
84,2.8028,13,4,743.5,220.31,717.382,172.129,0.676736
84,2.8028,12,3,369.5,221.804,170.303,177.375,0.804242
84,2.8028,17,4,711,188.857,678.477,132.077,0.895018
84,2.8028,18,3,472.3,171.1,314.638,110.66,0.843056
84,2.8028,15,3,626.5,166.738,553.418,102.932,0.76015
84,2.8028,16,4,647.5,153.5,588.791,83.9946,0.76875
85,2.83617,1,3,836,441,769.391,393.563,0.871739
85,2.83617,2,3,215,438,32.6147,393.521,0.873438
85,2.83617,3,4,689.137,430.627,595.706,385.622,0.725385
85,2.83617,14,3,753.96,411.955,678.057,369.632,0.661557
85,2.83617,4,3,579,359.889,467.091,323.833,0.824201
85,2.83617,5,4,271.972,331.163,68.4016,298.005,0.652564
85,2.83617,6,4,524.5,322.5,397.185,287.873,0.668622
85,2.83617,19,4,573,270,463.938,231.997,0.679442
85,2.83617,7,3,409.5,263.5,236.023,225.969,0.840964
85,2.83617,8,3,782,245.5,764.676,202.255,0.877778
85,2.83617,9,3,270,243,34.6181,203.585,0.854545
85,2.83617,10,2,707,234.714,659.763,190.055,0.810811
85,2.83617,11,3,661.5,234.833,593.811,190.593,0.830435
85,2.83617,13,4,743.5,220.31,717.382,172.129,0.676736
85,2.83617,12,3,369.5,221.804,170.303,177.375,0.804242
85,2.83617,17,1,708.5,188.5,674.772,131.629,0.706522
85,2.83617,18,3,472.3,171.1,314.638,110.66,0.840278
85,2.83617,15,3,626.5,166.738,553.418,102.932,0.757143
85,2.83617,16,4,647.5,153.5,588.791,83.9946,0.76875
86,2.86954,1,3,836,441,769.391,393.563,0.871739
86,2.86954,2,3,215,438,32.6147,393.521,0.873438
86,2.86954,3,4,689.137,430.627,595.706,385.622,0.725385
86,2.86954,14,3,753.96,411.955,678.057,369.632,0.66253
86,2.86954,4,3,579,359.889,467.091,323.833,0.824201
86,2.86954,5,4,271.972,331.163,68.4016,298.005,0.652564
86,2.86954,6,4,524.5,322.5,397.185,287.873,0.668622
86,2.86954,19,4,573,270,463.938,231.997,0.679442
86,2.86954,7,3,409.5,263.5,236.023,225.969,0.840964
86,2.86954,8,3,782,245.5,764.676,202.255,0.877778
86,2.86954,9,3,270,243,34.6181,203.585,0.854545
86,2.86954,10,2,707,234.714,659.763,190.055,0.810811
86,2.86954,11,3,661.5,234.833,593.811,190.593,0.830435
86,2.86954,13,4,743.5,220.31,717.382,172.129,0.676736
86,2.86954,12,3,369.5,221.804,170.303,177.375,0.804242
86,2.86954,17,1,708.5,188.5,674.772,131.629,0.702899
86,2.86954,18,3,472.3,171.1,314.638,110.66,0.840278
86,2.86954,15,3,626.5,166.738,553.418,102.932,0.757143
86,2.86954,16,4,647.5,153.5,588.791,83.9946,0.76875
87,2.9029,1,3,836,441,769.391,393.563,0.871739
87,2.9029,2,3,215,438,32.6147,393.521,0.873438
87,2.9029,3,4,689.137,430.627,595.706,385.622,0.725385
87,2.9029,14,3,759,419,682.528,375.606,0.759382
87,2.9029,4,3,579,359.889,467.091,323.833,0.824201
87,2.9029,5,4,271.972,331.163,68.4016,298.005,0.652564
87,2.9029,6,4,524.5,322.5,397.185,287.873,0.668622
87,2.9029,19,4,573,270,463.938,231.997,0.679442
87,2.9029,7,3,409.5,263.5,236.023,225.969,0.840964
87,2.9029,8,3,782,245.5,764.676,202.255,0.877778
87,2.9029,9,3,270,243,34.6181,203.585,0.854545
87,2.9029,10,2,707,234.714,659.763,190.055,0.810811
87,2.9029,11,3,661.5,234.833,593.811,190.593,0.830435
87,2.9029,13,4,743.5,220.31,717.382,172.129,0.676736
87,2.9029,12,3,369.5,221.804,170.303,177.375,0.804242
87,2.9029,17,1,705,187.825,669.63,130.768,0.712
87,2.9029,18,3,472.3,171.1,314.638,110.66,0.840278
87,2.9029,15,3,626.5,166.738,553.418,102.932,0.757143
87,2.9029,16,4,647.5,153.5,588.791,83.9946,0.76875
88,2.93627,1,3,836,441,769.391,393.563,0.871739
88,2.93627,2,3,215,438,32.6147,393.521,0.873438
88,2.93627,3,4,689.137,430.627,595.706,385.622,0.725385
88,2.93627,14,3,762.3,424.5,685.212,380.222,0.684158
88,2.93627,4,3,579,359.889,467.091,323.833,0.824201
88,2.93627,5,4,271.972,331.163,68.4016,298.005,0.652564
88,2.93627,6,4,524.5,322.5,397.185,287.873,0.668622
88,2.93627,19,4,573,270,463.938,231.997,0.679442
88,2.93627,7,3,409.5,263.5,236.023,225.969,0.840964
88,2.93627,8,3,782,245.5,764.676,202.255,0.877778
88,2.93627,9,3,270,243,34.6181,203.585,0.854545
88,2.93627,10,2,707,234.714,659.763,190.055,0.810811
88,2.93627,11,3,661.5,234.833,593.811,190.593,0.830435
88,2.93627,13,4,743.5,220.31,717.382,172.129,0.676736
88,2.93627,12,3,369.5,221.804,170.303,177.375,0.804242
88,2.93627,17,4,703,187,666.813,129.69,0.88195
88,2.93627,18,3,472.3,171.1,314.638,110.66,0.840278
88,2.93627,15,3,626.5,166.738,553.418,102.932,0.757143
88,2.93627,16,4,647.5,153.5,588.791,83.9946,0.76875
89,2.96964,1,3,836,441,769.391,393.563,0.871739
89,2.96964,2,3,215,438,32.6147,393.521,0.873438
89,2.96964,3,4,689.137,430.627,595.706,385.622,0.725385
89,2.96964,14,3,765.182,428.62,687.702,383.649,0.664583
89,2.96964,4,3,579,359.889,467.091,323.833,0.824201
89,2.96964,5,4,271.972,331.163,68.4016,298.005,0.652564
89,2.96964,6,4,524.5,322.5,397.185,287.873,0.668622
89,2.96964,19,4,573,270,463.938,231.997,0.679442
89,2.96964,7,3,409.5,263.5,236.023,225.969,0.840964
89,2.96964,8,3,782,245.5,764.676,202.255,0.877778
89,2.96964,9,3,270,243,34.6181,203.585,0.854545
89,2.96964,10,2,707,234.714,659.763,190.055,0.810811
89,2.96964,11,3,661.5,234.833,593.811,190.593,0.830435
89,2.96964,13,4,743.5,220.31,717.382,172.129,0.676736
89,2.96964,12,3,369.5,221.804,170.303,177.375,0.804242
89,2.96964,17,4,701,186.5,663.9,129.045,0.874074
89,2.96964,18,3,472.3,171.1,314.638,110.66,0.843056
89,2.96964,15,3,626.5,166.738,553.418,102.932,0.757143
89,2.96964,16,4,647.5,153.5,588.791,83.9946,0.76875
90,3.003,1,3,836,441,769.391,393.563,0.871739
90,3.003,2,3,215,438,32.6147,393.521,0.873438
90,3.003,3,4,689.137,430.627,595.706,385.622,0.725385
90,3.003,14,3,767,429.7,689.632,384.539,0.760411
90,3.003,4,3,579,359.889,467.091,323.833,0.824201
90,3.003,5,4,271.972,331.163,68.4016,298.005,0.651399
90,3.003,6,4,524.5,322.5,397.185,287.873,0.668622
90,3.003,19,4,573,270,463.938,231.997,0.679442
90,3.003,7,3,409.5,263.5,236.023,225.969,0.840964
90,3.003,8,3,782,245.5,764.676,202.255,0.877778
90,3.003,9,3,270,243,34.6181,203.585,0.854545
90,3.003,10,2,707,234.714,659.763,190.055,0.810811
90,3.003,11,3,661.5,234.833,593.811,190.593,0.830435
90,3.003,13,4,743.5,220.31,717.382,172.129,0.676736
90,3.003,12,3,369.5,221.804,170.303,177.375,0.804242
90,3.003,17,4,699.1,186.5,660.998,129.064,0.886397
90,3.003,18,3,472.3,171.1,314.638,110.66,0.840278
90,3.003,15,3,626.5,166.738,553.418,102.932,0.757143
90,3.003,16,4,647.5,153.5,588.791,83.9946,0.76875
91,3.03637,1,3,836,441,769.391,393.563,0.871739
91,3.03637,2,3,215,438,32.6147,393.521,0.873438
91,3.03637,14,3,772.159,435,694.54,388.899,0.803679
91,3.03637,3,4,689.137,430.627,595.706,385.622,0.725385
91,3.03637,4,3,579,359.889,467.091,323.833,0.824201
91,3.03637,5,4,271.972,331.163,68.4016,298.005,0.651399
91,3.03637,6,4,524.5,322.5,397.185,287.873,0.668622
91,3.03637,19,4,573,270,463.938,231.997,0.679442
91,3.03637,7,3,409.5,263.5,236.023,225.969,0.840964
91,3.03637,8,3,782,245.5,764.676,202.255,0.877778
91,3.03637,9,3,270,243,34.6181,203.585,0.854545
91,3.03637,10,2,707,234.714,659.763,190.055,0.810811
91,3.03637,11,3,661.5,234.833,593.811,190.593,0.830435
91,3.03637,13,4,743.5,220.31,717.382,172.129,0.676736
91,3.03637,12,3,369.5,221.804,170.303,177.375,0.804242
91,3.03637,17,1,697,185.775,657.99,128.119,0.707581
91,3.03637,18,3,472.3,171.1,314.638,110.66,0.840278
91,3.03637,15,3,626.5,166.738,553.418,102.932,0.757143
91,3.03637,16,4,647.5,153.5,588.791,83.9946,0.76875
92,3.06974,1,3,836,441,769.391,393.563,0.871739
92,3.06974,2,3,215,438,32.6147,393.521,0.873438
92,3.06974,14,3,774.114,436,696.637,389.713,0.82355
92,3.06974,3,4,689.137,430.627,595.706,385.622,0.725385
92,3.06974,4,3,579,359.889,467.091,323.833,0.824201
92,3.06974,5,4,271.972,331.163,68.4016,298.005,0.651399
92,3.06974,6,4,524.5,322.5,397.185,287.873,0.668622
92,3.06974,19,4,573,270,463.938,231.997,0.679442
92,3.06974,7,3,409.5,263.5,236.023,225.969,0.840964
92,3.06974,8,3,782,245.5,764.676,202.255,0.877778
92,3.06974,9,3,270,243,34.6181,203.585,0.854545
92,3.06974,10,2,707,234.714,659.763,190.055,0.810811
92,3.06974,11,3,661.5,234.833,593.811,190.593,0.830435
92,3.06974,13,4,743.5,220.31,717.382,172.129,0.676736
92,3.06974,12,3,369.5,221.804,170.303,177.375,0.804242
92,3.06974,17,4,695.5,185.8,655.691,128.168,0.895865
92,3.06974,18,3,472.3,171.1,314.638,110.66,0.840278
92,3.06974,15,3,626.5,166.738,553.418,102.932,0.757143
92,3.06974,16,4,647.5,153.5,588.791,83.9946,0.76875
93,3.1031,1,3,836,441,769.391,393.563,0.871739
93,3.1031,2,3,215,438,32.6147,393.521,0.873438
93,3.1031,14,3,775.676,434.441,698.903,388.425,0.761493
93,3.1031,3,4,689.137,430.627,595.706,385.622,0.725385
93,3.1031,4,3,579,359.889,467.091,323.833,0.824201
93,3.1031,5,4,271.972,331.163,68.4016,298.005,0.652564
93,3.1031,6,4,524.5,322.5,397.185,287.873,0.668622
93,3.1031,19,4,573,270,463.938,231.997,0.676904
93,3.1031,7,3,409.5,263.5,236.023,225.969,0.840964
93,3.1031,8,3,782,245.5,764.676,202.255,0.877778
93,3.1031,9,3,270,243,34.6181,203.585,0.854545
93,3.1031,10,2,707,234.714,659.763,190.055,0.810811
93,3.1031,11,3,661.5,234.833,593.811,190.593,0.830435
93,3.1031,13,4,743.5,220.31,717.382,172.129,0.676736
93,3.1031,12,3,369.5,221.804,170.303,177.375,0.804242
93,3.1031,17,1,692,184.857,650.593,126.944,0.712177
93,3.1031,18,3,472.3,171.1,314.638,110.66,0.843056
93,3.1031,15,3,626.5,166.738,553.418,102.932,0.757143
93,3.1031,16,4,647.5,153.5,588.791,83.9946,0.76875
94,3.13647,1,3,836,441,769.391,393.563,0.871739
94,3.13647,2,3,215,438,32.6147,393.521,0.873438
94,3.13647,14,3,776.5,432.853,700.292,387.112,0.714371
94,3.13647,3,4,689.137,430.627,595.706,385.622,0.725385
94,3.13647,4,3,579,359.889,467.091,323.833,0.824201
94,3.13647,5,4,271.972,331.163,68.4016,298.005,0.65373
94,3.13647,6,4,524.5,322.5,397.185,287.873,0.667347
94,3.13647,19,4,573,270,463.938,231.997,0.676904
94,3.13647,7,3,409.5,263.5,236.023,225.969,0.840964
94,3.13647,8,3,782,245.5,764.676,202.255,0.877778
94,3.13647,9,3,270,243,34.6181,203.585,0.854545
94,3.13647,10,2,707,234.714,659.763,190.055,0.810811
94,3.13647,11,3,661.5,234.833,593.811,190.593,0.830435
94,3.13647,13,4,743.5,220.31,717.382,172.129,0.676736
94,3.13647,12,3,369.5,221.804,170.303,177.375,0.804242
94,3.13647,17,1,691.5,184.833,649.835,126.917,0.702899
94,3.13647,18,3,472.3,171.1,314.638,110.66,0.843056
94,3.13647,15,3,626.5,166.738,553.418,102.932,0.757143
94,3.13647,16,4,647.5,153.5,588.791,83.9946,0.76875
95,3.16984,1,3,836,441,769.391,393.563,0.871739
95,3.16984,2,3,215,438,32.6147,393.521,0.873438
95,3.16984,14,2,777.19,431,701.593,385.576,0.575668
95,3.16984,3,4,689.137,430.627,595.706,385.622,0.725385
95,3.16984,4,3,579,359.889,467.091,323.833,0.824201
95,3.16984,5,4,271.972,331.163,68.4016,298.005,0.65373
95,3.16984,6,4,524.5,322.5,397.185,287.873,0.667347
95,3.16984,19,4,573,270,463.938,231.997,0.676904
95,3.16984,7,3,409.5,263.5,236.023,225.969,0.840964
95,3.16984,8,3,782,245.5,764.676,202.255,0.877778
95,3.16984,9,3,270,243,34.6181,203.585,0.854545
95,3.16984,10,2,707,234.714,659.763,190.055,0.810811
95,3.16984,11,3,661.5,234.833,593.811,190.593,0.830435
95,3.16984,13,4,743.5,220.31,717.382,172.129,0.683681
95,3.16984,12,3,369.5,221.804,170.303,177.375,0.804242
95,3.16984,17,4,689.106,184.47,646.268,126.455,0.887638
95,3.16984,18,3,472.3,171.1,314.638,110.66,0.845833
95,3.16984,15,3,626.5,166.738,553.418,102.932,0.757143
95,3.16984,16,4,647.5,153.5,588.791,83.9946,0.76875
96,3.2032,1,3,836.269,440.143,769.979,392.863,0.873469
96,3.2032,2,3,215.5,438,33.2027,393.519,0.880669
96,3.2032,3,4,689.137,430.627,595.706,385.622,0.723846
96,3.2032,14,2,778,428.417,703.228,383.428,0.587629
96,3.2032,4,3,578.5,359.833,466.456,323.784,0.824546
96,3.2032,5,3,272,331.16,68.4369,298.001,0.759207
96,3.2032,6,4,524,322.5,396.525,287.877,0.67439
96,3.2032,19,4,573.5,270,464.634,231.993,0.698936
96,3.2032,7,3,409.5,263.5,236.023,225.969,0.83494
96,3.2032,8,3,782,245.5,764.676,202.255,0.877778
96,3.2032,9,3,269.718,243.464,34.3989,204.129,0.852239
96,3.2032,10,2,707,234.714,659.763,190.055,0.820946
96,3.2032,11,3,661.5,234.833,593.811,190.593,0.833333
96,3.2032,13,4,743,220,716.746,171.75,0.686519
96,3.2032,12,4,369.5,221.804,170.303,177.375,0.65303
96,3.2032,17,4,687,184,643.167,125.848,0.879502
96,3.2032,18,3,472.645,171.194,315.179,110.786,0.846575
96,3.2032,15,3,626.5,166.738,553.418,102.932,0.758647
96,3.2032,16,4,647.5,153.5,588.791,83.9946,0.770703
97,3.23657,1,3,836.269,440.143,769.979,392.863,0.873469
97,3.23657,2,3,215.5,438,33.2027,393.519,0.880669
97,3.23657,3,4,689.137,430.627,595.706,385.622,0.723846
97,3.23657,14,2,778.807,428.209,704.255,383.252,0.622829
97,3.23657,4,3,578.5,359.833,466.456,323.784,0.824546
97,3.23657,5,3,272,331.16,68.4369,298.001,0.759207
97,3.23657,6,4,524,322.5,396.525,287.877,0.67439
97,3.23657,19,4,573.5,270,464.634,231.993,0.698936
97,3.23657,7,3,409.5,263.5,236.023,225.969,0.83494
97,3.23657,8,3,782,245.5,764.676,202.255,0.877778
97,3.23657,9,3,269.718,243.464,34.3989,204.129,0.852239
97,3.23657,10,2,707,234.714,659.763,190.055,0.820946
97,3.23657,11,3,661.5,234.833,593.811,190.593,0.833333
97,3.23657,13,4,743,220,716.746,171.75,0.686519
97,3.23657,12,4,369.5,221.804,170.303,177.375,0.65303
97,3.23657,17,4,686.125,184,641.828,125.857,0.875
97,3.23657,18,3,472.645,171.194,315.179,110.786,0.846575
97,3.23657,15,3,626.5,166.738,553.418,102.932,0.758647
97,3.23657,16,4,647.5,153.5,588.791,83.9946,0.770703
98,3.26994,1,3,836.269,440.143,769.979,392.863,0.873469
98,3.26994,2,3,215.5,438,33.2027,393.519,0.880669
98,3.26994,3,4,689.137,430.627,595.706,385.622,0.723846
98,3.26994,14,3,779.647,424.529,706.222,380.174,0.680095
98,3.26994,4,3,578.5,359.833,466.456,323.784,0.824546
98,3.26994,5,3,272,331.16,68.4369,298.001,0.759207
98,3.26994,6,4,524,322.5,396.525,287.877,0.67439
98,3.26994,19,4,573.5,270,464.634,231.993,0.698936
98,3.26994,7,3,409.5,263.5,236.023,225.969,0.83494
98,3.26994,8,3,782,245.5,764.676,202.255,0.877778
98,3.26994,9,3,269.718,243.464,34.3989,204.129,0.852239
98,3.26994,10,2,707,234.714,659.763,190.055,0.820946
98,3.26994,11,3,661.5,234.833,593.811,190.593,0.833333
98,3.26994,13,4,743,220,716.746,171.75,0.686519
98,3.26994,12,4,369.5,221.804,170.303,177.375,0.65303
98,3.26994,17,4,684,182.786,638.883,124.249,0.883935
98,3.26994,18,3,472.645,171.194,315.179,110.786,0.846575
98,3.26994,15,3,626.5,166.738,553.418,102.932,0.758647
98,3.26994,16,4,647.5,153.5,588.791,83.9946,0.770703
99,3.3033,1,3,836.269,440.143,769.979,392.863,0.873469
99,3.3033,2,3,215.5,438,33.2027,393.519,0.880669
99,3.3033,3,4,689.137,430.627,595.706,385.622,0.723846
99,3.3033,14,2,781,423.14,708.224,379.003,0.605459
99,3.3033,4,3,578.5,359.833,466.456,323.784,0.824546
99,3.3033,5,3,272,331.16,68.4369,298.001,0.759207
99,3.3033,6,4,524,322.5,396.525,287.877,0.67439
99,3.3033,19,4,573.5,270,464.634,231.993,0.698936
99,3.3033,7,3,409.5,263.5,236.023,225.969,0.83494
99,3.3033,8,3,782,245.5,764.676,202.255,0.877778
99,3.3033,9,3,269.718,243.464,34.3989,204.129,0.852239
99,3.3033,10,2,707,234.714,659.763,190.055,0.820946
99,3.3033,11,3,661.5,234.833,593.811,190.593,0.833333
99,3.3033,13,4,743,220,716.746,171.75,0.686519
99,3.3033,12,4,369.5,221.804,170.303,177.375,0.65303
99,3.3033,17,4,682.5,182.738,636.597,124.201,0.886466
99,3.3033,18,3,472.645,171.194,315.179,110.786,0.846575
99,3.3033,15,3,626.5,166.738,553.418,102.932,0.758647
99,3.3033,16,4,647.5,153.5,588.791,83.9946,0.770703
100,3.33667,1,3,836.269,440.143,769.979,392.863,0.873469
100,3.33667,2,3,215.5,438,33.2027,393.519,0.880669
100,3.33667,3,4,689.137,430.627,595.706,385.622,0.723846
100,3.33667,14,2,782.027,420.171,710.253,376.498,0.648855
100,3.33667,4,3,578.5,359.833,466.456,323.784,0.822727
100,3.33667,5,3,272,331.16,68.4369,298.001,0.759207
100,3.33667,6,4,524,322.5,396.525,287.877,0.67439
100,3.33667,19,4,573.5,270,464.634,231.993,0.698936
100,3.33667,7,3,409.5,263.5,236.023,225.969,0.83494
100,3.33667,8,3,782,245.5,764.676,202.255,0.877778
100,3.33667,9,3,269.718,243.464,34.3989,204.129,0.852239
100,3.33667,10,2,707,234.714,659.763,190.055,0.820946
100,3.33667,11,3,661.5,234.833,593.811,190.593,0.833333
100,3.33667,13,4,743,220,716.746,171.75,0.686519
100,3.33667,12,4,369.5,221.804,170.303,177.375,0.65303
100,3.33667,17,4,680.5,182.357,633.626,123.71,0.874627
100,3.33667,18,3,472.645,171.194,315.179,110.786,0.846575
100,3.33667,15,3,626.5,166.738,553.418,102.932,0.758647
100,3.33667,16,4,647.5,153.5,588.791,83.9946,0.770703
101,3.37004,1,3,836.269,440.143,769.979,392.863,0.873469
101,3.37004,2,3,215.5,438,33.2027,393.519,0.880669
101,3.37004,3,4,689.137,430.627,595.706,385.622,0.723846
101,3.37004,14,2,782,417.2,711.006,373.982,0.583541
101,3.37004,4,3,578.5,359.833,466.456,323.784,0.822727
101,3.37004,5,3,272,331.16,68.4369,298.001,0.759207
101,3.37004,6,4,524,322.5,396.525,287.877,0.67439
101,3.37004,19,4,573.5,270,464.634,231.993,0.698936
101,3.37004,7,3,409.5,263.5,236.023,225.969,0.83494
101,3.37004,8,3,782,245.5,764.676,202.255,0.877778
101,3.37004,9,3,269.718,243.464,34.3989,204.129,0.852239
101,3.37004,10,2,707,234.714,659.763,190.055,0.820946
101,3.37004,11,3,661.5,234.833,593.811,190.593,0.833333
101,3.37004,13,4,743,220,716.746,171.75,0.686519
101,3.37004,12,4,369.5,221.804,170.303,177.375,0.65303
101,3.37004,17,4,679.5,181.8,632.23,122.971,0.873308
101,3.37004,18,3,472.645,171.194,315.179,110.786,0.846575
101,3.37004,15,3,626.5,166.738,553.418,102.932,0.758647
101,3.37004,16,4,647.5,153.5,588.791,83.9946,0.770703
102,3.4034,1,3,836.269,440.143,769.979,392.863,0.873469
102,3.4034,2,3,215.5,438,33.2027,393.519,0.880669
102,3.4034,3,4,689.137,430.627,595.706,385.622,0.723846
102,3.4034,14,3,783.581,414.79,713.579,371.926,0.674939
102,3.4034,4,3,578.5,359.833,466.456,323.784,0.822727
102,3.4034,5,3,272,331.16,68.4369,298.001,0.759207
102,3.4034,6,4,524,322.5,396.525,287.877,0.67439
102,3.4034,19,4,573.5,270,464.634,231.993,0.698936
102,3.4034,7,3,409.5,263.5,236.023,225.969,0.83494
102,3.4034,8,3,782,245.5,764.676,202.255,0.877778
102,3.4034,9,3,269.718,243.464,34.3989,204.129,0.852239
102,3.4034,10,2,707,234.714,659.763,190.055,0.820946
102,3.4034,11,3,661.5,234.833,593.811,190.593,0.833333
102,3.4034,13,4,743,220,716.746,171.75,0.686519
102,3.4034,12,4,369.5,221.804,170.303,177.375,0.65303
102,3.4034,17,4,677.788,181.364,629.711,122.401,0.874111
102,3.4034,18,3,472.645,171.194,315.179,110.786,0.846575
102,3.4034,15,3,626.5,166.738,553.418,102.932,0.758647
102,3.4034,16,4,647.5,153.5,588.791,83.9946,0.770703
103,3.43677,1,3,836.269,440.143,769.979,392.863,0.873469
103,3.43677,2,3,215.5,438,33.2027,393.519,0.880669
103,3.43677,3,4,689.137,430.627,595.706,385.622,0.723846
103,3.43677,14,3,784.947,410.682,716.361,368.404,0.710945
103,3.43677,4,3,578.5,359.833,466.456,323.784,0.822727
103,3.43677,5,3,272,331.16,68.4369,298.001,0.759207
103,3.43677,6,4,524,322.5,396.525,287.877,0.67439
103,3.43677,19,4,573.5,270,464.634,231.993,0.698936
103,3.43677,7,3,409.5,263.5,236.023,225.969,0.83494
103,3.43677,8,3,782,245.5,764.676,202.255,0.877778
103,3.43677,9,3,269.718,243.464,34.3989,204.129,0.852239
103,3.43677,10,2,707,234.714,659.763,190.055,0.820946
103,3.43677,11,3,661.5,234.833,593.811,190.593,0.833333
103,3.43677,13,4,743,220,716.746,171.75,0.686519
103,3.43677,12,4,369.5,221.804,170.303,177.375,0.65303
103,3.43677,17,4,674.5,180.643,624.837,121.463,0.883955
103,3.43677,18,3,472.645,171.194,315.179,110.786,0.846575
103,3.43677,15,3,626.5,166.738,553.418,102.932,0.758647
103,3.43677,16,4,647.5,153.5,588.791,83.9946,0.770703
104,3.47014,1,3,836.269,440.143,769.979,392.863,0.873469
104,3.47014,2,3,215.5,438,33.2027,393.519,0.880669
104,3.47014,3,4,689.137,430.627,595.706,385.622,0.723846
104,3.47014,14,3,786.355,408.066,718.805,366.146,0.642714
104,3.47014,4,3,578.5,359.833,466.456,323.784,0.822727
104,3.47014,5,3,272,331.16,68.4369,298.001,0.759207
104,3.47014,6,4,524,322.5,396.525,287.877,0.67439
104,3.47014,19,4,573.5,270,464.634,231.993,0.698936
104,3.47014,7,3,409.5,263.5,236.023,225.969,0.83494
104,3.47014,8,3,782,245.5,764.676,202.255,0.877778
104,3.47014,9,3,269.718,243.464,34.3989,204.129,0.852239
104,3.47014,10,2,707,234.714,659.763,190.055,0.820946
104,3.47014,11,3,661.5,234.833,593.811,190.593,0.833333
104,3.47014,13,4,743.5,220.31,717.382,172.129,0.678472
104,3.47014,12,4,369.5,221.804,170.303,177.375,0.65303
104,3.47014,17,4,673.5,180.5,623.336,121.281,0.876087
104,3.47014,18,3,472.645,171.194,315.179,110.786,0.846575
104,3.47014,15,3,626.5,166.738,553.418,102.932,0.755639
104,3.47014,16,4,647.5,153.5,588.791,83.9946,0.770703
105,3.5035,1,3,836.269,440.143,769.979,392.863,0.873469
105,3.5035,2,3,215.5,438,33.2027,393.519,0.880669
105,3.5035,3,4,689.137,430.627,595.706,385.622,0.723846
105,3.5035,14,2,787.232,405.177,720.681,363.643,0.581281
105,3.5035,4,3,578.5,359.833,466.456,323.784,0.822727
105,3.5035,5,3,272,331.16,68.4369,298.001,0.759207
105,3.5035,6,4,524,322.5,396.525,287.877,0.67439
105,3.5035,19,4,573.5,270,464.634,231.993,0.698936
105,3.5035,7,3,409.5,263.5,236.023,225.969,0.83494
105,3.5035,8,3,782,245.5,764.676,202.255,0.877778
105,3.5035,9,3,269.718,243.464,34.3989,204.129,0.852239
105,3.5035,10,2,707,234.714,659.763,190.055,0.824324
105,3.5035,11,3,661.5,234.833,593.811,190.593,0.833333
105,3.5035,13,4,743.5,220.31,717.382,172.129,0.678472
105,3.5035,12,4,369.5,221.804,170.303,177.375,0.65303
105,3.5035,17,4,671.964,180.138,621.061,120.808,0.87037
105,3.5035,18,3,472.645,171.194,315.179,110.786,0.846575
105,3.5035,15,3,626.5,166.738,553.418,102.932,0.755639
105,3.5035,16,4,647.5,153.5,588.791,83.9946,0.770703
106,3.53687,1,3,836.269,440.143,769.979,392.863,0.873469
106,3.53687,2,3,215.5,438,33.2027,393.519,0.880669
106,3.53687,3,4,689.137,430.627,595.706,385.622,0.723846
106,3.53687,14,2,787.5,404.34,721.244,362.915,0.615385
106,3.53687,4,3,578.5,359.833,466.456,323.784,0.822727
106,3.53687,5,3,272,331.16,68.4369,298.001,0.759207
106,3.53687,6,4,524,322.5,396.525,287.877,0.67439
106,3.53687,19,4,573.5,270,464.634,231.993,0.698936
106,3.53687,7,3,409.5,263.5,236.023,225.969,0.83494
106,3.53687,8,3,782,245.5,764.676,202.255,0.877778
106,3.53687,9,3,269.718,243.464,34.3989,204.129,0.852239
106,3.53687,10,2,707,234.714,659.763,190.055,0.824324
106,3.53687,11,3,661.5,234.833,593.811,190.593,0.833333
106,3.53687,13,4,743.5,220.31,717.382,172.129,0.678472
106,3.53687,12,4,369.5,221.804,170.303,177.375,0.65303
106,3.53687,17,4,671,180,619.613,120.632,0.894828
106,3.53687,18,3,472.645,171.194,315.179,110.786,0.846575
106,3.53687,15,3,626.5,166.738,553.418,102.932,0.755639
106,3.53687,16,4,647.5,153.5,588.791,83.9946,0.770703
107,3.57024,1,3,836.269,440.143,769.979,392.863,0.873469
107,3.57024,2,3,215.5,438,33.2027,393.519,0.880669
107,3.57024,3,4,689.137,430.627,595.706,385.622,0.723846
107,3.57024,14,2,787.771,401.653,722.327,360.574,0.591731
107,3.57024,4,3,578.5,359.833,466.456,323.784,0.822727
107,3.57024,5,3,272,331.16,68.4369,298.001,0.759207
107,3.57024,6,4,524,322.5,396.525,287.877,0.67439
107,3.57024,19,4,573.5,270,464.634,231.993,0.698936
107,3.57024,7,3,409.5,263.5,236.023,225.969,0.83494
107,3.57024,8,3,782,245.5,764.676,202.255,0.877778
107,3.57024,9,3,269.718,243.464,34.3989,204.129,0.852239
107,3.57024,10,2,707,234.714,659.763,190.055,0.824324
107,3.57024,11,3,661.5,234.833,593.811,190.593,0.833333
107,3.57024,13,4,743.5,220.31,717.382,172.129,0.678472
107,3.57024,12,4,369.5,221.804,170.303,177.375,0.65303
107,3.57024,17,4,669.5,179.5,617.424,119.972,0.882031
107,3.57024,18,3,472.645,171.194,315.179,110.786,0.846575
107,3.57024,15,3,626.5,166.738,553.418,102.932,0.755639
107,3.57024,16,4,647.5,153.5,588.791,83.9946,0.770703
108,3.6036,1,3,836.269,440.143,769.979,392.863,0.871429
108,3.6036,2,3,215.5,438,33.2027,393.519,0.882156
108,3.6036,3,4,689.274,430.726,595.854,385.703,0.721779
108,3.6036,14,2,789.5,398,725.495,357.368,0.563452
108,3.6036,4,3,579,359.889,467.091,323.833,0.820548
108,3.6036,5,4,272,331.16,68.4369,298.001,0.650233
108,3.6036,6,4,524,322.5,396.525,287.877,0.67439
108,3.6036,19,4,573.5,270,464.634,231.993,0.693617
108,3.6036,7,3,409.5,263.5,236.023,225.969,0.837349
108,3.6036,8,3,782,245.5,764.676,202.255,0.890741
108,3.6036,9,3,269.5,243,33.9113,203.59,0.848718
108,3.6036,10,2,707.5,234.5,660.544,189.792,0.8
108,3.6036,11,3,661.5,234.833,593.811,190.593,0.830435
108,3.6036,13,4,743.5,220.31,717.382,172.129,0.687153
108,3.6036,12,3,369.5,221.804,170.303,177.375,0.800606
108,3.6036,17,4,666.5,179.026,612.919,119.362,0.882
108,3.6036,18,3,472.645,171.194,315.179,110.786,0.846575
108,3.6036,15,3,626,166.786,552.632,103.004,0.754152
108,3.6036,16,4,647.5,153.5,588.791,83.9946,0.770703
109,3.63697,1,3,836.269,440.143,769.979,392.863,0.871429
109,3.63697,2,3,215.5,438,33.2027,393.519,0.882156
109,3.63697,3,4,689.274,430.726,595.854,385.703,0.721779
109,3.63697,14,3,790.75,395.562,727.741,355.216,0.678005
109,3.63697,4,3,579,359.889,467.091,323.833,0.820548
109,3.63697,5,4,272,331.16,68.4369,298.001,0.650233
109,3.63697,6,4,524,322.5,396.525,287.877,0.67439
109,3.63697,19,4,573.5,270,464.634,231.993,0.693617
109,3.63697,7,3,409.5,263.5,236.023,225.969,0.837349
109,3.63697,8,3,782,245.5,764.676,202.255,0.890741
109,3.63697,9,3,269.5,243,33.9113,203.59,0.848718
109,3.63697,10,2,707.5,234.5,660.544,189.792,0.8
109,3.63697,11,3,661.5,234.833,593.811,190.593,0.830435
109,3.63697,13,4,743.5,220.31,717.382,172.129,0.687153
109,3.63697,12,3,369.5,221.804,170.303,177.375,0.800606
109,3.63697,17,4,665,178.5,610.73,118.665,0.885185
109,3.63697,18,3,472.645,171.194,315.179,110.786,0.846575
109,3.63697,15,3,626,166.786,552.632,103.004,0.754152
109,3.63697,16,4,647.5,153.5,588.791,83.9946,0.770703
110,3.67034,1,3,836.269,440.143,769.979,392.863,0.871429
110,3.67034,2,3,215.5,438,33.2027,393.519,0.882156
110,3.67034,3,4,689.274,430.726,595.854,385.703,0.721779
110,3.67034,14,3,790.853,395,728.03,354.719,0.688916
110,3.67034,4,3,579,359.889,467.091,323.833,0.820548
110,3.67034,5,4,272,331.16,68.4369,298.001,0.650233
110,3.67034,6,4,524,322.5,396.525,287.877,0.67439
110,3.67034,19,4,573.5,270,464.634,231.993,0.693617
110,3.67034,7,3,409.5,263.5,236.023,225.969,0.837349
110,3.67034,8,3,782,245.5,764.676,202.255,0.890741
110,3.67034,9,3,269.5,243,33.9113,203.59,0.848718
110,3.67034,10,2,707.5,234.5,660.544,189.792,0.8
110,3.67034,11,3,661.5,234.833,593.811,190.593,0.830435
110,3.67034,13,4,743.5,220.31,717.382,172.129,0.687153
110,3.67034,12,3,369.5,221.804,170.303,177.375,0.800606
110,3.67034,17,4,664,178.5,609.191,118.676,0.883333
110,3.67034,18,3,472.645,171.194,315.179,110.786,0.846575
110,3.67034,15,3,626,166.786,552.632,103.004,0.754152
110,3.67034,16,4,647.5,153.5,588.791,83.9946,0.770703
111,3.7037,1,3,836.269,440.143,769.979,392.863,0.871429
111,3.7037,2,3,215.5,438,33.2027,393.519,0.882156
111,3.7037,3,4,689.274,430.726,595.854,385.703,0.721779
111,3.7037,14,2,792.352,392.431,730.636,352.437,0.60686
111,3.7037,4,3,579,359.889,467.091,323.833,0.820548
111,3.7037,5,4,272,331.16,68.4369,298.001,0.650233
111,3.7037,6,4,524,322.5,396.525,287.877,0.67439
111,3.7037,19,4,573.5,270,464.634,231.993,0.693617
111,3.7037,7,3,409.5,263.5,236.023,225.969,0.837349
111,3.7037,8,3,782,245.5,764.676,202.255,0.890741
111,3.7037,9,3,269.5,243,33.9113,203.59,0.848718
111,3.7037,10,2,707.5,234.5,660.544,189.792,0.8
111,3.7037,11,3,661.5,234.833,593.811,190.593,0.830435
111,3.7037,13,4,743.5,220.31,717.382,172.129,0.687153
111,3.7037,12,3,369.5,221.804,170.303,177.375,0.800606
111,3.7037,17,4,662.5,178.357,606.915,118.498,0.872761
111,3.7037,18,3,472.645,171.194,315.179,110.786,0.846575
111,3.7037,15,3,626,166.786,552.632,103.004,0.754152
111,3.7037,16,4,647.5,153.5,588.791,83.9946,0.770703
112,3.73707,1,3,836.269,440.143,769.979,392.863,0.871429
112,3.73707,2,3,215.5,438,33.2027,393.519,0.882156
112,3.73707,3,4,689.274,430.726,595.854,385.703,0.721779
112,3.73707,14,2,793.168,389.819,732.414,350.111,0.60929
112,3.73707,4,3,579,359.889,467.091,323.833,0.820548
112,3.73707,5,4,272,331.16,68.4369,298.001,0.650233
112,3.73707,6,4,524,322.5,396.525,287.877,0.67439
112,3.73707,19,4,573.5,270,464.634,231.993,0.693617
112,3.73707,7,3,409.5,263.5,236.023,225.969,0.837349
112,3.73707,8,3,782,245.5,764.676,202.255,0.890741
112,3.73707,9,3,269.5,243,33.9113,203.59,0.848718
112,3.73707,10,2,707.5,234.5,660.544,189.792,0.8
112,3.73707,11,3,661.5,234.833,593.811,190.593,0.830435
112,3.73707,13,4,743.5,220.31,717.382,172.129,0.687153
112,3.73707,12,3,369.5,221.804,170.303,177.375,0.800606
112,3.73707,17,4,661,178.214,604.638,118.32,0.864079
112,3.73707,18,3,472.645,171.194,315.179,110.786,0.846575
112,3.73707,15,3,626,166.786,552.632,103.004,0.754152
112,3.73707,16,4,647.5,153.5,588.791,83.9946,0.770703
113,3.77044,1,3,836.269,440.143,769.979,392.863,0.871429
113,3.77044,2,3,215.5,438,33.2027,393.519,0.882156
113,3.77044,3,4,689.274,430.726,595.854,385.703,0.721779
113,3.77044,14,2,794.5,388.065,734.594,348.538,0.597015
113,3.77044,4,3,579,359.889,467.091,323.833,0.820548
113,3.77044,5,4,272,331.16,68.4369,298.001,0.650233
113,3.77044,6,4,524,322.5,396.525,287.877,0.67439
113,3.77044,19,4,573.5,270,464.634,231.993,0.693617
113,3.77044,7,3,409.5,263.5,236.023,225.969,0.837349
113,3.77044,8,3,782,245.5,764.676,202.255,0.890741
113,3.77044,9,3,269.5,243,33.9113,203.59,0.848718
113,3.77044,10,2,707.5,234.5,660.544,189.792,0.8
113,3.77044,11,3,661.5,234.833,593.811,190.593,0.830435
113,3.77044,13,4,743.5,220.31,717.382,172.129,0.687153
113,3.77044,12,3,369.5,221.804,170.303,177.375,0.80303
113,3.77044,17,4,659.5,177.65,602.451,117.57,0.885938
113,3.77044,18,3,472.645,171.194,315.179,110.786,0.846575
113,3.77044,15,3,626,166.786,552.632,103.004,0.754152
113,3.77044,16,4,647.5,153.5,588.791,83.9946,0.770703
114,3.8038,1,3,836.269,440.143,769.979,392.863,0.871429
114,3.8038,2,3,215.5,438,33.2027,393.519,0.882156
114,3.8038,3,4,689.274,430.726,595.854,385.703,0.721779
114,3.8038,14,3,795.5,385.5,736.604,346.233,0.68718
114,3.8038,4,3,579,359.889,467.091,323.833,0.820548
114,3.8038,5,4,272,331.16,68.4369,298.001,0.650233
114,3.8038,6,4,524,322.5,396.525,287.877,0.67439
114,3.8038,19,4,573.5,270,464.634,231.993,0.693617
114,3.8038,7,3,409.5,263.5,236.023,225.969,0.837349
114,3.8038,8,3,782,245.5,764.676,202.255,0.890741
114,3.8038,9,3,269.5,243,33.9113,203.59,0.848718
114,3.8038,10,2,707.5,234.5,660.544,189.792,0.8
114,3.8038,11,3,661.5,234.833,593.811,190.593,0.830435
114,3.8038,13,4,743.5,220.31,717.382,172.129,0.687153
114,3.8038,12,3,369.5,221.804,170.303,177.375,0.80303
114,3.8038,17,4,658,177.263,600.223,117.061,0.89879
114,3.8038,18,3,472.645,171.194,315.179,110.786,0.846575
114,3.8038,15,3,626,166.786,552.632,103.004,0.754152
114,3.8038,16,4,647.5,153.5,588.791,83.9946,0.770703
115,3.83717,1,3,836.269,440.143,769.979,392.863,0.871429
115,3.83717,2,3,215.5,438,33.2027,393.519,0.882156
115,3.83717,3,4,689.274,430.726,595.854,385.703,0.721779
115,3.83717,4,3,579,359.889,467.091,323.833,0.820548
115,3.83717,5,4,272,331.16,68.4369,298.001,0.650233
115,3.83717,6,4,524,322.5,396.525,287.877,0.67439
115,3.83717,19,4,573.5,270,464.634,231.993,0.693617
115,3.83717,7,3,409.5,263.5,236.023,225.969,0.837349
115,3.83717,8,3,782,245.5,764.676,202.255,0.890741
115,3.83717,9,3,269.5,243,33.9113,203.59,0.848718
115,3.83717,10,2,707.5,234.5,660.544,189.792,0.8
115,3.83717,11,3,661.5,234.833,593.811,190.593,0.830435
115,3.83717,13,4,743.5,220.31,717.382,172.129,0.687153
115,3.83717,12,3,369.5,221.804,170.303,177.375,0.80303
115,3.83717,17,4,656.719,177.13,598.278,116.893,0.889216
115,3.83717,18,3,472.645,171.194,315.179,110.786,0.843836
115,3.83717,15,3,626,166.786,552.632,103.004,0.754152
115,3.83717,16,4,647.5,153.5,588.791,83.9946,0.770703
116,3.87054,1,3,836.269,440.143,769.979,392.863,0.871429
116,3.87054,2,3,215.5,438,33.2027,393.519,0.882156
116,3.87054,3,4,689.274,430.726,595.854,385.703,0.721779
116,3.87054,14,3,793,381.5,734.643,342.638,0.702632
116,3.87054,4,3,579,359.889,467.091,323.833,0.820548
116,3.87054,5,4,272,331.16,68.4369,298.001,0.650233
116,3.87054,6,4,524,322.5,396.525,287.877,0.67439
116,3.87054,19,4,573.5,270,464.634,231.993,0.693617
116,3.87054,7,3,409.5,263.5,236.023,225.969,0.837349
116,3.87054,8,3,782,245.5,764.676,202.255,0.890741
116,3.87054,9,3,269.5,243,33.9113,203.59,0.848718
116,3.87054,10,2,707.5,234.5,660.544,189.792,0.803333
116,3.87054,11,3,661.5,234.833,593.811,190.593,0.830435
116,3.87054,13,4,743.5,220.31,717.382,172.129,0.687153
116,3.87054,12,3,369.5,221.804,170.303,177.375,0.80303
116,3.87054,17,4,655.641,176.636,596.721,116.233,0.891509
116,3.87054,18,3,472.645,171.194,315.179,110.786,0.843836
116,3.87054,15,3,626,166.786,552.632,103.004,0.754152
116,3.87054,16,4,647.5,153.65,588.76,84.2096,0.770703
117,3.9039,1,3,836.269,440.143,769.979,392.863,0.871429
117,3.9039,2,3,215.5,438,33.2027,393.519,0.882156
117,3.9039,3,4,689.274,430.726,595.854,385.703,0.721779
117,3.9039,14,3,790.917,379.274,732.673,340.629,0.627059
117,3.9039,4,3,579,359.889,467.091,323.833,0.820548
117,3.9039,5,4,272,331.16,68.4369,298.001,0.650233
117,3.9039,6,4,524,322.5,396.525,287.877,0.67439
117,3.9039,19,4,573.5,270,464.634,231.993,0.693617
117,3.9039,7,3,409.5,263.5,236.023,225.969,0.837349
117,3.9039,8,3,782,245.5,764.676,202.255,0.890741
117,3.9039,9,3,269.5,243,33.9113,203.59,0.848718
117,3.9039,10,2,707.5,234.5,660.544,189.792,0.803333
117,3.9039,11,3,661.5,234.833,593.811,190.593,0.830435
117,3.9039,13,4,743.5,220.31,717.382,172.129,0.687153
117,3.9039,12,3,369.5,221.804,170.303,177.375,0.80303
117,3.9039,18,3,472.645,171.194,315.179,110.786,0.843836
117,3.9039,15,3,626,166.786,552.632,103.004,0.754152
117,3.9039,17,4,653.4,177,593.192,116.752,0.864035
117,3.9039,16,4,647.4,151.8,588.981,81.5529,0.843103
118,3.93727,1,3,836.269,440.143,769.979,392.863,0.871429
118,3.93727,2,3,215.5,438,33.2027,393.519,0.882156
118,3.93727,3,4,689.274,430.726,595.854,385.703,0.721779
118,3.93727,14,2,790.5,377.5,732.668,339.016,0.583333
118,3.93727,4,3,579,359.889,467.091,323.833,0.820548
118,3.93727,5,4,272,331.16,68.4369,298.001,0.650233
118,3.93727,6,4,524,322.5,396.525,287.877,0.67439
118,3.93727,19,4,573.5,270,464.634,231.993,0.693617
118,3.93727,7,3,409.5,263.5,236.023,225.969,0.837349
118,3.93727,8,3,782,245.5,764.676,202.255,0.890741
118,3.93727,9,3,269.5,243,33.9113,203.59,0.848718
118,3.93727,10,2,707.5,234.5,660.544,189.792,0.803333
118,3.93727,11,3,661.5,234.833,593.811,190.593,0.830435
118,3.93727,13,4,743.5,220.31,717.382,172.129,0.687153
118,3.93727,12,3,369.5,221.804,170.303,177.375,0.80303
118,3.93727,18,3,472.645,171.194,315.179,110.786,0.843836
118,3.93727,15,3,626,166.786,552.632,103.004,0.754152
118,3.93727,17,4,652.2,177,591.344,116.765,0.870069
118,3.93727,16,4,647.4,151.8,588.981,81.5529,0.829279
119,3.97064,1,3,836.269,440.143,769.979,392.863,0.871429
119,3.97064,2,3,215.5,438,33.2027,393.519,0.882156
119,3.97064,3,4,689.274,430.726,595.854,385.703,0.721779
119,3.97064,14,3,789.5,374.94,732.157,336.682,0.666981
119,3.97064,4,3,579,359.889,467.091,323.833,0.820548
119,3.97064,5,4,272,331.16,68.4369,298.001,0.650233
119,3.97064,6,4,524,322.5,396.525,287.877,0.67439
119,3.97064,19,4,573.5,270,464.634,231.993,0.693617
119,3.97064,7,3,409.5,263.5,236.023,225.969,0.837349
119,3.97064,8,3,782,245.5,764.676,202.255,0.890741
119,3.97064,9,3,269.5,243,33.9113,203.59,0.848718
119,3.97064,10,2,707.5,234.5,660.544,189.792,0.803333
119,3.97064,11,3,661.5,234.833,593.811,190.593,0.830435
119,3.97064,13,4,743.5,220.31,717.382,172.129,0.687153
119,3.97064,12,3,369.5,221.804,170.303,177.375,0.80303
119,3.97064,18,3,472.645,171.194,315.179,110.786,0.843836
119,3.97064,15,3,626,166.786,552.632,103.004,0.755596
119,3.97064,16,4,647.4,151.8,588.981,81.5529,0.834483
120,4.004,1,3,836.269,440.143,769.979,392.863,0.867347
120,4.004,2,3,215.5,438,33.2027,393.519,0.882156
120,4.004,3,4,689.137,430.627,595.706,385.622,0.725385
120,4.004,14,2,786.141,373.031,728.456,334.948,0.583554
120,4.004,4,3,579,359.889,467.091,323.833,0.819635
120,4.004,5,3,272,331.16,68.4369,298.001,0.765734
120,4.004,6,4,524,322.5,396.525,287.877,0.671951
120,4.004,19,4,573.5,270,464.634,231.993,0.693617
120,4.004,23,3,565.167,265,453.261,226.456,0.9
120,4.004,7,3,409.5,263.417,236.009,225.875,0.837931
120,4.004,8,3,782.5,245,765.58,201.661,0.887755
120,4.004,9,3,269.192,243.385,33.6254,204.041,0.844444
120,4.004,10,2,707.5,234.5,660.544,189.792,0.81
120,4.004,11,3,661.5,234.833,593.811,190.593,0.833333
120,4.004,13,4,743.5,220.25,717.401,172.055,0.688112
120,4.004,12,4,369.5,221.804,170.303,177.375,0.659091
120,4.004,18,3,472.5,171.091,314.944,110.646,0.850355
120,4.004,15,3,626,166.786,552.632,103.004,0.751264
120,4.004,16,4,647.4,151.8,588.981,81.5529,0.834483
120,4.004,17,1,649.8,173.4,588.363,111.875,0.818182
121,4.03737,1,3,836.269,440.143,769.979,392.863,0.867347
121,4.03737,2,3,215.5,438,33.2027,393.519,0.882156
121,4.03737,3,4,689.137,430.627,595.706,385.622,0.725385
121,4.03737,14,2,785.801,372.336,728.228,334.31,0.604775
121,4.03737,4,3,579,359.889,467.091,323.833,0.819635
121,4.03737,5,3,272,331.16,68.4369,298.001,0.765734
121,4.03737,6,4,524,322.5,396.525,287.877,0.671951
121,4.03737,19,4,573.5,270,464.634,231.993,0.693617
121,4.03737,23,3,565.167,265,453.261,226.456,0.9
121,4.03737,7,3,409.5,263.417,236.009,225.875,0.837931
121,4.03737,8,3,782.5,245,765.58,201.661,0.887755
121,4.03737,9,3,269.192,243.385,33.6254,204.041,0.844444
121,4.03737,10,2,707.5,234.5,660.544,189.792,0.81
121,4.03737,11,3,661.5,234.833,593.811,190.593,0.833333
121,4.03737,13,4,743.5,220.25,717.401,172.055,0.688112
121,4.03737,12,4,369.5,221.804,170.303,177.375,0.659091
121,4.03737,18,3,472.5,171.091,314.944,110.646,0.850355
121,4.03737,15,3,626,166.786,552.632,103.004,0.751264
121,4.03737,16,4,647.4,151.8,588.981,81.5529,0.834483
121,4.03737,17,1,649.8,173.4,588.363,111.875,0.787879
122,4.07074,1,3,836.269,440.143,769.979,392.863,0.867347
122,4.07074,2,3,215.5,438,33.2027,393.519,0.882156
122,4.07074,3,4,689.137,430.627,595.706,385.622,0.725385
122,4.07074,14,3,783.838,369.303,726.615,331.521,0.689867
122,4.07074,4,3,579,359.889,467.091,323.833,0.819635
122,4.07074,5,3,272,331.16,68.4369,298.001,0.765734
122,4.07074,6,4,524,322.5,396.525,287.877,0.671951
122,4.07074,19,4,573.5,270,464.634,231.993,0.693617
122,4.07074,23,3,565.167,265,453.261,226.456,0.9
122,4.07074,7,3,409.5,263.417,236.009,225.875,0.837931
122,4.07074,8,3,782.5,245,765.58,201.661,0.887755
122,4.07074,9,3,269.192,243.385,33.6254,204.041,0.844444
122,4.07074,10,2,707.5,234.5,660.544,189.792,0.81
122,4.07074,11,3,661.5,234.833,593.811,190.593,0.833333
122,4.07074,13,4,743.5,220.25,717.401,172.055,0.688112
122,4.07074,12,4,369.5,221.804,170.303,177.375,0.659091
122,4.07074,18,3,472.5,171.091,314.944,110.646,0.850355
122,4.07074,15,3,625.653,166.686,552.107,102.87,0.764179
122,4.07074,17,4,647.4,175.8,584.183,115.183,0.823356
122,4.07074,16,4,647.4,151.8,588.981,81.5529,0.834483
123,4.1041,1,3,836.269,440.143,769.979,392.863,0.867347
123,4.1041,2,3,215.5,438,33.2027,393.519,0.882156
123,4.1041,3,4,689.137,430.627,595.706,385.622,0.725385
123,4.1041,14,3,782.828,367.227,725.932,329.601,0.710704
123,4.1041,4,3,579,359.889,467.091,323.833,0.819635
123,4.1041,5,3,272,331.16,68.4369,298.001,0.765734
123,4.1041,6,4,524,322.5,396.525,287.877,0.671951
123,4.1041,19,4,573.5,270,464.634,231.993,0.693617
123,4.1041,23,3,565.167,265,453.261,226.456,0.9
123,4.1041,7,3,409.5,263.417,236.009,225.875,0.837931
123,4.1041,8,3,782.5,245,765.58,201.661,0.887755
123,4.1041,9,3,269.192,243.385,33.6254,204.041,0.844444
123,4.1041,10,2,707.5,234.5,660.544,189.792,0.81
123,4.1041,11,3,661.5,234.833,593.811,190.593,0.833333
123,4.1041,13,4,743.5,220.25,717.401,172.055,0.688112
123,4.1041,12,4,369.5,221.804,170.303,177.375,0.659091
123,4.1041,18,3,472.5,171.091,314.944,110.646,0.850355
123,4.1041,15,3,626,166.786,552.632,103.004,0.745487
123,4.1041,16,4,647.4,151.8,588.981,81.5529,0.834483
123,4.1041,17,4,646.2,174.6,582.564,113.557,0.882589
124,4.13747,1,3,836.269,440.143,769.979,392.863,0.867347
124,4.13747,2,3,215.5,438,33.2027,393.519,0.882156
124,4.13747,3,4,689.137,430.627,595.706,385.622,0.725385
124,4.13747,14,3,781.94,365.06,725.428,327.589,0.692758
124,4.13747,4,3,579,359.889,467.091,323.833,0.819635
124,4.13747,5,3,272,331.16,68.4369,298.001,0.765734
124,4.13747,6,4,524,322.5,396.525,287.877,0.671951
124,4.13747,19,4,573.5,270,464.634,231.993,0.693617
124,4.13747,23,3,565.167,265,453.261,226.456,0.9
124,4.13747,7,3,409.5,263.417,236.009,225.875,0.837931
124,4.13747,8,3,782.5,245,765.58,201.661,0.887755
124,4.13747,9,3,269.192,243.385,33.6254,204.041,0.844444
124,4.13747,10,2,707.5,234.5,660.544,189.792,0.81
124,4.13747,11,3,661.5,234.833,593.811,190.593,0.833333
124,4.13747,13,4,743.5,220.25,717.401,172.055,0.688112
124,4.13747,12,4,369.5,221.804,170.303,177.375,0.659091
124,4.13747,18,3,472.5,171.091,314.944,110.646,0.850355
124,4.13747,17,4,645,174.6,580.711,113.57,0.864488
124,4.13747,15,3,624.6,166.2,550.546,102.205,0.77929
124,4.13747,16,4,647.4,151.8,588.981,81.5529,0.833333
125,4.17084,1,3,836.269,440.143,769.979,392.863,0.867347
125,4.17084,2,3,215.5,438,33.2027,393.519,0.882156
125,4.17084,3,4,689.137,430.627,595.706,385.622,0.725385
125,4.17084,14,2,780.812,363.5,724.44,326.138,0.594444
125,4.17084,4,3,579,359.889,467.091,323.833,0.819635
125,4.17084,5,3,272,331.16,68.4369,298.001,0.765734
125,4.17084,6,4,524,322.5,396.525,287.877,0.671951
125,4.17084,19,4,573.5,270,464.634,231.993,0.693617
125,4.17084,23,3,565.167,265,453.261,226.456,0.9
125,4.17084,7,3,409.5,263.417,236.009,225.875,0.837931
125,4.17084,8,3,782.5,245,765.58,201.661,0.887755
125,4.17084,9,3,269.192,243.385,33.6254,204.041,0.844444
125,4.17084,10,2,707.5,234.5,660.544,189.792,0.81
125,4.17084,11,3,661.5,234.833,593.811,190.593,0.833333
125,4.17084,13,4,743.5,220.25,717.401,172.055,0.688112
125,4.17084,12,4,369.5,221.804,170.303,177.375,0.659091
125,4.17084,18,3,472.5,171.091,314.944,110.646,0.850355
125,4.17084,17,4,645,174.6,580.711,113.57,0.862281
125,4.17084,16,4,647.4,151.8,588.981,81.5529,0.834483
125,4.17084,15,3,627,167.4,554.088,103.847,0.751528
126,4.2042,1,3,836.269,440.143,769.979,392.863,0.867347
126,4.2042,2,3,215.5,438,33.2027,393.519,0.882156
126,4.2042,3,4,689.137,430.627,595.706,385.622,0.725385
126,4.2042,14,2,779.917,362.5,723.583,325.207,0.588889
126,4.2042,4,3,579,359.889,467.091,323.833,0.819635
126,4.2042,5,3,272,331.16,68.4369,298.001,0.765734
126,4.2042,6,4,524,322.5,396.525,287.877,0.671951
126,4.2042,19,4,573.5,270,464.634,231.993,0.693617
126,4.2042,23,3,565.167,265,453.261,226.456,0.9
126,4.2042,7,3,409.5,263.417,236.009,225.875,0.837931
126,4.2042,8,3,782.5,245,765.58,201.661,0.887755
126,4.2042,9,3,269.192,243.385,33.6254,204.041,0.844444
126,4.2042,10,2,707.5,234.5,660.544,189.792,0.81
126,4.2042,11,3,661.5,234.833,593.811,190.593,0.833333
126,4.2042,13,4,743.5,220.25,717.401,172.055,0.688112
126,4.2042,12,4,369.5,221.804,170.303,177.375,0.659091
126,4.2042,18,3,472.5,171.091,314.944,110.646,0.850355
126,4.2042,17,4,642.6,174.6,577.006,113.596,0.865972
126,4.2042,16,4,647.4,151.8,588.981,81.5529,0.834483
126,4.2042,15,3,624.6,167.4,550.355,103.873,0.763063
127,4.23757,1,3,836.269,440.143,769.979,392.863,0.867347
127,4.23757,2,3,215.5,438,33.2027,393.519,0.882156
127,4.23757,3,4,689.137,430.627,595.706,385.622,0.725385
127,4.23757,14,2,778.354,360.622,722.122,323.453,0.577713
127,4.23757,4,3,579,359.889,467.091,323.833,0.819635
127,4.23757,5,3,272,331.16,68.4369,298.001,0.765734
127,4.23757,6,4,524,322.5,396.525,287.877,0.671951
127,4.23757,19,4,573.5,270,464.634,231.993,0.693617
127,4.23757,23,3,565.167,265,453.261,226.456,0.9
127,4.23757,7,3,409.5,263.417,236.009,225.875,0.837931
127,4.23757,8,3,782.5,245,765.58,201.661,0.887755
127,4.23757,9,3,269.192,243.385,33.6254,204.041,0.844444
127,4.23757,10,2,707.5,234.5,660.544,189.792,0.81
127,4.23757,11,3,661.5,234.833,593.811,190.593,0.833333
127,4.23757,13,4,743.5,220.25,717.401,172.055,0.688112
127,4.23757,12,4,369.5,221.804,170.303,177.375,0.659091
127,4.23757,18,3,472.5,171.091,314.944,110.646,0.850355
127,4.23757,17,4,641.4,174.6,575.153,113.609,0.860764
127,4.23757,16,4,647.4,151.8,588.981,81.5529,0.829279
128,4.27094,1,3,836.269,440.143,769.979,392.863,0.867347
128,4.27094,2,3,215.5,438,33.2027,393.519,0.882156
128,4.27094,3,4,689.137,430.627,595.706,385.622,0.725385
128,4.27094,14,2,777.915,358.521,722.167,321.476,0.550279
128,4.27094,4,3,579,359.889,467.091,323.833,0.819635
128,4.27094,5,3,272,331.16,68.4369,298.001,0.765734
128,4.27094,6,4,524,322.5,396.525,287.877,0.671951
128,4.27094,19,4,573.5,270,464.634,231.993,0.693617
128,4.27094,23,3,565.167,265,453.261,226.456,0.9
128,4.27094,7,3,409.5,263.417,236.009,225.875,0.837931
128,4.27094,8,3,782.5,245,765.58,201.661,0.887755
128,4.27094,9,3,269.192,243.385,33.6254,204.041,0.844444
128,4.27094,10,2,707.5,234.5,660.544,189.792,0.81
128,4.27094,11,3,661.5,234.833,593.811,190.593,0.833333
128,4.27094,13,4,743.5,220.25,717.401,172.055,0.688112
128,4.27094,12,4,369.5,221.804,170.303,177.375,0.659091
128,4.27094,18,3,472.5,171.091,314.944,110.646,0.850355
128,4.27094,17,4,640.2,174.6,573.3,113.622,0.845848
128,4.27094,16,4,647.4,151.8,588.981,81.5529,0.829279
129,4.3043,1,3,836.269,440.143,769.979,392.863,0.867347
129,4.3043,2,3,215.5,438,33.2027,393.519,0.882156
129,4.3043,3,4,689.137,430.627,595.706,385.622,0.725385
129,4.3043,14,3,777,357.935,721.16,320.927,0.67479
129,4.3043,4,3,579,359.889,467.091,323.833,0.819635
129,4.3043,5,3,272,331.16,68.4369,298.001,0.765734
129,4.3043,6,4,524,322.5,396.525,287.877,0.671951
129,4.3043,19,4,573.5,270,464.634,231.993,0.693617
129,4.3043,23,3,565.167,265,453.261,226.456,0.9
129,4.3043,7,3,409.5,263.417,236.009,225.875,0.837931
129,4.3043,8,3,782.5,245,765.58,201.661,0.887755
129,4.3043,9,3,269.192,243.385,33.6254,204.041,0.844444
129,4.3043,10,2,707.5,234.5,660.544,189.792,0.81
129,4.3043,11,3,661.5,234.833,593.811,190.593,0.833333
129,4.3043,13,4,743.5,220.25,717.401,172.055,0.688112
129,4.3043,12,4,369.5,221.804,170.303,177.375,0.659091
129,4.3043,18,3,472.5,171.091,314.944,110.646,0.850355
129,4.3043,17,4,640.2,174.6,573.3,113.622,0.847578
129,4.3043,16,4,647.4,151.8,588.981,81.5529,0.829279
130,4.33767,1,3,836.269,440.143,769.979,392.863,0.867347
130,4.33767,2,3,215.5,438,33.2027,393.519,0.882156
130,4.33767,3,4,689.137,430.627,595.706,385.622,0.725385
130,4.33767,4,3,579,359.889,467.091,323.833,0.819635
130,4.33767,14,3,775.794,355.5,720.31,318.628,0.741989
130,4.33767,5,3,272,331.16,68.4369,298.001,0.765734
130,4.33767,6,4,524,322.5,396.525,287.877,0.671951
130,4.33767,19,4,573.5,270,464.634,231.993,0.693617
130,4.33767,23,3,565.167,265,453.261,226.456,0.9
130,4.33767,7,3,409.5,263.417,236.009,225.875,0.837931
130,4.33767,8,3,782.5,245,765.58,201.661,0.887755
130,4.33767,9,3,269.192,243.385,33.6254,204.041,0.844444
130,4.33767,10,2,707.5,234.5,660.544,189.792,0.81
130,4.33767,11,3,661.5,234.833,593.811,190.593,0.833333
130,4.33767,13,4,743.5,220.25,717.401,172.055,0.688112
130,4.33767,12,4,369.5,221.804,170.303,177.375,0.659091
130,4.33767,18,3,472.5,171.091,314.944,110.646,0.850355
130,4.33767,17,4,640.2,173.4,573.52,111.979,0.866609
130,4.33767,16,4,647.4,151.8,588.981,81.5529,0.829279
131,4.37104,1,3,836.269,440.143,769.979,392.863,0.867347
131,4.37104,2,3,215.5,438,33.2027,393.519,0.882156
131,4.37104,3,4,689.137,430.627,595.706,385.622,0.725385
131,4.37104,4,3,579,359.889,467.091,323.833,0.819635
131,4.37104,14,3,774.346,353.5,719.018,316.734,0.726596
131,4.37104,5,3,272,331.16,68.4369,298.001,0.765734
131,4.37104,6,4,524,322.5,396.525,287.877,0.671951
131,4.37104,19,4,573.5,270,464.634,231.993,0.693617
131,4.37104,23,3,565.167,265,453.261,226.456,0.9
131,4.37104,7,3,409.5,263.417,236.009,225.875,0.837931
131,4.37104,8,3,782.5,245,765.58,201.661,0.887755
131,4.37104,9,3,269.192,243.385,33.6254,204.041,0.844444
131,4.37104,10,2,707.5,234.5,660.544,189.792,0.81
131,4.37104,11,3,661.5,234.833,593.811,190.593,0.833333
131,4.37104,13,4,743.5,220.25,717.401,172.055,0.688112
131,4.37104,12,4,369.5,221.804,170.303,177.375,0.659091
131,4.37104,18,3,472.5,171.091,314.944,110.646,0.850355
131,4.37104,17,4,636.6,173.4,567.955,112.019,0.865972
131,4.37104,16,4,647.4,151.8,588.981,81.5529,0.829279
132,4.4044,1,3,836.269,440.143,769.979,392.863,0.867347
132,4.4044,2,3,215.5,438,33.2027,393.519,0.882156
132,4.4044,3,4,689.137,430.627,595.706,385.622,0.726923
132,4.4044,4,3,579,359.889,467.091,323.833,0.820548
132,4.4044,14,3,773.4,352,718.227,315.308,0.632565
132,4.4044,5,4,272,331.16,68.4369,298.001,0.650233
132,4.4044,6,4,524.5,322.5,397.185,287.873,0.666071
132,4.4044,19,4,573.5,270,464.634,231.993,0.693617
132,4.4044,7,3,409.5,263.417,236.009,225.875,0.837931
132,4.4044,8,3,782.5,245,765.58,201.661,0.887755
132,4.4044,9,3,269.5,243,33.9113,203.59,0.848718
132,4.4044,10,2,707.5,234.5,660.544,189.792,0.8
132,4.4044,11,3,661.5,234.833,593.811,190.593,0.833333
132,4.4044,13,4,743.5,220.25,717.401,172.055,0.688112
132,4.4044,12,4,369.5,221.804,170.303,177.375,0.659091
132,4.4044,18,3,472.5,171.091,314.944,110.646,0.840426
132,4.4044,16,4,647.4,155.4,588.245,86.7148,0.709524
132,4.4044,17,1,635.4,169.8,566.732,107.078,0.982249
132,4.4044,15,3,623.4,166.2,548.677,102.218,0.783636
133,4.43777,1,3,836.269,440.143,769.979,392.863,0.867347
133,4.43777,2,3,215.5,438,33.2027,393.519,0.882156
133,4.43777,3,4,689.137,430.627,595.706,385.622,0.726923
133,4.43777,4,3,579,359.889,467.091,323.833,0.820548
133,4.43777,14,2,772.395,349.871,717.539,313.276,0.566572
133,4.43777,5,4,272,331.16,68.4369,298.001,0.650233
133,4.43777,6,4,524.5,322.5,397.185,287.873,0.666071
133,4.43777,19,4,573.5,270,464.634,231.993,0.693617
133,4.43777,7,3,409.5,263.417,236.009,225.875,0.837931
133,4.43777,8,3,782.5,245,765.58,201.661,0.887755
133,4.43777,9,3,269.5,243,33.9113,203.59,0.848718
133,4.43777,10,2,707.5,234.5,660.544,189.792,0.8
133,4.43777,11,3,661.5,234.833,593.811,190.593,0.833333
133,4.43777,13,4,743.5,220.25,717.401,172.055,0.688112
133,4.43777,12,4,369.5,221.804,170.303,177.375,0.659091
133,4.43777,18,3,472.5,171.091,314.944,110.646,0.840426
133,4.43777,16,4,647.4,151.8,588.981,81.5529,0.82027
133,4.43777,17,1,635.4,169.8,566.732,107.078,0.946746
134,4.47114,1,3,836.269,440.143,769.979,392.863,0.867347
134,4.47114,2,3,215.5,438,33.2027,393.519,0.882156
134,4.47114,3,4,689.137,430.627,595.706,385.622,0.726923
134,4.47114,4,3,579,359.889,467.091,323.833,0.820548
134,4.47114,14,3,771,348.64,716.083,312.102,0.666492
134,4.47114,5,4,272,331.16,68.4369,298.001,0.650233
134,4.47114,6,4,524.5,322.5,397.185,287.873,0.666071
134,4.47114,19,4,573.5,270,464.634,231.993,0.693617
134,4.47114,7,3,409.5,263.417,236.009,225.875,0.837931
134,4.47114,8,3,782.5,245,765.58,201.661,0.887755
134,4.47114,9,3,269.5,243,33.9113,203.59,0.848718
134,4.47114,10,2,707.5,234.5,660.544,189.792,0.8
134,4.47114,11,3,661.5,234.833,593.811,190.593,0.833333
134,4.47114,13,4,743.5,220.25,717.401,172.055,0.688112
134,4.47114,12,4,369.5,221.804,170.303,177.375,0.659091
134,4.47114,18,3,472.5,171.091,314.944,110.646,0.840426
134,4.47114,16,4,647.4,151.8,588.981,81.5529,0.825862
134,4.47114,17,1,636.6,172.2,568.168,110.372,0.709821
134,4.47114,15,3,623.4,166.2,548.677,102.218,0.776364
135,4.5045,1,3,836.269,440.143,769.979,392.863,0.867347
135,4.5045,2,3,215.5,438,33.2027,393.519,0.882156
135,4.5045,3,4,689.137,430.627,595.706,385.622,0.726923
135,4.5045,4,3,579,359.889,467.091,323.833,0.820548
135,4.5045,14,3,770.5,346.86,715.945,310.391,0.697906
135,4.5045,5,4,272,331.16,68.4369,298.001,0.650233
135,4.5045,6,4,524.5,322.5,397.185,287.873,0.666071
135,4.5045,19,4,573.5,270,464.634,231.993,0.688298
135,4.5045,7,3,409.5,263.417,236.009,225.875,0.837931
135,4.5045,8,3,782.5,245,765.58,201.661,0.887755
135,4.5045,9,3,269.5,243,33.9113,203.59,0.848718
135,4.5045,10,2,707.5,234.5,660.544,189.792,0.8
135,4.5045,11,3,661.5,234.833,593.811,190.593,0.833333
135,4.5045,13,4,743.5,220.25,717.401,172.055,0.688112
135,4.5045,12,4,369.5,221.804,170.303,177.375,0.659091
135,4.5045,18,3,472.5,171.091,314.944,110.646,0.840426
135,4.5045,17,1,634.2,169.8,564.87,107.091,0.964706
135,4.5045,16,4,647.4,151.8,588.981,81.5529,0.82027
136,4.53787,1,3,836.269,440.143,769.979,392.863,0.867347
136,4.53787,2,3,215.5,438,33.2027,393.519,0.882156
136,4.53787,3,4,689.137,430.627,595.706,385.622,0.726923
136,4.53787,4,3,579,359.889,467.091,323.833,0.820548
136,4.53787,14,3,768.51,344.58,714.009,308.199,0.696757
136,4.53787,5,4,272,331.16,68.4369,298.001,0.650233
136,4.53787,6,4,524.5,322.5,397.185,287.873,0.666071
136,4.53787,19,4,573.5,270,464.634,231.993,0.688298
136,4.53787,7,3,409.5,263.417,236.009,225.875,0.837931
136,4.53787,8,3,782.5,245,765.58,201.661,0.887755
136,4.53787,9,3,269.5,243,33.9113,203.59,0.848718
136,4.53787,10,2,707.5,234.5,660.544,189.792,0.8
136,4.53787,11,3,661.5,234.833,593.811,190.593,0.833333
136,4.53787,13,4,743.5,220.25,717.401,172.055,0.688112
136,4.53787,12,4,369.5,221.804,170.303,177.375,0.659091
136,4.53787,18,3,472.5,171.091,314.944,110.646,0.840426
136,4.53787,16,4,647.4,151.8,588.981,81.5529,0.82027
136,4.53787,17,1,634.2,168.6,565.079,105.431,1
137,4.57124,1,3,836.269,440.143,769.979,392.863,0.867347
137,4.57124,2,3,215.5,438,33.2027,393.519,0.882156
137,4.57124,3,4,689.137,430.627,595.706,385.622,0.726923
137,4.57124,4,3,579,359.889,467.091,323.833,0.820548
137,4.57124,14,3,768.214,343.857,713.83,307.499,0.677391
137,4.57124,5,4,272,331.16,68.4369,298.001,0.650233
137,4.57124,6,4,524.5,322.5,397.185,287.873,0.666071
137,4.57124,19,4,573.5,270,464.634,231.993,0.688298
137,4.57124,7,3,409.5,263.417,236.009,225.875,0.837931
137,4.57124,8,3,782.5,245,765.58,201.661,0.887755
137,4.57124,9,3,269.5,243,33.9113,203.59,0.848718
137,4.57124,10,2,707.5,234.5,660.544,189.792,0.8
137,4.57124,11,3,661.5,234.833,593.811,190.593,0.833333
137,4.57124,13,4,743.5,220.25,717.401,172.055,0.688112
137,4.57124,12,4,369.5,221.804,170.303,177.375,0.659091
137,4.57124,18,3,472.5,171.091,314.944,110.646,0.840426
137,4.57124,16,4,647.4,151.8,588.981,81.5529,0.82027
137,4.57124,17,1,633,169.8,563.008,107.104,0.991736
138,4.6046,1,3,836.269,440.143,769.979,392.863,0.867347
138,4.6046,2,3,215.5,438,33.2027,393.519,0.882156
138,4.6046,3,4,689.137,430.627,595.706,385.622,0.726923
138,4.6046,4,3,579,359.889,467.091,323.833,0.820548
138,4.6046,14,3,767.5,342,713.43,305.699,0.704651
138,4.6046,5,4,272,331.16,68.4369,298.001,0.650233
138,4.6046,6,4,524.5,322.5,397.185,287.873,0.666071
138,4.6046,19,4,573.5,270,464.634,231.993,0.688298
138,4.6046,7,3,409.5,263.417,236.009,225.875,0.837931
138,4.6046,8,3,782.5,245,765.58,201.661,0.887755
138,4.6046,9,3,269.5,243,33.9113,203.59,0.848718
138,4.6046,10,2,707.5,234.5,660.544,189.792,0.8
138,4.6046,11,3,661.5,234.833,593.811,190.593,0.833333
138,4.6046,13,4,743.5,220.25,717.401,172.055,0.688112
138,4.6046,12,4,369.5,221.804,170.303,177.375,0.659091
138,4.6046,18,3,472.5,171.091,314.944,110.646,0.840426
138,4.6046,16,4,647.4,155.4,588.245,86.7148,0.714414
138,4.6046,17,1,634.2,168.6,565.079,105.431,1
139,4.63797,1,3,836.269,440.143,769.979,392.863,0.867347
139,4.63797,2,3,215.5,438,33.2027,393.519,0.882156
139,4.63797,3,4,689.137,430.627,595.706,385.622,0.726923
139,4.63797,4,3,579,359.889,467.091,323.833,0.820548
139,4.63797,14,3,766.305,341.331,712.06,305.054,0.732727
139,4.63797,5,4,272,331.16,68.4369,298.001,0.650233
139,4.63797,6,4,524.5,322.5,397.185,287.873,0.666071
139,4.63797,19,4,573.5,270,464.634,231.993,0.688298
139,4.63797,7,3,409.5,263.417,236.009,225.875,0.837931
139,4.63797,8,3,782.5,245,765.58,201.661,0.887755
139,4.63797,9,3,269.5,243,33.9113,203.59,0.848718
139,4.63797,10,2,707.5,234.5,660.544,189.792,0.8
139,4.63797,11,3,661.5,234.833,593.811,190.593,0.833333
139,4.63797,13,4,743.5,220.25,717.401,172.055,0.688112
139,4.63797,12,4,369.5,221.804,170.303,177.375,0.659091
139,4.63797,18,3,472.5,171.091,314.944,110.646,0.840426
139,4.63797,16,4,647.4,155.4,588.245,86.7148,0.714414
139,4.63797,17,1,631.8,169.8,561.146,107.118,0.99187
140,4.67134,1,3,836.269,440.143,769.979,392.863,0.867347
140,4.67134,2,3,215.5,438,33.2027,393.519,0.882156
140,4.67134,3,4,689.137,430.627,595.706,385.622,0.726923
140,4.67134,4,3,579,359.889,467.091,323.833,0.820548
140,4.67134,14,3,765.915,338.521,712.352,302.312,0.721229
140,4.67134,5,4,272,331.16,68.4369,298.001,0.650233
140,4.67134,6,4,524.5,322.5,397.185,287.873,0.666071
140,4.67134,19,4,573.5,270,464.634,231.993,0.688298
140,4.67134,7,3,409.5,263.417,236.009,225.875,0.837931
140,4.67134,8,3,782.5,245,765.58,201.661,0.887755
140,4.67134,9,3,269.5,243,33.9113,203.59,0.848718
140,4.67134,10,2,707.5,234.5,660.544,189.792,0.8
140,4.67134,11,3,661.5,234.833,593.811,190.593,0.833333
140,4.67134,13,4,743.5,220.25,717.401,172.055,0.688112
140,4.67134,12,4,369.5,221.804,170.303,177.375,0.659091
140,4.67134,18,3,472.5,171.091,314.944,110.646,0.840426
140,4.67134,16,4,647.4,151.8,588.981,81.5529,0.815766
140,4.67134,17,1,631.8,169.8,561.146,107.118,0.947059
141,4.7047,1,3,836.269,440.143,769.979,392.863,0.867347
141,4.7047,2,3,215.5,438,33.2027,393.519,0.882156
141,4.7047,3,4,689.137,430.627,595.706,385.622,0.726923
141,4.7047,4,3,579,359.889,467.091,323.833,0.820548
141,4.7047,14,3,764.5,337.5,710.789,301.318,0.637349
141,4.7047,5,4,272,331.16,68.4369,298.001,0.650233
141,4.7047,6,4,524.5,322.5,397.185,287.873,0.666071
141,4.7047,19,4,573.5,270,464.634,231.993,0.688298
141,4.7047,7,3,409.5,263.417,236.009,225.875,0.837931
141,4.7047,8,3,782.5,245,765.58,201.661,0.887755
141,4.7047,9,3,269.5,243,33.9113,203.59,0.848718
141,4.7047,10,2,707.5,234.5,660.544,189.792,0.8
141,4.7047,11,3,661.5,234.833,593.811,190.593,0.833333
141,4.7047,13,4,743.5,220.25,717.401,172.055,0.688112
141,4.7047,12,4,369.5,221.804,170.303,177.375,0.659091
141,4.7047,18,3,472.5,171.091,314.944,110.646,0.840426
141,4.7047,16,4,647.5,153.65,588.76,84.2096,0.762891
141,4.7047,17,1,633,168.6,563.215,105.444,1
142,4.73807,1,3,836.269,440.143,769.979,392.863,0.867347
142,4.73807,2,3,215.5,438,33.2027,393.519,0.882156
142,4.73807,3,4,689.137,430.627,595.706,385.622,0.726923
142,4.73807,4,3,579,359.889,467.091,323.833,0.820548
142,4.73807,14,3,763.5,335.375,710.082,299.234,0.650526
142,4.73807,5,4,272,331.16,68.4369,298.001,0.650233
142,4.73807,6,4,524.5,322.5,397.185,287.873,0.666071
142,4.73807,19,4,573.5,270,464.634,231.993,0.688298
142,4.73807,7,3,409.5,263.417,236.009,225.875,0.837931
142,4.73807,8,3,782.5,245,765.58,201.661,0.887755
142,4.73807,9,3,269.5,243,33.9113,203.59,0.848718
142,4.73807,10,2,707.5,234.5,660.544,189.792,0.8
142,4.73807,11,3,661.5,234.833,593.811,190.593,0.833333
142,4.73807,13,4,743.5,220.25,717.401,172.055,0.688112
142,4.73807,12,4,369.5,221.804,170.303,177.375,0.659091
142,4.73807,18,3,472.5,171.091,314.944,110.646,0.840426
142,4.73807,16,4,647.5,153.5,588.791,83.9946,0.762891
142,4.73807,17,1,633,169.8,563.008,107.104,0.964072
143,4.77144,1,3,836.269,440.143,769.979,392.863,0.867347
143,4.77144,2,3,215.5,438,33.2027,393.519,0.882156
143,4.77144,3,4,689.137,430.627,595.706,385.622,0.726923
143,4.77144,4,3,579,359.889,467.091,323.833,0.820548
143,4.77144,14,3,763.5,334.292,710.391,298.166,0.675419
143,4.77144,5,4,272,331.16,68.4369,298.001,0.650233
143,4.77144,6,4,524.5,322.5,397.185,287.873,0.666071
143,4.77144,19,4,573.5,270,464.634,231.993,0.688298
143,4.77144,7,3,409.5,263.417,236.009,225.875,0.837931
143,4.77144,8,3,782.5,245,765.58,201.661,0.887755
143,4.77144,9,3,269.5,243,33.9113,203.59,0.848718
143,4.77144,10,2,707.5,234.5,660.544,189.792,0.8
143,4.77144,11,3,661.5,234.833,593.811,190.593,0.833333
143,4.77144,13,4,743.5,220.25,717.401,172.055,0.688112
143,4.77144,12,4,369.5,221.804,170.303,177.375,0.659091
143,4.77144,18,3,472.5,171.091,314.944,110.646,0.840426
143,4.77144,16,4,647.4,151.8,588.981,81.5529,0.821552
143,4.77144,17,1,631.8,169.8,561.146,107.118,0.941176
144,4.8048,1,3,836.269,440.143,769.979,392.863,0.867347
144,4.8048,2,3,215.5,438,33.2027,393.519,0.882156
144,4.8048,3,4,689.137,430.627,595.706,385.622,0.726923
144,4.8048,4,3,579,359.889,467.091,323.833,0.822374
144,4.8048,24,3,257.5,341,52.9557,307.658,0.9
144,4.8048,14,3,762,332.8,708.842,296.7,0.697838
144,4.8048,5,4,272,331.16,68.4369,298.001,0.650233
144,4.8048,6,4,524,322.5,396.525,287.877,0.667073
144,4.8048,19,4,573.5,270,464.634,231.993,0.688298
144,4.8048,7,3,409.5,263.417,236.009,225.875,0.836782
144,4.8048,8,3,782.5,245,765.58,201.661,0.887755
144,4.8048,9,3,269.5,243,33.9113,203.59,0.848718
144,4.8048,10,2,707.5,234.5,660.544,189.792,0.8
144,4.8048,11,3,661.5,234.833,593.811,190.593,0.833333
144,4.8048,13,4,743.5,220.25,717.401,172.055,0.688112
144,4.8048,12,4,369.5,221.804,170.303,177.375,0.659091
144,4.8048,18,3,472.5,171.091,314.944,110.646,0.840426
144,4.8048,16,4,647.4,151.8,588.981,81.5529,0.834483
144,4.8048,17,1,631.8,169.8,561.146,107.118,0.947059
145,4.83817,1,3,836.269,440.143,769.979,392.863,0.867347
145,4.83817,2,3,215.5,438,33.2027,393.519,0.882156
145,4.83817,3,4,689.137,430.627,595.706,385.622,0.726923
145,4.83817,4,3,579,359.889,467.091,323.833,0.822374
145,4.83817,24,3,257.5,341,52.9557,307.658,0.9
145,4.83817,14,3,761,331.848,707.794,295.762,0.687683
145,4.83817,5,4,272,331.16,68.4369,298.001,0.650233
145,4.83817,6,4,524,322.5,396.525,287.877,0.667073
145,4.83817,19,4,573.5,270,464.634,231.993,0.688298
145,4.83817,7,3,409.5,263.417,236.009,225.875,0.836782
145,4.83817,8,3,782.5,245,765.58,201.661,0.887755
145,4.83817,9,3,269.5,243,33.9113,203.59,0.848718
145,4.83817,10,2,707.5,234.5,660.544,189.792,0.8
145,4.83817,11,3,661.5,234.833,593.811,190.593,0.833333
145,4.83817,13,4,743.5,220.25,717.401,172.055,0.688112
145,4.83817,12,4,369.5,221.804,170.303,177.375,0.659091
145,4.83817,18,3,472.5,171.091,314.944,110.646,0.840426
145,4.83817,16,4,647,153.5,588,84.0004,0.756767
145,4.83817,17,1,629.4,169.8,557.423,107.144,1
146,4.87154,1,3,836.269,440.143,769.979,392.863,0.867347
146,4.87154,2,3,215.5,438,33.2027,393.519,0.882156
146,4.87154,3,4,689.137,430.627,595.706,385.622,0.726923
146,4.87154,4,3,579,359.889,467.091,323.833,0.822374
146,4.87154,24,3,257.5,341,52.9557,307.658,0.9
146,4.87154,14,3,760.542,330.725,707.509,294.65,0.689068
146,4.87154,5,4,272,331.16,68.4369,298.001,0.650233
146,4.87154,6,4,524,322.5,396.525,287.877,0.667073
146,4.87154,19,4,573.5,270,464.634,231.993,0.688298
146,4.87154,7,3,409.5,263.417,236.009,225.875,0.836782
146,4.87154,8,3,782.5,245,765.58,201.661,0.887755
146,4.87154,9,3,269.5,243,33.9113,203.59,0.848718
146,4.87154,10,2,707.5,234.5,660.544,189.792,0.8
146,4.87154,11,3,661.5,234.833,593.811,190.593,0.833333
146,4.87154,13,4,743.5,220.25,717.401,172.055,0.688112
146,4.87154,12,4,369.5,221.804,170.303,177.375,0.659091
146,4.87154,18,3,472.5,171.091,314.944,110.646,0.840426
146,4.87154,16,4,647,153.5,588,84.0004,0.756767
146,4.87154,17,1,631.8,169.8,561.146,107.118,0.963415
147,4.9049,1,3,836.269,440.143,769.979,392.863,0.867347
147,4.9049,2,3,215.5,438,33.2027,393.519,0.882156
147,4.9049,3,4,689.137,430.627,595.706,385.622,0.726923
147,4.9049,4,3,579,359.889,467.091,323.833,0.822374
147,4.9049,24,3,257.5,341,52.9557,307.658,0.9
147,4.9049,14,3,759.5,329.804,706.394,293.74,0.720606
147,4.9049,5,4,272,331.16,68.4369,298.001,0.650233
147,4.9049,6,4,524,322.5,396.525,287.877,0.667073
147,4.9049,19,4,573.5,270,464.634,231.993,0.688298
147,4.9049,7,3,409.5,263.417,236.009,225.875,0.836782
147,4.9049,8,3,782.5,245,765.58,201.661,0.887755
147,4.9049,9,3,269.5,243,33.9113,203.59,0.848718
147,4.9049,10,2,707.5,234.5,660.544,189.792,0.8
147,4.9049,11,3,661.5,234.833,593.811,190.593,0.833333
147,4.9049,13,4,743.5,220.25,717.401,172.055,0.688112
147,4.9049,12,4,369.5,221.804,170.303,177.375,0.659091
147,4.9049,18,3,472.5,171.091,314.944,110.646,0.840426
147,4.9049,16,4,647,153.5,588,84.0004,0.756767
147,4.9049,17,1,631.8,169.8,561.146,107.118,0.968354
148,4.93827,1,3,836.269,440.143,769.979,392.863,0.867347
148,4.93827,2,3,215.5,438,33.2027,393.519,0.882156
148,4.93827,3,4,689.137,430.627,595.706,385.622,0.726923
148,4.93827,4,3,579,359.889,467.091,323.833,0.822374
148,4.93827,24,3,257.5,341,52.9557,307.658,0.9
148,4.93827,5,4,272,331.16,68.4369,298.001,0.650233
148,4.93827,14,3,758.866,327.939,706.083,291.883,0.760661
148,4.93827,6,4,524,322.5,396.525,287.877,0.667073
148,4.93827,19,4,573.5,270,464.634,231.993,0.688298
148,4.93827,7,3,409.5,263.417,236.009,225.875,0.836782
148,4.93827,8,3,782.5,245,765.58,201.661,0.887755
148,4.93827,9,3,269.5,243,33.9113,203.59,0.848718
148,4.93827,10,2,707.5,234.5,660.544,189.792,0.8
148,4.93827,11,3,661.5,234.833,593.811,190.593,0.833333
148,4.93827,13,4,743.5,220.25,717.401,172.055,0.688112
148,4.93827,12,4,369.5,221.804,170.303,177.375,0.659091
148,4.93827,18,3,472.5,171.091,314.944,110.646,0.840426
148,4.93827,16,4,647,153.5,588,84.0004,0.756767
148,4.93827,17,1,631.8,169.8,561.146,107.118,0.969512
149,4.97164,1,3,836.269,440.143,769.979,392.863,0.867347
149,4.97164,2,3,215.5,438,33.2027,393.519,0.882156
149,4.97164,3,4,689.137,430.627,595.706,385.622,0.726923
149,4.97164,4,3,579,359.889,467.091,323.833,0.822374
149,4.97164,24,3,257.5,341,52.9557,307.658,0.9
149,4.97164,5,4,272,331.16,68.4369,298.001,0.650233
149,4.97164,14,3,758,325.957,705.498,289.903,0.736202
149,4.97164,6,4,524,322.5,396.525,287.877,0.667073
149,4.97164,19,4,573.5,270,464.634,231.993,0.688298
149,4.97164,7,3,409.5,263.417,236.009,225.875,0.836782
149,4.97164,8,3,782.5,245,765.58,201.661,0.887755
149,4.97164,9,3,269.5,243,33.9113,203.59,0.848718
149,4.97164,10,2,707.5,234.5,660.544,189.792,0.8
149,4.97164,11,3,661.5,234.833,593.811,190.593,0.833333
149,4.97164,13,4,743.5,220.25,717.401,172.055,0.688112
149,4.97164,12,4,369.5,221.804,170.303,177.375,0.659091
149,4.97164,18,3,472.5,171.091,314.944,110.646,0.840426
149,4.97164,16,4,647,153.5,588,84.0004,0.756767
149,4.97164,17,1,629.4,169.8,557.423,107.144,1
150,5.00501,1,3,836.269,440.143,769.979,392.863,0.867347
150,5.00501,2,3,215.5,438,33.2027,393.519,0.882156
150,5.00501,3,4,689.137,430.627,595.706,385.622,0.726923
150,5.00501,4,3,579,359.889,467.091,323.833,0.822374
150,5.00501,24,3,257.5,341,52.9557,307.658,0.9
150,5.00501,5,4,272,331.16,68.4369,298.001,0.650233
150,5.00501,14,3,758.154,325.615,705.798,289.56,0.680838
150,5.00501,6,4,524,322.5,396.525,287.877,0.667073
150,5.00501,19,4,573.5,270,464.634,231.993,0.688298
150,5.00501,7,3,409.5,263.417,236.009,225.875,0.836782
150,5.00501,8,3,782.5,245,765.58,201.661,0.887755
150,5.00501,9,3,269.5,243,33.9113,203.59,0.848718
150,5.00501,10,2,707.5,234.5,660.544,189.792,0.8
150,5.00501,11,3,661.5,234.833,593.811,190.593,0.833333
150,5.00501,13,4,743.5,220.25,717.401,172.055,0.688112
150,5.00501,12,4,369.5,221.804,170.303,177.375,0.659091
150,5.00501,18,3,472.5,171.091,314.944,110.646,0.840426
150,5.00501,16,4,647,153.5,588,84.0004,0.756767
150,5.00501,17,1,629.4,169.8,557.423,107.144,1
151,5.03837,1,3,836.269,440.143,769.979,392.863,0.867347
151,5.03837,2,3,215.5,438,33.2027,393.519,0.882156
151,5.03837,3,4,689.137,430.627,595.706,385.622,0.726923
151,5.03837,4,3,579,359.889,467.091,323.833,0.822374
151,5.03837,24,3,257.5,341,52.9557,307.658,0.9
151,5.03837,5,4,272,331.16,68.4369,298.001,0.650233
151,5.03837,14,3,756.5,324.109,704.03,288.055,0.638462
151,5.03837,6,4,524,322.5,396.525,287.877,0.667073
151,5.03837,19,4,573.5,270,464.634,231.993,0.688298
151,5.03837,7,3,409.5,263.417,236.009,225.875,0.836782
151,5.03837,8,3,782.5,245,765.58,201.661,0.887755
151,5.03837,9,3,269.5,243,33.9113,203.59,0.848718
151,5.03837,10,2,707.5,234.5,660.544,189.792,0.8
151,5.03837,11,3,661.5,234.833,593.811,190.593,0.833333
151,5.03837,13,4,743.5,220.25,717.401,172.055,0.688112
151,5.03837,12,4,369.5,221.804,170.303,177.375,0.659091
151,5.03837,18,3,472.5,171.091,314.944,110.646,0.840426
151,5.03837,16,4,647,153.5,588,84.0004,0.756767
151,5.03837,17,1,629.4,169.8,557.423,107.144,1
152,5.07174,1,3,836.269,440.143,769.979,392.863,0.867347
152,5.07174,2,3,215.5,438,33.2027,393.519,0.882156
152,5.07174,3,4,689.137,430.627,595.706,385.622,0.726923
152,5.07174,4,3,579,359.889,467.091,323.833,0.822374
152,5.07174,24,3,257.5,341,52.9557,307.658,0.9
152,5.07174,5,4,272,331.16,68.4369,298.001,0.650233
152,5.07174,14,3,756,321.957,703.973,285.887,0.668546
152,5.07174,6,4,524,322.5,396.525,287.877,0.667073
152,5.07174,19,4,573.5,270,464.634,231.993,0.688298
152,5.07174,7,3,409.5,263.417,236.009,225.875,0.836782
152,5.07174,8,3,782.5,245,765.58,201.661,0.887755
152,5.07174,9,3,269.5,243,33.9113,203.59,0.848718
152,5.07174,10,2,707.5,234.5,660.544,189.792,0.8
152,5.07174,11,3,661.5,234.833,593.811,190.593,0.833333
152,5.07174,13,4,743.5,220.25,717.401,172.055,0.688112
152,5.07174,12,4,369.5,221.804,170.303,177.375,0.659091
152,5.07174,18,3,472.5,171.091,314.944,110.646,0.840426
152,5.07174,16,4,647,153.5,588,84.0004,0.756767
152,5.07174,17,1,631.8,169.8,561.146,107.118,0.981013
153,5.10511,1,3,836.269,440.143,769.979,392.863,0.867347
153,5.10511,2,3,215.5,438,33.2027,393.519,0.882156
153,5.10511,3,4,689.137,430.627,595.706,385.622,0.726923
153,5.10511,4,3,579,359.889,467.091,323.833,0.822374
153,5.10511,24,3,257.5,341,52.9557,307.658,0.9
153,5.10511,5,4,272,331.16,68.4369,298.001,0.650233
153,5.10511,6,4,524,322.5,396.525,287.877,0.667073
153,5.10511,14,3,755,320.5,703.052,284.419,0.701117
153,5.10511,19,4,573.5,270,464.634,231.993,0.688298
153,5.10511,7,3,409.5,263.417,236.009,225.875,0.836782
153,5.10511,8,3,782.5,245,765.58,201.661,0.887755
153,5.10511,9,3,269.5,243,33.9113,203.59,0.848718
153,5.10511,10,2,707.5,234.5,660.544,189.792,0.8
153,5.10511,11,3,661.5,234.833,593.811,190.593,0.833333
153,5.10511,13,4,743.5,220.25,717.401,172.055,0.688112
153,5.10511,12,4,369.5,221.804,170.303,177.375,0.659091
153,5.10511,18,3,472.5,171.091,314.944,110.646,0.840426
153,5.10511,16,4,647,153.5,588,84.0004,0.756767
153,5.10511,17,1,631.8,169.8,561.146,107.118,0.968354
154,5.13847,1,3,836.269,440.143,769.979,392.863,0.867347
154,5.13847,2,3,215.5,438,33.2027,393.519,0.882156
154,5.13847,3,4,689.137,430.627,595.706,385.622,0.726923
154,5.13847,4,3,579,359.889,467.091,323.833,0.822374
154,5.13847,24,3,257.5,341,52.9557,307.658,0.9
154,5.13847,5,4,272,331.16,68.4369,298.001,0.650233
154,5.13847,6,4,524,322.5,396.525,287.877,0.667073
154,5.13847,14,3,754.115,319.941,702.03,283.858,0.688589
154,5.13847,19,4,573.5,270,464.634,231.993,0.688298
154,5.13847,7,3,409.5,263.417,236.009,225.875,0.836782
154,5.13847,8,3,782.5,245,765.58,201.661,0.887755
154,5.13847,9,3,269.5,243,33.9113,203.59,0.848718
154,5.13847,10,2,707.5,234.5,660.544,189.792,0.8
154,5.13847,11,3,661.5,234.833,593.811,190.593,0.833333
154,5.13847,13,4,743.5,220.25,717.401,172.055,0.688112
154,5.13847,12,4,369.5,221.804,170.303,177.375,0.659091
154,5.13847,18,3,472.5,171.091,314.944,110.646,0.840426
154,5.13847,16,4,647,153.5,588,84.0004,0.756767
154,5.13847,17,1,629.4,169.8,557.423,107.144,0.991525
155,5.17184,1,3,836.269,440.143,769.979,392.863,0.867347
155,5.17184,2,3,215.5,438,33.2027,393.519,0.882156
155,5.17184,3,4,689.137,430.627,595.706,385.622,0.726923
155,5.17184,4,3,579,359.889,467.091,323.833,0.822374
155,5.17184,24,3,257.5,341,52.9557,307.658,0.9
155,5.17184,5,4,272,331.16,68.4369,298.001,0.650233
155,5.17184,6,4,524,322.5,396.525,287.877,0.667073
155,5.17184,14,3,754.007,319.027,702.143,282.93,0.674426
155,5.17184,19,4,573.5,270,464.634,231.993,0.688298
155,5.17184,7,3,409.5,263.417,236.009,225.875,0.836782
155,5.17184,8,3,782.5,245,765.58,201.661,0.887755
155,5.17184,9,3,269.5,243,33.9113,203.59,0.848718
155,5.17184,10,2,707.5,234.5,660.544,189.792,0.8
155,5.17184,11,3,661.5,234.833,593.811,190.593,0.833333
155,5.17184,13,4,743.5,220.25,717.401,172.055,0.688112
155,5.17184,12,4,369.5,221.804,170.303,177.375,0.659091
155,5.17184,18,3,472.5,171.091,314.944,110.646,0.840426
155,5.17184,16,4,647,153.5,588,84.0004,0.756767
155,5.17184,17,1,629.4,169.8,557.423,107.144,0.991525
156,5.20521,1,3,836.269,440.143,769.979,392.863,0.867347
156,5.20521,2,3,215.5,438,33.2027,393.519,0.882156
156,5.20521,3,4,689.137,430.627,595.706,385.622,0.726923
156,5.20521,4,3,579,359.889,467.091,323.833,0.822374
156,5.20521,24,3,257.5,341,52.9557,307.658,0.9
156,5.20521,5,4,272,331.16,68.4369,298.001,0.650233
156,5.20521,6,4,524,322.5,396.525,287.877,0.667073
156,5.20521,14,3,753.023,317.188,701.348,281.064,0.676589
156,5.20521,19,4,573.5,270,464.634,231.993,0.688298
156,5.20521,7,3,409.5,263.417,236.009,225.875,0.836782
156,5.20521,8,3,782.5,245,765.58,201.661,0.887755
156,5.20521,9,3,269.5,243,33.9113,203.59,0.848718
156,5.20521,10,2,707.5,234.5,660.544,189.792,0.8
156,5.20521,11,3,661.5,234.833,593.811,190.593,0.833333
156,5.20521,13,4,743.5,220.25,717.401,172.055,0.688112
156,5.20521,12,4,369.5,221.804,170.303,177.375,0.659091
156,5.20521,18,3,472.5,171.091,314.944,110.646,0.840426
156,5.20521,16,4,647.4,151.8,588.981,81.5529,0.815766
156,5.20521,17,1,631.8,169.8,561.146,107.118,0.958824
