frame,time_s,track_id,class,x,y,map_x,map_y,confidence
0,0,1,2,146.861,484.959,42.0552,394.375,0.596296
0,0,2,4,349,365.5,190.287,335.232,0.729589
0,0,3,3,772.5,309.5,669.796,300.114,0.690625
0,0,4,4,719.5,305,609.023,296.502,0.756215
0,0,5,3,279.5,266.5,66.875,263.333,0.803571
0,0,6,4,744.37,251.741,668.199,252.395,0.819231
0,0,7,1,283.357,234.5,51.4517,233.802,1
0,0,8,2,354.856,240.432,150.775,239.908,0.567742
0,0,9,3,349.5,207,126.494,205.279,0.761111
0,0,10,3,432.026,199.026,242.896,196.575,0.630049
0,0,11,4,687.95,180.9,631.636,175.67,0.850341
0,0,12,4,335,153.5,69.315,137.505,0.777679
0,0,13,1,535.5,126,400.056,95.3346,1
0,0,14,4,775.8,430.2,618.463,372.769,0.654798
0,0,15,3,585,108.6,493.924,64.7885,0.9
1,0.04,1,2,146.861,484.959,42.0552,394.375,0.6
1,0.04,2,4,349,365.5,190.287,335.232,0.729589
1,0.04,3,3,772.225,309,669.746,299.744,0.707719
1,0.04,4,4,719.592,304.735,609.251,296.304,0.763433
1,0.04,5,3,280.294,266.913,68.1253,263.693,0.804636
1,0.04,6,4,744.37,251.741,668.199,252.395,0.822189
1,0.04,7,1,283.5,234.5,51.6443,233.803,1
1,0.04,8,2,354.856,240.432,150.775,239.908,0.574194
1,0.04,10,4,432.176,198.796,243.048,196.309,0.656977
1,0.04,11,4,687.95,180.9,631.636,175.67,0.848635
1,0.04,12,4,335,153.5,69.315,137.505,0.775446
1,0.04,13,1,535.5,126,400.056,95.3346,1
1,0.04,14,4,775.8,430.2,618.463,372.769,0.658586
1,0.04,9,3,351,205.8,127.99,203.946,0.785246
1,0.04,15,3,585,108.6,493.924,64.7885,0.9
2,0.08,1,2,146.861,484.959,42.0552,394.375,0.596296
2,0.08,2,4,349,365.5,190.287,335.232,0.728006
2,0.08,3,3,772.225,309,669.746,299.744,0.71614
2,0.08,4,4,719.592,304.735,609.251,296.304,0.766418
2,0.08,5,3,279.391,266.719,66.8689,263.522,0.804516
2,0.08,6,4,744.455,251.909,668.207,252.55,0.814957
2,0.08,7,1,283.5,234.5,51.6443,233.803,1
2,0.08,8,2,354.856,240.432,150.775,239.908,0.580645
2,0.08,10,4,432.176,198.796,243.048,196.309,0.656977
2,0.08,11,4,687.95,180.9,631.636,175.67,0.845222
2,0.08,12,4,335,153.5,69.315,137.505,0.777679
2,0.08,13,1,535.5,126,400.056,95.3346,1
2,0.08,9,3,351,205.8,127.99,203.946,0.785246
2,0.08,15,3,585,108.6,493.924,64.7885,0.9
2,0.08,14,4,774.6,429,617.748,372.171,0.682716
3,0.12,1,2,146.861,484.959,42.0552,394.375,0.596296
3,0.12,2,4,349,365.5,190.287,335.232,0.728006
3,0.12,3,3,772.225,309,669.746,299.744,0.718947
3,0.12,4,4,719.592,304.735,609.251,296.304,0.763433
3,0.12,5,3,279.391,266.719,66.8689,263.522,0.806237
3,0.12,6,4,744.455,251.909,668.207,252.55,0.814957
3,0.12,7,1,283.5,234.5,51.6443,233.803,1
3,0.12,8,2,354.856,240.432,150.775,239.908,0.580645
3,0.12,10,4,432.176,198.796,243.048,196.309,0.652326
3,0.12,11,4,687.95,180.9,631.636,175.67,0.845222
3,0.12,12,4,335,153.5,69.315,137.505,0.777679
3,0.12,13,1,535.5,126,400.056,95.3346,1
3,0.12,9,3,351,205.8,127.99,203.946,0.785246
3,0.12,15,3,585,108.6,493.924,64.7885,0.9
3,0.12,14,4,773.4,427.8,617.032,371.571,0.705642
4,0.16,1,2,147.669,485.246,42.8959,394.5,0.615385
4,0.16,2,4,349,365.5,190.287,335.232,0.728006
4,0.16,3,3,772.225,309,669.746,299.744,0.718947
4,0.16,4,4,719.592,304.735,609.251,296.304,0.763433
4,0.16,5,3,279.391,266.719,66.8689,263.522,0.807097
4,0.16,6,4,744.37,251.741,668.199,252.395,0.825148
4,0.16,7,1,283.5,234.5,51.6443,233.803,1
4,0.16,8,2,354.856,240.432,150.775,239.908,0.580645
4,0.16,10,3,432.125,199,243.033,196.545,0.618386
4,0.16,11,4,687.95,180.9,631.636,175.67,0.845222
4,0.16,12,4,335,153.5,69.315,137.505,0.777679
4,0.16,13,1,535.5,126,400.056,95.3346,1
4,0.16,9,3,351,205.8,127.99,203.946,0.785246
4,0.16,15,3,585,108.6,493.924,64.7885,0.9
4,0.16,14,4,773.4,427.8,617.032,371.571,0.705642
5,0.2,1,2,147.622,485.243,42.8527,394.499,0.601533
5,0.2,2,4,349,365.5,190.287,335.232,0.728006
5,0.2,3,3,772.225,309,669.746,299.744,0.71614
5,0.2,4,4,719.841,304.693,609.566,296.274,0.762963
5,0.2,5,3,279.391,266.719,66.8689,263.522,0.806237
5,0.2,6,4,744.455,251.909,668.207,252.55,0.817806
5,0.2,7,1,283.5,234.5,51.6443,233.803,1
5,0.2,8,2,354.856,240.432,150.775,239.908,0.587097
5,0.2,10,3,432.125,199,243.033,196.545,0.609417
5,0.2,11,4,687.95,180.9,631.636,175.67,0.846928
5,0.2,12,4,335,153.5,69.315,137.505,0.777679
5,0.2,13,1,535.5,126,400.056,95.3346,1
5,0.2,9,3,351,205.8,127.99,203.946,0.788525
5,0.2,14,4,773.4,427.8,617.032,371.571,0.705642
5,0.2,15,3,585,108.6,493.924,64.7885,0.9
6,0.24,1,2,147.622,485.243,42.8527,394.499,0.597701
6,0.24,2,4,349,365.5,190.287,335.232,0.727215
6,0.24,3,3,772.225,309,669.746,299.744,0.71614
6,0.24,4,4,719.841,304.693,609.566,296.274,0.762963
6,0.24,5,3,279.391,266.719,66.8689,263.522,0.807957
6,0.24,6,4,744.455,251.909,668.207,252.55,0.817806
6,0.24,7,1,283.5,234.5,51.6443,233.803,1
6,0.24,8,2,354.856,240.432,150.775,239.908,0.593548
6,0.24,10,4,432.176,198.796,243.048,196.309,0.652326
6,0.24,11,4,687.95,180.9,631.636,175.67,0.846928
6,0.24,12,4,335,153.5,69.315,137.505,0.777679
6,0.24,13,1,535.5,126,400.056,95.3346,1
6,0.24,9,3,351,205.8,127.99,203.946,0.788525
6,0.24,14,4,773.4,427.8,617.032,371.571,0.705642
6,0.24,16,4,502.2,102.6,339,53.4024,0.741099
6,0.24,15,3,585,108.6,493.924,64.7885,0.9
7,0.28,1,2,147.514,485.028,42.6604,394.407,0.596
7,0.28,2,4,349,365.5,190.287,335.232,0.727215
7,0.28,3,3,772.225,309,669.746,299.744,0.717544
7,0.28,4,4,719.841,304.693,609.566,296.274,0.76142
7,0.28,5,3,280,267,67.8073,263.767,0.807822
7,0.28,6,4,744.37,251.741,668.199,252.395,0.825148
7,0.28,7,1,283.429,234,51.2091,233.309,0.964286
7,0.28,8,2,354.856,240.432,150.775,239.908,0.596774
7,0.28,10,4,432.176,198.796,243.048,196.309,0.652326
7,0.28,11,4,687.95,180.9,631.636,175.67,0.845222
7,0.28,12,4,335,153.5,69.315,137.505,0.777679
7,0.28,13,1,535.5,126,400.056,95.3346,1
7,0.28,9,3,351,205.8,127.99,203.946,0.786885
7,0.28,14,4,773.4,427.8,617.032,371.571,0.705642
7,0.28,15,3,585,108.6,493.924,64.7885,0.9
8,0.32,1,2,146.861,484.959,42.0552,394.375,0.574074
8,0.32,2,4,348,365,189.078,334.924,0.730354
8,0.32,3,3,772.235,309.029,669.742,299.766,0.716028
8,0.32,4,4,719.841,304.693,609.566,296.274,0.76142
8,0.32,5,3,280,267,67.8073,263.767,0.807822
8,0.32,6,4,744.37,251.741,668.199,252.395,0.825148
8,0.32,7,1,283.429,234,51.2091,233.309,0.964286
8,0.32,8,2,354.856,240.432,150.775,239.908,0.596774
8,0.32,10,4,432.176,198.796,243.048,196.309,0.652326
8,0.32,11,4,687.95,180.9,631.636,175.67,0.845222
8,0.32,12,4,335,153.5,69.315,137.505,0.777679
8,0.32,13,1,535.5,126,400.056,95.3346,1
8,0.32,9,3,349.8,205.8,126.263,203.941,0.8
8,0.32,15,3,585,108.6,493.924,64.7885,0.9
8,0.32,14,4,774.6,429,617.748,372.171,0.684259
8,0.32,16,4,502.2,102.6,339,53.4024,0.741099
9,0.36,1,3,146.158,484.885,41.4045,394.34,0.668641
9,0.36,2,4,348,365,189.078,334.924,0.730354
9,0.36,3,3,772.235,309.029,669.742,299.766,0.716028
9,0.36,4,4,719.841,304.693,609.566,296.274,0.76142
9,0.36,5,3,279.391,266.719,66.8689,263.522,0.812258
9,0.36,6,4,744.37,251.741,668.199,252.395,0.825148
9,0.36,7,1,283.429,234,51.2091,233.309,0.964286
9,0.36,8,2,354.856,240.432,150.775,239.908,0.593548
9,0.36,10,4,432.176,198.796,243.048,196.309,0.652326
9,0.36,11,4,687.95,180.9,631.636,175.67,0.845222
9,0.36,12,4,335,153.5,69.315,137.505,0.777679
9,0.36,13,1,535.5,126,400.056,95.3346,1
9,0.36,9,3,349.8,205.8,126.263,203.941,0.8
9,0.36,14,4,774.6,429,617.748,372.171,0.684259
9,0.36,16,4,502.2,102.6,339,53.4024,0.741099
9,0.36,15,3,585,108.6,493.924,64.7885,0.9
10,0.4,1,2,146.319,485.175,41.6777,394.463,0.556314
10,0.4,17,3,947.134,476.973,757.418,395.173,0.722878
10,0.4,2,4,349,365.5,190.287,335.232,0.727215
10,0.4,3,3,772.235,309.029,669.742,299.766,0.725784
10,0.4,4,4,719.841,304.693,609.566,296.274,0.766049
10,0.4,5,3,279.645,267.237,67.5017,263.97,0.80625
10,0.4,6,4,744.37,251.741,668.199,252.395,0.825148
10,0.4,7,1,283.5,234.5,51.6443,233.803,1
10,0.4,8,2,354.5,240,150.099,239.49,0.575
10,0.4,9,3,350.558,207.023,128.025,205.309,0.771028
10,0.4,10,4,432.176,198.796,243.048,196.309,0.652326
10,0.4,11,4,687.95,180.9,631.636,175.67,0.845222
10,0.4,12,4,335,153.5,69.315,137.505,0.777679
10,0.4,13,1,535.5,126,400.056,95.3346,1
10,0.4,14,4,773.4,427.8,617.032,371.571,0.703696
10,0.4,15,3,585,108.6,493.924,64.7885,0.9
11,0.44,1,3,146.319,485.175,41.6777,394.463,0.674744
11,0.44,17,3,947.134,476.973,757.418,395.173,0.72583
11,0.44,2,4,349,365.5,190.287,335.232,0.727215
11,0.44,3,3,772.235,309.029,669.742,299.766,0.725784
11,0.44,4,4,719.841,304.693,609.566,296.274,0.766049
11,0.44,5,3,279.391,266.719,66.8689,263.522,0.812258
11,0.44,6,4,744.37,251.741,668.199,252.395,0.825148
11,0.44,7,1,283.5,234.5,51.6443,233.803,1
11,0.44,8,2,354.856,240.432,150.775,239.908,0.593548
11,0.44,9,3,350.558,207.023,128.025,205.309,0.771028
11,0.44,10,3,432.125,199,243.033,196.545,0.613005
11,0.44,11,4,687.95,180.9,631.636,175.67,0.845222
11,0.44,12,4,335,153.5,69.315,137.505,0.777679
11,0.44,13,1,535.5,126,400.056,95.3346,1
11,0.44,14,4,773.4,427.8,617.032,371.571,0.703696
11,0.44,15,3,585,108.6,493.924,64.7885,0.9
12,0.48,1,2,146.319,485.175,41.6777,394.463,0.569966
12,0.48,17,3,947.134,476.973,757.418,395.173,0.705166
12,0.48,2,4,349,365.5,190.287,335.232,0.727215
12,0.48,3,3,772.235,309.029,669.742,299.766,0.717422
12,0.48,4,4,719.841,304.693,609.566,296.274,0.766049
12,0.48,5,3,279.15,266.187,66.2431,263.061,0.820524
12,0.48,6,4,744.444,251.69,668.327,252.348,0.828932
12,0.48,7,1,283.357,234.5,51.4517,233.802,1
12,0.48,8,2,354.856,240.432,150.775,239.908,0.554839
12,0.48,18,1,786.5,231.5,739.547,233.112,1
12,0.48,9,3,350.558,207.023,128.025,205.309,0.757944
12,0.48,10,4,432,198.806,242.792,196.32,0.650939
12,0.48,11,4,688.059,181.118,631.667,175.945,0.842929
12,0.48,12,4,335,153.5,69.315,137.505,0.779911
12,0.48,13,1,535.667,126,400.352,95.335,1
12,0.48,15,3,586.2,107.4,496.608,62.561,0.9
12,0.48,14,4,773.4,427.8,617.032,371.571,0.703696
13,0.52,1,2,146.319,485.175,41.6777,394.463,0.566553
13,0.52,2,4,349,365.5,190.287,335.232,0.727215
13,0.52,3,3,772.031,309.438,669.274,300.066,0.708
13,0.52,4,4,719.841,304.693,609.566,296.274,0.766049
13,0.52,5,3,279.15,266.187,66.2431,263.061,0.821397
13,0.52,6,4,744.444,251.69,668.327,252.348,0.830415
13,0.52,7,1,283.357,234.5,51.4517,233.802,1
13,0.52,8,2,354.856,240.432,150.775,239.908,0.554839
13,0.52,18,1,786.5,231.5,739.547,233.112,1
13,0.52,9,3,350.558,207.023,128.025,205.309,0.757944
13,0.52,10,4,432,198.806,242.792,196.32,0.650939
13,0.52,11,4,688.059,181.118,631.667,175.945,0.842929
13,0.52,12,4,335,153.5,69.315,137.505,0.779911
13,0.52,13,1,534.5,123.5,398.475,91.1177,0.758621
13,0.52,15,3,585,108.6,493.924,64.7885,0.897037
13,0.52,14,4,774.6,429,617.748,372.171,0.684259
14,0.56,1,2,146.158,484.885,41.4045,394.34,0.571429
14,0.56,2,4,349,365.5,190.287,335.232,0.727215
14,0.56,3,3,772.028,309.437,669.271,300.065,0.705797
14,0.56,4,4,719.841,304.693,609.566,296.274,0.766049
14,0.56,5,3,279.15,266.187,66.2431,263.061,0.820524
14,0.56,6,4,744.444,251.69,668.327,252.348,0.828932
14,0.56,7,1,283.357,234.5,51.4517,233.802,1
14,0.56,8,2,354.856,240.432,150.775,239.908,0.554839
14,0.56,18,1,786.5,231.5,739.547,233.112,1
14,0.56,9,3,350.558,207.023,128.025,205.309,0.757944
14,0.56,10,4,432,198.806,242.792,196.32,0.650939
14,0.56,11,4,688.059,181.118,631.667,175.945,0.842929
14,0.56,12,4,335,153.5,69.315,137.505,0.779911
14,0.56,13,1,535.147,125.017,399.508,93.684,0.898477
14,0.56,15,3,585,108.6,493.924,64.7885,0.897037
14,0.56,14,4,774.6,429,617.748,372.171,0.684259
15,0.6,1,2,146.158,484.885,41.4045,394.34,0.571429
15,0.6,2,4,349,365.5,190.287,335.232,0.727215
15,0.6,3,3,772.556,309.507,669.858,300.12,0.703125
15,0.6,4,4,719.841,304.693,609.566,296.274,0.766049
15,0.6,5,3,278.983,266.384,66.1517,263.23,0.817271
15,0.6,6,4,744.444,251.69,668.327,252.348,0.828932
15,0.6,7,1,283.357,234.5,51.4517,233.802,1
15,0.6,8,2,354.856,240.432,150.775,239.908,0.554839
15,0.6,18,1,786.5,231.5,739.547,233.112,1
15,0.6,9,3,350.558,207.023,128.025,205.309,0.757944
15,0.6,10,4,432,198.806,242.792,196.32,0.650939
15,0.6,11,4,688.059,181.118,631.667,175.945,0.839562
15,0.6,12,4,335,153.5,69.315,137.505,0.779911
15,0.6,13,1,539.3,127.3,406.666,97.5115,0.913514
15,0.6,15,3,585,108.6,493.924,64.7885,0.897037
15,0.6,14,4,774.6,429,617.748,372.171,0.684259
16,0.64,1,3,146.361,484.525,41.4185,394.19,0.676589
16,0.64,17,3,946.972,477.437,757.017,395.371,0.698551
16,0.64,2,4,349,365.5,190.287,335.232,0.727215
16,0.64,3,3,772.031,309.438,669.274,300.066,0.713818
16,0.64,4,4,719.841,304.693,609.566,296.274,0.769136
16,0.64,5,3,278.983,266.384,66.1517,263.23,0.818124
16,0.64,6,4,744.444,251.69,668.327,252.348,0.828932
16,0.64,7,1,283.357,234.5,51.4517,233.802,1
16,0.64,8,2,354.856,240.432,150.775,239.908,0.554839
16,0.64,18,1,786.5,231.5,739.547,233.112,1
16,0.64,9,3,350.558,207.023,128.025,205.309,0.757944
16,0.64,10,4,432,198.806,242.792,196.32,0.650939
16,0.64,11,4,688.059,181.118,631.667,175.945,0.841246
16,0.64,12,4,335,153.5,69.315,137.505,0.779911
16,0.64,13,4,540.643,128.357,408.928,99.2668,0.895486
16,0.64,15,3,585,108.6,493.924,64.7885,0.897037
16,0.64,14,4,774.6,429,617.748,372.171,0.684259
17,0.68,1,3,146.361,484.525,41.4185,394.19,0.675251
17,0.68,17,3,946.39,477.515,756.447,395.401,0.69375
17,0.68,2,4,349.5,365.5,190.817,335.234,0.731007
17,0.68,3,3,772.031,309.438,669.274,300.066,0.713818
17,0.68,4,4,719.841,304.693,609.566,296.274,0.769136
17,0.68,5,3,278.983,266.384,66.1517,263.23,0.818124
17,0.68,6,4,744.444,251.69,668.327,252.348,0.828932
17,0.68,7,1,283.357,234.5,51.4517,233.802,1
17,0.68,8,2,354.856,240.432,150.775,239.908,0.554839
17,0.68,18,1,786.5,231.5,739.547,233.112,1
17,0.68,9,3,350.558,207.023,128.025,205.309,0.757944
17,0.68,10,4,432,198.806,242.792,196.32,0.650939
17,0.68,11,4,688.059,181.118,631.667,175.945,0.841246
17,0.68,12,4,335,153.5,69.315,137.505,0.779911
17,0.68,13,1,545.667,133,417.187,106.855,0.992958
17,0.68,14,3,778.2,441,616.772,378.011,0.723441
17,0.68,15,3,585,108.6,493.924,64.7885,0.897037
17,0.68,16,3,521.4,95.4,375.468,39.3385,0.782667
18,0.72,1,2,146.361,484.525,41.4185,394.19,0.551839
18,0.72,2,4,349,365.5,190.287,335.232,0.727215
18,0.72,3,3,772.031,309.438,669.274,300.066,0.713818
18,0.72,4,4,719.841,304.693,609.566,296.274,0.766049
18,0.72,5,3,278.983,266.384,66.1517,263.23,0.824094
18,0.72,6,4,744.444,251.69,668.327,252.348,0.828932
18,0.72,7,1,283.357,234.5,51.4517,233.802,1
18,0.72,8,2,354.856,240.432,150.775,239.908,0.554839
18,0.72,18,1,786.5,231.5,739.547,233.112,1
18,0.72,9,3,350.558,207.023,128.025,205.309,0.756075
18,0.72,10,4,432,198.806,242.792,196.32,0.650939
18,0.72,11,4,688.059,181.118,631.667,175.945,0.841246
18,0.72,12,4,335,153.5,69.315,137.505,0.779911
18,0.72,13,1,549.5,135.5,423.5,110.866,1
18,0.72,15,3,585,108.6,493.924,64.7885,0.897037
18,0.72,14,4,774.6,429,617.748,372.171,0.681173
19,0.76,1,2,146.361,484.525,41.4185,394.19,0.555184
19,0.76,17,3,946.789,477.026,757.076,395.194,0.711847
19,0.76,2,4,348,365,189.078,334.924,0.730354
19,0.76,3,3,772.031,309.438,669.274,300.066,0.713818
19,0.76,4,4,719.841,304.693,609.566,296.274,0.766049
19,0.76,5,3,279.15,266.187,66.2431,263.061,0.820524
19,0.76,6,4,744.444,251.69,668.327,252.348,0.828932
19,0.76,7,1,283.357,234.5,51.4517,233.802,1
19,0.76,8,2,354.856,240.432,150.775,239.908,0.554839
19,0.76,18,1,786.5,231.5,739.547,233.112,1
19,0.76,9,3,350.558,207.023,128.025,205.309,0.757944
19,0.76,10,4,432,198.806,242.792,196.32,0.650939
19,0.76,11,4,688.059,181.118,631.667,175.945,0.841246
19,0.76,12,4,335,153.5,69.315,137.505,0.779911
19,0.76,13,1,552.5,138.5,428.221,115.605,1
19,0.76,15,3,585,108.6,493.924,64.7885,0.897037
19,0.76,14,4,774.6,429,617.748,372.171,0.682716
20,0.8,1,2,146.361,484.525,41.4185,394.19,0.555184
20,0.8,17,3,946.39,477.515,756.447,395.401,0.7125
20,0.8,2,4,348,365,189.078,334.924,0.730354
20,0.8,3,3,772.05,309.5,669.262,300.112,0.715942
20,0.8,4,4,719.841,304.693,609.566,296.274,0.767593
20,0.8,5,3,279.15,266.187,66.2431,263.061,0.820524
20,0.8,6,4,744.444,251.69,668.327,252.348,0.828932
20,0.8,7,1,283.357,234.5,51.4517,233.802,1
20,0.8,8,2,354.856,240.432,150.775,239.908,0.554839
20,0.8,18,1,786.5,231.5,739.547,233.112,1
20,0.8,9,3,350.558,207.023,128.025,205.309,0.757944
20,0.8,10,4,432,198.806,242.792,196.32,0.650939
20,0.8,11,4,688.059,181.118,631.667,175.945,0.841246
20,0.8,12,4,335,153.5,69.315,137.505,0.779911
20,0.8,13,1,555.833,140.5,433.602,118.726,1
20,0.8,15,3,586.2,107.4,496.608,62.561,0.9
20,0.8,14,4,774.6,429,617.748,372.171,0.682716
21,0.84,1,2,146.361,484.525,41.4185,394.19,0.551839
21,0.84,17,3,946.39,477.515,756.447,395.401,0.717188
21,0.84,2,4,348,365,189.078,334.924,0.730354
21,0.84,3,3,772.05,309.5,669.262,300.112,0.717391
21,0.84,4,4,721.5,307,610.516,298.003,0.713866
21,0.84,5,3,278.983,266.384,66.1517,263.23,0.822388
21,0.84,6,4,744.5,252,668.211,252.634,0.81676
21,0.84,7,1,283.357,234.5,51.4517,233.802,1
21,0.84,8,2,354.856,240.432,150.775,239.908,0.554839
21,0.84,18,1,786.5,231.5,739.547,233.112,1
21,0.84,9,3,350.558,207.023,128.025,205.309,0.757944
21,0.84,10,4,432,198.806,242.792,196.32,0.650939
21,0.84,11,4,688.059,181.118,631.667,175.945,0.841246
21,0.84,12,4,335,153.5,69.315,137.505,0.779911
21,0.84,13,1,559.5,143.5,439.311,123.343,1
21,0.84,14,4,775.8,430.2,618.463,372.769,0.658586
21,0.84,15,3,586.2,107.4,496.608,62.561,0.9
22,0.88,1,2,146.158,484.885,41.4045,394.34,0.574913
22,0.88,17,3,947.134,476.973,757.418,395.173,0.714022
22,0.88,2,4,348,365,189.078,334.924,0.730354
22,0.88,3,3,772.089,308.61,669.799,299.456,0.712274
22,0.88,4,4,721.5,307,610.516,298.003,0.711765
22,0.88,5,3,279.15,266.187,66.2431,263.061,0.824891
22,0.88,6,4,745,252,668.874,252.637,0.803351
22,0.88,7,1,283.357,234.5,51.4517,233.802,1
22,0.88,8,2,354.856,240.432,150.775,239.908,0.554839
22,0.88,9,3,350.558,207.023,128.025,205.309,0.754206
22,0.88,10,4,432,198.806,242.792,196.32,0.650939
22,0.88,11,4,688.059,181.118,631.667,175.945,0.841246
22,0.88,12,4,335,153.5,69.315,137.505,0.779911
22,0.88,13,1,562.885,145.115,444.726,125.803,1
22,0.88,15,3,585,108.6,493.924,64.7885,0.9
22,0.88,14,4,774.6,429,617.748,372.171,0.682716
23,0.92,1,2,146.158,484.885,41.4045,394.34,0.585366
23,0.92,17,3,946.972,477.437,757.017,395.371,0.710145
23,0.92,2,4,348,365,189.078,334.924,0.730354
23,0.92,3,3,772.089,308.61,669.799,299.456,0.712274
23,0.92,4,4,721.5,307,610.516,298.003,0.711765
23,0.92,5,3,277.23,268.044,64.9454,264.653,0.827974
23,0.92,6,4,744.481,251.893,668.251,252.536,0.819886
23,0.92,7,1,283.357,234.5,51.4517,233.802,1
23,0.92,8,2,354.856,240.432,150.775,239.908,0.551613
23,0.92,9,3,350.558,207.023,128.025,205.309,0.754206
23,0.92,10,3,432,199,242.849,196.545,0.624887
23,0.92,11,4,688.059,181.118,631.667,175.945,0.841246
23,0.92,12,4,335,153.5,69.315,137.505,0.779911
23,0.92,13,1,566,148,449.382,130.137,1
23,0.92,15,3,585,108.6,493.924,64.7885,0.9
23,0.92,14,4,774.6,429,617.748,372.171,0.682716
24,0.96,1,2,146.861,484.959,42.0552,394.375,0.592593
24,0.96,2,4,349,365.5,190.287,335.232,0.727215
24,0.96,3,3,771.894,308.979,669.364,299.727,0.704444
24,0.96,4,4,719.858,304.113,609.844,295.839,0.771574
24,0.96,5,3,279.5,266.5,66.875,263.333,0.813393
24,0.96,6,4,744.444,251.69,668.327,252.348,0.824481
24,0.96,7,1,283.357,234.5,51.4517,233.802,1
24,0.96,8,2,354.5,240.5,150.331,239.972,0.572785
24,0.96,9,3,350.558,207.023,128.025,205.309,0.759813
24,0.96,10,3,432,199,242.849,196.545,0.624887
24,0.96,11,4,687.857,180.714,631.609,175.435,0.864286
24,0.96,13,1,569.5,150,454.801,133.108,1
24,0.96,12,4,335,153.5,69.315,137.505,0.779911
24,0.96,14,4,775.8,430.2,618.463,372.769,0.662374
24,0.96,19,4,712.2,94.2,748.481,37.0301,0.723529
24,0.96,15,3,585,108.6,493.924,64.7885,0.9
25,1,1,2,147.063,484.642,42.0887,394.242,0.587814
25,1,2,4,349,365.5,190.287,335.232,0.727215
25,1,3,3,771.894,308.979,669.364,299.727,0.704444
25,1,4,4,719.858,304.113,609.844,295.839,0.771574
25,1,5,3,279.653,266.816,67.259,263.607,0.809795
25,1,6,4,744.444,251.69,668.327,252.348,0.824481
25,1,7,1,283.357,234.5,51.4517,233.802,1
25,1,8,2,354.5,240.5,150.331,239.972,0.572785
25,1,9,3,350.558,207.023,128.025,205.309,0.759813
25,1,10,3,432,199,242.849,196.545,0.624887
25,1,11,4,687.857,180.714,631.609,175.435,0.864286
25,1,13,1,573.094,153,460.089,137.503,1
25,1,12,4,335,153.5,69.315,137.505,0.779911
25,1,14,4,775.8,430.2,618.463,372.769,0.662374
25,1,19,4,712.2,94.2,748.481,37.0301,0.723529
25,1,15,3,585,108.6,493.924,64.7885,0.9
26,1.04,1,2,147.514,485.028,42.6604,394.407,0.62
26,1.04,2,4,349,365.5,190.287,335.232,0.727215
26,1.04,3,3,771.894,308.979,669.364,299.727,0.704444
26,1.04,4,4,719.858,304.113,609.844,295.839,0.768659
26,1.04,5,3,279.653,266.816,67.259,263.607,0.810706
26,1.04,6,4,744.444,251.69,668.327,252.348,0.824481
26,1.04,7,1,283.357,234.5,51.4517,233.802,1
26,1.04,8,2,354.5,240.5,150.331,239.972,0.572785
26,1.04,9,3,350.558,207.023,128.025,205.309,0.759813
26,1.04,10,3,432,199,242.849,196.545,0.624887
26,1.04,11,4,687.857,180.714,631.609,175.435,0.864286
26,1.04,13,1,576.5,155.5,465.109,141.115,1
26,1.04,12,4,335,153.5,69.315,137.505,0.779911
26,1.04,14,4,775.8,430.2,618.463,372.769,0.662374
26,1.04,19,4,712.2,94.2,748.481,37.0301,0.723529
26,1.04,17,3,947.4,480.6,755.685,396.723,0.661326
26,1.04,15,3,585,108.6,493.924,64.7885,0.9
27,1.08,1,2,146.861,484.959,42.0552,394.375,0.581481
27,1.08,2,4,349,365.5,190.287,335.232,0.727215
27,1.08,3,3,771.894,308.979,669.364,299.727,0.711852
27,1.08,4,4,719.858,304.113,609.844,295.839,0.768659
27,1.08,5,3,279.653,266.816,67.259,263.607,0.810706
27,1.08,6,4,744.444,251.69,668.327,252.348,0.824481
27,1.08,7,1,283.357,234.5,51.4517,233.802,1
27,1.08,8,2,354.856,240.432,150.775,239.908,0.567742
27,1.08,9,3,350.558,207.023,128.025,205.309,0.759813
27,1.08,10,3,432,199,242.849,196.545,0.621267
27,1.08,11,4,687.857,180.714,631.609,175.435,0.864286
27,1.08,13,1,579.5,157.5,469.53,143.973,1
27,1.08,12,4,335,153.5,69.315,137.505,0.779911
27,1.08,14,4,775.8,430.2,618.463,372.769,0.663636
27,1.08,19,4,712.2,94.2,748.481,37.0301,0.723529
27,1.08,15,3,586.2,107.4,496.608,62.561,0.9
28,1.12,1,2,146.861,484.959,42.0552,394.375,0.581481
28,1.12,2,4,349,365.5,190.287,335.232,0.727215
28,1.12,3,3,772.089,308.61,669.799,299.456,0.718051
28,1.12,4,4,719.858,304.113,609.844,295.839,0.768659
28,1.12,5,3,279.5,266.5,66.875,263.333,0.813393
28,1.12,6,4,744.444,251.69,668.327,252.348,0.824481
28,1.12,7,1,283.357,234.5,51.4517,233.802,1
28,1.12,8,2,354.856,240.432,150.775,239.908,0.567742
28,1.12,9,3,350.558,207.023,128.025,205.309,0.759813
28,1.12,10,3,432,199,242.849,196.545,0.621267
28,1.12,11,4,687.857,180.714,631.609,175.435,0.864286
28,1.12,13,1,583.5,160.5,475.267,148.206,1
28,1.12,12,4,335,153.5,69.315,137.505,0.779911
28,1.12,14,4,775.8,430.2,618.463,372.769,0.663636
28,1.12,19,4,712.2,94.2,748.481,37.0301,0.723529
28,1.12,15,3,585,108.6,493.924,64.7885,0.9
29,1.16,1,2,145.976,485.209,41.3919,394.476,0.568345
29,1.16,17,3,947.149,477.836,756.96,395.543,0.701493
29,1.16,2,4,349,365.5,190.287,335.232,0.727215
29,1.16,3,3,772.089,308.61,669.799,299.456,0.718051
29,1.16,4,4,719.858,304.113,609.844,295.839,0.768659
29,1.16,5,3,279.5,266.5,66.875,263.333,0.813393
29,1.16,6,4,744.444,251.69,668.327,252.348,0.824481
29,1.16,7,1,283.357,234.5,51.4517,233.802,1
29,1.16,8,2,354.856,240.432,150.775,239.908,0.574194
29,1.16,9,3,350.558,207.023,128.025,205.309,0.759813
29,1.16,10,3,432,199,242.849,196.545,0.621267
29,1.16,11,4,687.857,180.714,631.609,175.435,0.864286
29,1.16,13,1,587.139,163.273,480.399,152.061,1
29,1.16,12,4,335,153.5,69.315,137.505,0.779911
29,1.16,14,4,775.8,430.2,618.463,372.769,0.663636
29,1.16,19,4,712.2,94.2,748.481,37.0301,0.723529
29,1.16,15,3,585,108.6,493.924,64.7885,0.9
30,1.2,1,2,145.976,485.209,41.3919,394.476,0.568345
30,1.2,17,3,947.149,477.836,756.96,395.543,0.707463
30,1.2,2,4,349,365.5,190.287,335.232,0.727215
30,1.2,3,3,772.089,308.61,669.799,299.456,0.718051
30,1.2,4,4,719.858,304.113,609.844,295.839,0.768659
30,1.2,5,3,279.5,266.5,66.875,263.333,0.8125
30,1.2,6,4,744.444,251.69,668.327,252.348,0.824481
30,1.2,7,1,283.357,234.5,51.4517,233.802,1
30,1.2,8,2,354.856,240.432,150.775,239.908,0.570968
30,1.2,9,3,350.558,207.023,128.025,205.309,0.765421
30,1.2,10,3,432,199,242.849,196.545,0.621267
30,1.2,11,4,687.857,180.714,631.609,175.435,0.864286
30,1.2,13,1,590.618,165.5,485.361,155.121,1
30,1.2,12,4,335,153.5,69.315,137.505,0.779911
30,1.2,14,4,775.8,430.2,618.463,372.769,0.663636
30,1.2,19,4,712.2,94.2,748.481,37.0301,0.723529
30,1.2,15,3,585,108.6,493.924,64.7885,0.9
31,1.24,1,2,145.976,485.209,41.3919,394.476,0.568345
31,1.24,2,4,348.5,365.5,189.758,335.229,0.724219
31,1.24,3,3,771.894,308.979,669.364,299.727,0.716296
31,1.24,4,4,719.858,304.113,609.844,295.839,0.768659
31,1.24,5,3,279.653,266.816,67.259,263.607,0.811617
31,1.24,6,4,744.444,251.69,668.327,252.348,0.824481
31,1.24,7,1,283.357,234.5,51.4517,233.802,1
31,1.24,8,2,354.856,240.432,150.775,239.908,0.580645
31,1.24,9,3,350.558,207.023,128.025,205.309,0.765421
31,1.24,10,3,432,199,242.849,196.545,0.621267
31,1.24,11,4,687.857,180.714,631.609,175.435,0.864286
31,1.24,13,1,594.5,168.5,490.682,159.188,1
31,1.24,12,4,335,153.5,69.315,137.505,0.779911
31,1.24,14,4,775.8,430.2,618.463,372.769,0.663636
31,1.24,19,4,712.2,94.2,748.481,37.0301,0.725
31,1.24,15,3,585,108.6,493.924,64.7885,0.9
32,1.28,1,2,145.976,485.209,41.3919,394.476,0.568345
32,1.28,2,4,349,365.5,190.287,335.232,0.727215
32,1.28,3,3,771.894,308.979,669.364,299.727,0.714815
32,1.28,4,4,719.858,304.113,609.844,295.839,0.767201
32,1.28,5,3,279.5,266.5,66.875,263.333,0.811607
32,1.28,6,4,744.444,251.69,668.327,252.348,0.824481
32,1.28,7,1,283.357,234.5,51.4517,233.802,1
32,1.28,8,2,354.856,240.432,150.775,239.908,0.580645
32,1.28,9,3,350.558,207.023,128.025,205.309,0.765421
32,1.28,10,3,432,199,242.849,196.545,0.621267
32,1.28,11,4,687.857,180.714,631.609,175.435,0.864286
32,1.28,13,1,598.5,171,496.266,162.534,1
32,1.28,12,4,335,153.5,69.315,137.505,0.779911
32,1.28,14,4,775.8,430.2,618.463,372.769,0.663636
32,1.28,19,4,712.2,94.2,748.481,37.0301,0.725
33,1.32,1,2,145.976,485.209,41.3919,394.476,0.568345
33,1.32,17,3,946.972,477.437,757.017,395.371,0.705797
33,1.32,2,4,349,365.5,190.287,335.232,0.727215
33,1.32,3,3,771.894,308.979,669.364,299.727,0.714815
33,1.32,4,4,719.858,304.113,609.844,295.839,0.768659
33,1.32,5,3,279.5,266.5,66.875,263.333,0.809821
33,1.32,6,4,744.444,251.69,668.327,252.348,0.824481
33,1.32,7,1,283.357,234.5,51.4517,233.802,1
33,1.32,8,2,354.856,240.432,150.775,239.908,0.583871
33,1.32,9,3,350.558,207.023,128.025,205.309,0.763551
33,1.32,10,3,432,199,242.849,196.545,0.621267
33,1.32,11,4,687.857,180.714,631.609,175.435,0.864286
33,1.32,13,1,602.324,173.5,501.504,165.839,1
33,1.32,12,4,335,153.5,69.315,137.505,0.779911
33,1.32,14,4,775.8,430.2,618.463,372.769,0.663636
33,1.32,19,4,712.2,94.2,748.481,37.0301,0.725
33,1.32,15,3,585,108.6,493.924,64.7885,0.9
34,1.36,1,2,145.976,485.209,41.3919,394.476,0.571942
34,1.36,17,3,946.789,477.026,757.076,395.194,0.716028
34,1.36,2,4,349,365.5,190.287,335.232,0.727215
34,1.36,3,3,772.374,309.075,669.881,299.8,0.701575
34,1.36,4,4,719.858,304.113,609.844,295.839,0.768659
34,1.36,5,3,279.5,266.5,66.875,263.333,0.808036
34,1.36,6,4,744.444,251.69,668.327,252.348,0.824481
34,1.36,7,1,283.357,234.5,51.4517,233.802,1
34,1.36,18,1,786.5,231.5,739.547,233.112,1
34,1.36,8,2,355,240.5,150.998,239.974,0.590909
34,1.36,9,3,350.558,207.023,128.025,205.309,0.761682
34,1.36,10,3,432.125,199,243.033,196.545,0.621973
34,1.36,11,4,687.857,180.714,631.609,175.435,0.864286
34,1.36,13,1,605.375,176.5,505.309,169.747,1
34,1.36,12,4,335.5,153.395,70.0492,137.355,0.795283
34,1.36,14,4,775.8,430.2,618.463,372.769,0.659849
34,1.36,19,4,712.2,94.2,748.481,37.0301,0.717647
34,1.36,15,3,585,108.6,493.924,64.7885,0.9
35,1.4,1,2,146.158,484.885,41.4045,394.34,0.571429
35,1.4,17,3,946.959,476.601,757.463,395.012,0.718571
35,1.4,2,4,349,365.5,190.287,335.232,0.727215
35,1.4,3,3,772.374,309.075,669.881,299.8,0.706299
35,1.4,4,4,719.994,304.125,610.003,295.848,0.771726
35,1.4,5,3,279.125,266.57,66.4431,263.392,0.805579
35,1.4,6,4,744.444,251.69,668.327,252.348,0.824481
35,1.4,7,1,283.357,234.5,51.4517,233.802,1
35,1.4,18,1,786.5,231.5,739.547,233.112,1
35,1.4,8,2,355,240.5,150.998,239.974,0.584416
35,1.4,9,3,350.558,207.023,128.025,205.309,0.761682
35,1.4,10,3,432.125,199,243.033,196.545,0.621973
35,1.4,13,1,609.282,179.128,510.511,173.129,1
35,1.4,11,4,687.857,180.714,631.609,175.435,0.864286
35,1.4,12,4,335.5,153.395,70.0492,137.355,0.795283
35,1.4,14,4,775.8,430.2,618.463,372.769,0.659849
35,1.4,15,3,585,107.4,494.357,62.5595,0.9
36,1.44,1,2,146.019,484.635,41.1681,394.234,0.55914
36,1.44,2,4,349,365.5,190.287,335.232,0.727215
36,1.44,3,3,772.3,308.9,669.89,299.671,0.715873
36,1.44,4,4,721.35,307.35,610.182,298.262,0.703226
36,1.44,5,3,277.467,267.859,65.1323,264.495,0.819333
36,1.44,6,4,744.444,251.69,668.327,252.348,0.821513
36,1.44,7,1,283.5,235,51.9824,234.295,0.966667
36,1.44,8,2,355,240.5,150.998,239.974,0.581169
36,1.44,18,1,786,231.5,738.854,233.11,1
36,1.44,10,4,432.5,199,243.583,196.547,0.658696
36,1.44,13,1,613,182,515.272,176.774,1
36,1.44,11,4,687.857,180.714,631.609,175.435,0.8625
36,1.44,12,4,335.5,153.395,70.0492,137.355,0.795283
36,1.44,9,3,349.8,207,126.924,205.28,0.783636
36,1.44,15,3,586.2,107.4,496.608,62.561,0.9
36,1.44,14,4,774.6,429,617.748,372.171,0.678086
37,1.48,1,2,146.019,484.635,41.1681,394.234,0.555556
37,1.48,2,4,349,365.5,190.287,335.232,0.727215
37,1.48,3,3,772.3,308.9,669.89,299.671,0.715873
37,1.48,4,4,721.35,307.35,610.182,298.262,0.703226
37,1.48,5,3,277.467,267.859,65.1323,264.495,0.817333
37,1.48,6,4,744.444,251.69,668.327,252.348,0.821513
37,1.48,7,1,283.5,235,51.9824,234.295,0.966667
37,1.48,8,2,355,240.5,150.998,239.974,0.581169
37,1.48,18,1,786,231.5,738.854,233.11,1
37,1.48,10,4,432.5,199,243.583,196.547,0.658696
37,1.48,13,1,616.853,184.5,520.307,179.909,1
37,1.48,11,4,687.857,180.714,631.609,175.435,0.864286
37,1.48,12,4,335.5,153.395,70.0492,137.355,0.795283
37,1.48,9,3,351,205.8,127.99,203.946,0.790164
37,1.48,15,3,586.2,107.4,496.608,62.561,0.9
37,1.48,14,4,774.6,429,617.748,372.171,0.678086
38,1.52,1,2,146.019,484.635,41.1681,394.234,0.555556
38,1.52,2,4,349,365.5,190.287,335.232,0.727215
38,1.52,3,3,772.3,308.9,669.89,299.671,0.715873
38,1.52,4,4,721.35,307.35,610.182,298.262,0.703226
38,1.52,5,3,277.467,267.859,65.1323,264.495,0.815333
38,1.52,6,4,744.444,251.69,668.327,252.348,0.821513
38,1.52,7,1,283.5,235,51.9824,234.295,0.966667
38,1.52,8,2,355,240.5,150.998,239.974,0.584416
38,1.52,18,1,786,231.5,738.854,233.11,1
38,1.52,10,4,432.5,199,243.583,196.547,0.658696
38,1.52,13,1,620.647,188,524.828,184.231,1
38,1.52,11,4,687.857,180.714,631.609,175.435,0.864286
38,1.52,12,4,335.5,153.395,70.0492,137.355,0.795283
38,1.52,15,3,586.2,107.4,496.608,62.561,0.9
38,1.52,9,3,351,205.8,127.99,203.946,0.790164
38,1.52,14,4,774.6,429,617.748,372.171,0.678086
39,1.56,1,2,146.019,484.635,41.1681,394.234,0.562724
39,1.56,2,4,349,365.5,190.287,335.232,0.727215
39,1.56,3,3,772.3,308.9,669.89,299.671,0.715873
39,1.56,4,4,721.038,307.038,609.951,298.029,0.709329
39,1.56,5,3,277.625,268.188,65.5302,264.778,0.814622
39,1.56,6,4,744.444,251.69,668.327,252.348,0.821513
39,1.56,7,1,283.5,235,51.9824,234.295,0.966667
39,1.56,8,2,355,240.5,150.998,239.974,0.584416
39,1.56,18,1,786,231.5,738.854,233.11,1
39,1.56,10,4,432.5,199,243.583,196.547,0.658696
39,1.56,13,1,624.676,190.5,530.004,187.28,1
39,1.56,11,4,687.857,180.714,631.609,175.435,0.8625
39,1.56,12,4,335.5,153.395,70.0492,137.355,0.795283
39,1.56,9,3,351,207,128.647,205.285,0.767811
39,1.56,15,3,586.2,107.4,496.608,62.561,0.9
39,1.56,14,4,774.6,429,617.748,372.171,0.678086
40,1.6,1,2,146.019,484.635,41.1681,394.234,0.569892
40,1.6,2,4,349,365.5,190.287,335.232,0.727215
40,1.6,3,3,772.3,308.9,669.89,299.671,0.715873
40,1.6,4,4,721.167,307.167,610.046,298.125,0.707732
40,1.6,5,3,277.625,268.188,65.5302,264.778,0.815966
40,1.6,6,4,744.444,251.69,668.327,252.348,0.821513
40,1.6,7,1,283.5,235,51.9824,234.295,0.966667
40,1.6,8,2,355,240.5,150.998,239.974,0.584416
40,1.6,18,1,786,231.5,738.854,233.11,1
40,1.6,10,4,432.5,199,243.583,196.547,0.658696
40,1.6,13,1,628.794,193.5,535.061,190.889,1
40,1.6,11,4,687.857,180.714,631.609,175.435,0.8625
40,1.6,12,4,335.5,153.395,70.0492,137.355,0.795283
40,1.6,9,3,351,207,128.647,205.285,0.767811
40,1.6,15,3,586.2,107.4,496.608,62.561,0.9
40,1.6,14,4,774.6,429,617.748,372.171,0.678086
41,1.64,1,2,146.019,484.635,41.1681,394.234,0.569892
41,1.64,17,3,947.134,476.973,757.418,395.173,0.69631
41,1.64,2,4,349,365.5,190.287,335.232,0.727215
41,1.64,3,3,772.3,308.9,669.89,299.671,0.715873
41,1.64,4,4,721.35,307.35,610.182,298.262,0.702218
41,1.64,5,3,277.625,268.188,65.5302,264.778,0.816639
41,1.64,6,4,744.444,251.69,668.327,252.348,0.822997
41,1.64,7,1,283.5,235,51.9824,234.295,0.966667
41,1.64,8,2,355,240.5,150.998,239.974,0.587662
41,1.64,18,1,786,231.5,738.854,233.11,1
41,1.64,10,4,432.5,199,243.583,196.547,0.658696
41,1.64,13,1,632.944,196.5,540.096,194.449,1
41,1.64,11,4,687.857,180.714,631.609,175.435,0.8625
41,1.64,12,4,335.5,153.395,70.0492,137.355,0.795283
41,1.64,9,3,351,205.8,127.99,203.946,0.791936
41,1.64,14,4,774.6,429,617.748,372.171,0.678086
41,1.64,15,3,585,108.6,493.924,64.7885,0.9
42,1.68,1,2,146.019,484.635,41.1681,394.234,0.566308
42,1.68,17,3,946.972,477.437,757.017,395.371,0.698551
42,1.68,2,4,349,365.5,190.287,335.232,0.727215
42,1.68,3,3,772.3,308.9,669.89,299.671,0.715873
42,1.68,4,4,721.35,307.35,610.182,298.262,0.702218
42,1.68,5,3,279.769,266.962,67.493,263.733,0.80676
42,1.68,6,4,744.444,251.69,668.327,252.348,0.821513
42,1.68,7,1,283.5,235,51.9824,234.295,0.966667
42,1.68,8,2,355,240.5,150.998,239.974,0.584416
42,1.68,18,1,786,231.5,738.854,233.11,1
42,1.68,13,1,636.853,200,544.504,198.537,1
42,1.68,10,4,432.5,199,243.583,196.547,0.658696
42,1.68,11,4,687.857,180.714,631.609,175.435,0.8625
42,1.68,12,4,335.5,153.395,70.0492,137.355,0.795283
42,1.68,9,3,351,205.8,127.99,203.946,0.790164
42,1.68,14,4,774.6,429,617.748,372.171,0.687346
42,1.68,15,3,585,108.6,493.924,64.7885,0.9
43,1.72,1,2,146.019,484.635,41.1681,394.234,0.562724
43,1.72,17,3,947.302,477.328,757.376,395.326,0.706107
43,1.72,2,4,349,365.5,190.287,335.232,0.727215
43,1.72,3,3,772.3,308.9,669.89,299.671,0.715873
43,1.72,4,4,721.35,307.35,610.182,298.262,0.702218
43,1.72,5,3,279.769,266.962,67.493,263.733,0.80676
43,1.72,6,4,744.444,251.69,668.327,252.348,0.821513
43,1.72,7,1,283.5,235,51.9824,234.295,0.966667
43,1.72,8,2,355,240.5,150.998,239.974,0.587662
43,1.72,18,1,786,231.5,738.854,233.11,1
43,1.72,13,1,640.676,202.5,549.126,201.422,1
43,1.72,10,4,432.5,199,243.583,196.547,0.658696
43,1.72,11,4,687.857,180.714,631.609,175.435,0.8625
43,1.72,12,4,335.5,153.395,70.0492,137.355,0.795283
43,1.72,9,3,351,205.8,127.99,203.946,0.790164
43,1.72,14,4,774.6,429,617.748,372.171,0.687346
43,1.72,15,3,585,108.6,493.924,64.7885,0.9
44,1.76,1,2,146.75,484.75,41.863,394.286,0.586207
44,1.76,17,3,946.972,477.437,757.017,395.371,0.707246
44,1.76,2,4,349,365.5,190.287,335.232,0.727215
44,1.76,3,3,772.47,308.548,670.287,299.412,0.723256
44,1.76,4,4,721.35,307.35,610.182,298.262,0.702218
44,1.76,5,3,279.769,266.962,67.493,263.733,0.80676
44,1.76,6,4,744.444,251.69,668.327,252.348,0.821513
44,1.76,7,1,283.5,235,51.9824,234.295,0.966667
44,1.76,8,2,355,240.5,150.998,239.974,0.587662
44,1.76,18,1,786,231.5,738.854,233.11,1
44,1.76,13,1,645.421,206,554.623,205.403,1
44,1.76,10,4,432.5,199,243.583,196.547,0.658696
44,1.76,11,4,687.857,180.714,631.609,175.435,0.8625
44,1.76,12,4,335.5,153.395,70.0492,137.355,0.795283
44,1.76,9,3,351,205.8,127.99,203.946,0.790164
44,1.76,14,4,774.6,429,617.748,372.171,0.687346
44,1.76,15,3,585,108.6,493.924,64.7885,0.9
45,1.8,1,2,146.75,484.75,41.863,394.286,0.586207
45,1.8,17,3,946.972,477.437,757.017,395.371,0.707246
45,1.8,2,4,349,365.5,190.287,335.232,0.727215
45,1.8,3,3,772.47,308.548,670.287,299.412,0.723256
45,1.8,4,4,721.35,307.35,610.182,298.262,0.703226
45,1.8,5,3,277.5,268.5,65.5617,265.046,0.822078
45,1.8,6,4,744.444,251.69,668.327,252.348,0.822997
45,1.8,7,1,283.5,235,51.9824,234.295,0.966667
45,1.8,8,2,355,240.5,150.998,239.974,0.587662
45,1.8,18,1,786,231.5,738.854,233.11,1
45,1.8,13,1,649.5,209,559.284,208.767,1
45,1.8,10,4,432.5,199,243.583,196.547,0.658696
45,1.8,11,4,687.857,180.714,631.609,175.435,0.8625
45,1.8,12,4,335.5,153.395,70.0492,137.355,0.795283
45,1.8,9,3,351,205.8,127.99,203.946,0.788525
45,1.8,14,4,774.6,429,617.748,372.171,0.687346
45,1.8,15,3,585,108.6,493.924,64.7885,0.9
46,1.84,1,2,146.861,484.959,42.0552,394.375,0.603704
46,1.84,17,3,946.972,477.437,757.017,395.371,0.707246
46,1.84,2,4,348.5,365.5,189.758,335.229,0.724219
46,1.84,3,3,772.214,309.439,669.491,300.068,0.695885
46,1.84,4,4,721.35,307.35,610.182,298.262,0.703226
46,1.84,5,3,277.23,268.044,64.9454,264.653,0.825402
46,1.84,6,4,744.444,251.69,668.327,252.348,0.822997
46,1.84,7,1,283.5,235,51.9824,234.295,0.966667
46,1.84,8,2,355,240.5,150.998,239.974,0.587662
46,1.84,18,1,786,232,738.457,233.612,0.945946
46,1.84,13,1,654.115,211.564,564.844,211.611,1
46,1.84,9,3,350,207,127.212,205.281,0.769683
46,1.84,10,3,432.355,199.184,243.425,196.759,0.618182
46,1.84,11,4,687.857,180.714,631.609,175.435,0.858929
46,1.84,12,4,335.5,153.5,70.1303,137.507,0.790741
46,1.84,14,4,774.6,429,617.748,372.171,0.687346
46,1.84,15,3,585,108.6,493.924,64.7885,0.9
47,1.88,1,3,146.361,484.525,41.4185,394.19,0.677926
47,1.88,17,3,946.972,477.437,757.017,395.371,0.705797
47,1.88,2,4,348.5,365.5,189.758,335.229,0.724219
47,1.88,3,3,772.214,309.439,669.491,300.068,0.695885
47,1.88,4,4,721.35,307.35,610.182,298.262,0.703226
47,1.88,5,3,277.23,268.044,64.9454,264.653,0.822186
47,1.88,6,4,744.444,251.69,668.327,252.348,0.822997
47,1.88,7,1,283.5,235,51.9824,234.295,0.966667
47,1.88,8,2,355,240.5,150.998,239.974,0.577922
47,1.88,18,1,786,232,738.457,233.612,0.945946
47,1.88,13,1,658.5,214.5,569.847,214.824,1
47,1.88,9,3,350,207,127.212,205.281,0.767873
47,1.88,10,3,432.355,199.184,243.425,196.759,0.618182
47,1.88,11,4,687.857,180.714,631.609,175.435,0.858929
47,1.88,12,4,335.5,153.5,70.1303,137.507,0.790741
47,1.88,14,4,774.6,429,617.748,372.171,0.687346
47,1.88,15,3,585,108.6,493.924,64.7885,0.9
47,1.88,19,1,705,95.4,732.996,39.4466,0.76087
48,1.92,1,2,146.319,485.175,41.6777,394.463,0.566553
48,1.92,2,4,348.5,365.5,189.758,335.229,0.724219
48,1.92,3,3,772.5,309.5,669.796,300.114,0.701563
48,1.92,4,4,719.592,304.735,609.251,296.304,0.76194
48,1.92,5,3,279.5,266.5,66.875,263.333,0.80625
48,1.92,6,4,744.37,251.741,668.199,252.395,0.82071
48,1.92,7,1,283.5,235,51.9824,234.295,0.966667
48,1.92,18,1,786,232,738.457,233.612,0.945946
48,1.92,8,2,355,240.5,150.998,239.974,0.574675
48,1.92,13,1,662.5,218,573.983,218.595,1
48,1.92,10,3,432.125,199,243.033,196.545,0.627354
48,1.92,11,4,687.857,180.714,631.609,175.435,0.858929
48,1.92,12,4,335.533,153.402,70.108,137.365,0.796445
48,1.92,14,4,775.8,430.2,618.463,372.769,0.658586
48,1.92,9,3,351,205.8,127.99,203.946,0.778689
48,1.92,15,3,586.2,107.4,496.608,62.561,0.9
49,1.96,1,2,146.319,485.175,41.6777,394.463,0.566553
49,1.96,2,4,348.5,365.5,189.758,335.229,0.724219
49,1.96,3,3,772.5,309,670.072,299.746,0.716058
49,1.96,4,4,719.592,304.735,609.251,296.304,0.764925
49,1.96,5,3,279.5,266.5,66.875,263.333,0.80625
49,1.96,6,4,744.37,251.741,668.199,252.395,0.82071
49,1.96,7,1,283.5,235,51.9824,234.295,0.966667
49,1.96,18,1,786,232,738.457,233.612,0.945946
49,1.96,8,2,355,240.5,150.998,239.974,0.564935
49,1.96,13,1,666.862,221.379,578.622,222.184,1
49,1.96,10,3,432.125,199,243.033,196.545,0.627354
49,1.96,11,4,687.857,180.714,631.609,175.435,0.858929
49,1.96,12,4,335.533,153.402,70.108,137.365,0.796445
49,1.96,14,4,775.8,430.2,618.463,372.769,0.658586
49,1.96,9,3,351,205.8,127.99,203.946,0.778689
49,1.96,15,3,586.2,107.4,496.608,62.561,0.9
50,2,1,3,146.509,484.817,41.6813,394.313,0.681699
50,2,17,3,946.972,477.437,757.017,395.371,0.726087
50,2,2,4,348.5,365.5,189.758,335.229,0.724219
50,2,3,3,772.5,309,670.072,299.746,0.713139
50,2,4,4,719.592,304.735,609.251,296.304,0.763433
50,2,5,3,279.5,266.5,66.875,263.333,0.80625
50,2,6,4,744.37,251.741,668.199,252.395,0.82071
50,2,7,1,283.5,235,51.9824,234.295,0.966667
50,2,18,1,786,232,738.457,233.612,0.945946
50,2,8,2,355,240.5,150.998,239.974,0.564935
50,2,13,1,671.5,224.5,583.7,225.454,1
50,2,10,3,432.125,199,243.033,196.545,0.627354
50,2,11,4,687.857,180.714,631.609,175.435,0.858929
50,2,12,4,335.533,153.402,70.108,137.365,0.796445
50,2,14,4,775.8,430.2,618.463,372.769,0.658586
50,2,9,3,351,205.8,127.99,203.946,0.778689
50,2,15,3,585,108.6,493.924,64.7885,0.9
51,2.04,1,3,146.509,484.817,41.6813,394.313,0.684314
51,2.04,17,3,947.134,476.973,757.418,395.173,0.728782
51,2.04,2,4,348.5,365.5,189.758,335.229,0.724219
51,2.04,3,3,772.5,309,670.072,299.746,0.714599
51,2.04,4,4,719.592,304.735,609.251,296.304,0.763433
51,2.04,5,3,279.5,266.5,66.875,263.333,0.807143
51,2.04,6,4,744.5,252,668.211,252.634,0.80838
51,2.04,7,1,283.5,235,51.9824,234.295,0.966667
51,2.04,18,1,786,232,738.457,233.612,0.945946
51,2.04,8,2,355,240.5,150.998,239.974,0.568182
51,2.04,13,1,675.5,227.5,587.88,228.555,1
51,2.04,10,3,432.125,199,243.033,196.545,0.627354
51,2.04,11,4,687.857,180.714,631.609,175.435,0.858929
51,2.04,12,4,335.533,153.402,70.108,137.365,0.796445
51,2.04,14,4,775.8,430.2,618.463,372.769,0.658586
51,2.04,9,3,351,205.8,127.99,203.946,0.778689
51,2.04,15,3,586.2,107.4,496.608,62.561,0.9
52,2.08,1,3,146.509,484.817,41.6813,394.313,0.676471
52,2.08,17,3,946.972,477.437,757.017,395.371,0.723188
52,2.08,2,4,348.5,365.5,189.758,335.229,0.724219
52,2.08,3,3,772.5,309,670.072,299.746,0.714599
52,2.08,4,4,719.592,304.735,609.251,296.304,0.766418
52,2.08,5,3,279.5,266.5,66.875,263.333,0.80625
52,2.08,6,4,744.562,252.125,668.217,252.75,0.805495
52,2.08,7,1,283.5,235,51.9824,234.295,0.966667
52,2.08,18,1,786,232,738.457,233.612,0.945946
52,2.08,8,2,355,240.5,150.998,239.974,0.568182
52,2.08,13,1,680.5,231.5,592.909,232.626,1
52,2.08,10,3,432.125,199,243.033,196.545,0.627354
52,2.08,11,4,687.857,180.714,631.609,175.435,0.858929
52,2.08,12,4,334.664,153.295,68.6081,137.209,0.787443
52,2.08,14,4,775.8,430.2,618.463,372.769,0.658586
52,2.08,9,3,351,205.8,127.99,203.946,0.778689
53,2.12,1,3,146.509,484.817,41.6813,394.313,0.675163
53,2.12,17,3,946.972,477.437,757.017,395.371,0.723188
53,2.12,2,4,348.5,365.5,189.758,335.229,0.724219
53,2.12,3,3,772.5,309,670.072,299.746,0.714599
53,2.12,4,4,719.592,304.735,609.251,296.304,0.764925
53,2.12,5,3,279.732,266.959,67.4438,263.73,0.799301
53,2.12,6,4,745,252,668.874,252.637,0.79933
53,2.12,7,1,283.5,235,51.9824,234.295,0.966667
53,2.12,8,2,355,240.5,150.998,239.974,0.568182
53,2.12,18,1,786,232,738.457,233.612,0.945946
53,2.12,13,1,685.289,235,597.808,236.134,1
53,2.12,10,3,432.125,199,243.033,196.545,0.627354
53,2.12,11,4,687.857,180.714,631.609,175.435,0.858929
53,2.12,12,4,335,153.194,69.0786,137.065,0.791784
53,2.12,14,4,775.8,430.2,618.463,372.769,0.658586
53,2.12,9,3,351,205.8,127.99,203.946,0.778689
53,2.12,15,3,586.2,107.4,496.608,62.561,0.9
54,2.16,1,3,146.509,484.817,41.6813,394.313,0.677778
54,2.16,17,3,946.972,477.437,757.017,395.371,0.723188
54,2.16,2,4,348.5,365.5,189.758,335.229,0.724219
54,2.16,3,3,772.5,309,670.072,299.746,0.714599
54,2.16,4,4,719.592,304.735,609.251,296.304,0.763433
54,2.16,5,3,279.5,266.5,66.875,263.333,0.80625
54,2.16,6,4,745,252,668.874,252.637,0.797989
54,2.16,7,1,283.5,235,51.9824,234.295,0.966667
54,2.16,13,1,689.632,238,602.273,239.101,1
54,2.16,8,2,355,240.5,150.998,239.974,0.564935
54,2.16,18,1,786,232,738.457,233.612,0.945946
54,2.16,10,3,432.125,199,243.033,196.545,0.627354
54,2.16,11,4,687.857,180.714,631.609,175.435,0.858929
54,2.16,12,4,335,153.194,69.0786,137.065,0.791784
54,2.16,14,4,775.8,430.2,618.463,372.769,0.658586
54,2.16,9,3,351,205.8,127.99,203.946,0.778689
54,2.16,15,3,585,108.6,493.924,64.7885,0.9
55,2.2,1,3,146.509,484.817,41.6813,394.313,0.675163
55,2.2,17,3,946.972,477.437,757.017,395.371,0.727536
55,2.2,2,4,348.5,365.5,189.758,335.229,0.724219
55,2.2,3,3,772.5,309,670.072,299.746,0.714599
55,2.2,4,4,719.592,304.735,609.251,296.304,0.763433
55,2.2,5,3,279.732,266.959,67.4438,263.73,0.799301
55,2.2,6,4,745,252,668.874,252.637,0.79933
55,2.2,13,1,693.921,241,606.61,242.031,1
55,2.2,7,1,283.5,235,51.9824,234.295,0.966667
55,2.2,8,2,355,240.5,150.998,239.974,0.564935
55,2.2,18,1,786,232,738.457,233.612,0.945946
55,2.2,10,3,432.125,199,243.033,196.545,0.616592
55,2.2,11,4,687.857,180.714,631.609,175.435,0.858929
55,2.2,12,4,335,153.194,69.0786,137.065,0.791784
55,2.2,14,4,775.8,430.2,618.463,372.769,0.658586
55,2.2,9,3,351,205.8,127.99,203.946,0.778689
55,2.2,15,3,585,108.6,493.924,64.7885,0.9
56,2.24,1,3,146.509,484.817,41.6813,394.313,0.675163
56,2.24,17,3,946.972,477.437,757.017,395.371,0.717391
56,2.24,2,4,348.5,365.5,189.758,335.229,0.724219
56,2.24,3,3,772.5,309,670.072,299.746,0.714599
56,2.24,4,4,719.592,304.735,609.251,296.304,0.763433
56,2.24,5,3,280,267,67.8073,263.767,0.799366
56,2.24,6,4,744.562,252.125,668.217,252.75,0.805495
56,2.24,13,1,699.237,244.5,612.021,245.404,1
56,2.24,7,1,283.5,235,51.9824,234.295,0.966667
56,2.24,8,2,355,240.5,150.998,239.974,0.564935
56,2.24,18,1,786,232,738.457,233.612,0.945946
56,2.24,10,3,432.125,199,243.033,196.545,0.621973
56,2.24,11,4,687.857,180.714,631.609,175.435,0.858929
56,2.24,12,4,335,153.194,69.0786,137.065,0.791784
56,2.24,14,4,775.8,430.2,618.463,372.769,0.658586
56,2.24,9,3,351,205.8,127.99,203.946,0.778689
56,2.24,15,3,585,108.6,493.924,64.7885,0.9
57,2.28,1,3,146.509,484.817,41.6813,394.313,0.675163
57,2.28,17,3,946.789,477.026,757.076,395.194,0.718815
57,2.28,2,4,348.5,365.5,189.758,335.229,0.724219
57,2.28,3,3,772.5,309,670.072,299.746,0.714599
57,2.28,4,4,719.592,304.735,609.251,296.304,0.763433
57,2.28,5,3,279.5,266.5,66.875,263.333,0.804464
57,2.28,6,4,744.562,252.125,668.217,252.75,0.805495
57,2.28,13,1,703.5,248,615.95,248.725,1
57,2.28,7,1,283.5,235,51.9824,234.295,0.966667
57,2.28,8,2,355,240.5,150.998,239.974,0.564935
57,2.28,18,1,786,232,738.457,233.612,0.945946
57,2.28,10,3,432.125,199,243.033,196.545,0.621973
57,2.28,11,4,687.857,180.714,631.609,175.435,0.858929
57,2.28,12,4,335,153.194,69.0786,137.065,0.791784
57,2.28,14,4,775.8,430.2,618.463,372.769,0.658586
57,2.28,9,3,351,205.8,127.99,203.946,0.778689
57,2.28,15,3,585,108.6,493.924,64.7885,0.9
58,2.32,1,2,146.509,484.817,41.6813,394.313,0.555556
58,2.32,2,4,348.5,365.5,189.758,335.229,0.724219
58,2.32,3,3,772.5,309,670.072,299.746,0.716058
58,2.32,4,4,719.592,304.735,609.251,296.304,0.76194
58,2.32,5,3,280,267,67.8073,263.767,0.801057
58,2.32,13,1,708.5,252,620.541,252.462,1
58,2.32,6,4,744.562,252.125,668.217,252.75,0.805495
58,2.32,7,1,283.5,235,51.9824,234.295,0.966667
58,2.32,8,2,355,240.5,150.998,239.974,0.568182
58,2.32,18,1,786,232,738.457,233.612,0.945946
58,2.32,10,3,432.125,199,243.033,196.545,0.621973
58,2.32,11,4,687.857,180.714,631.609,175.435,0.858929
58,2.32,12,4,335,153.194,69.0786,137.065,0.794131
58,2.32,14,4,775.8,430.2,618.463,372.769,0.658586
58,2.32,9,3,351,205.8,127.99,203.946,0.778689
58,2.32,15,3,585,108.6,493.924,64.7885,0.9
59,2.36,1,2,146.509,484.817,41.6813,394.313,0.565359
59,2.36,2,4,348.5,365.5,189.758,335.229,0.724219
59,2.36,3,3,772.5,309,670.072,299.746,0.716058
59,2.36,4,4,719.592,304.735,609.251,296.304,0.758955
59,2.36,5,3,280,267,67.8073,263.767,0.801057
59,2.36,13,1,713.5,256,625.057,256.138,0.995868
59,2.36,6,4,744.562,252.125,668.217,252.75,0.805495
59,2.36,7,1,283.5,235,51.9824,234.295,0.966667
59,2.36,8,2,355,240.5,150.998,239.974,0.568182
59,2.36,18,1,786,232,738.457,233.612,0.945946
59,2.36,10,3,432.125,199,243.033,196.545,0.618386
59,2.36,11,4,687.867,180.735,631.612,175.461,0.857143
59,2.36,12,4,335,153.194,69.0786,137.065,0.794131
59,2.36,14,4,775.8,430.2,618.463,372.769,0.658586
59,2.36,19,4,712.2,94.2,748.481,37.0301,0.730882
59,2.36,9,3,351,205.8,127.99,203.946,0.780328
59,2.36,15,3,585,108.6,493.924,64.7885,0.9
60,2.4,1,2,146.158,484.885,41.4045,394.34,0.581882
60,2.4,2,4,349,365.5,190.287,335.232,0.727215
60,2.4,3,3,771.851,308.836,669.393,299.621,0.713333
60,2.4,4,4,721.5,307,610.516,298.003,0.706513
60,2.4,5,3,280,267,67.8073,263.767,0.80444
60,2.4,13,1,718,259,629.376,258.86,1
60,2.4,6,4,745,252,668.874,252.637,0.797989
60,2.4,7,1,283.357,234.5,51.4517,233.802,1
60,2.4,8,3,355,240.5,150.998,239.974,0.576623
60,2.4,10,3,432.125,199,243.033,196.545,0.60583
60,2.4,11,4,687.95,180.9,631.636,175.67,0.845222
60,2.4,12,4,335,153.444,69.272,137.425,0.782143
60,2.4,9,3,351,205.8,127.99,203.946,0.785246
60,2.4,15,3,585,108.6,493.924,64.7885,0.9
61,2.44,1,2,146.158,484.885,41.4045,394.34,0.581882
61,2.44,2,4,349,365.5,190.287,335.232,0.727215
61,2.44,3,3,771.851,308.836,669.393,299.621,0.713333
61,2.44,4,4,721.5,307,610.516,298.003,0.708613
61,2.44,13,1,723,262,634.291,261.553,1
61,2.44,5,3,280,267,67.8073,263.767,0.801903
61,2.44,6,4,745,252,668.874,252.637,0.797989
61,2.44,7,1,283.357,234.5,51.4517,233.802,1
61,2.44,8,3,355,240.5,150.998,239.974,0.576623
61,2.44,10,4,432.176,198.796,243.048,196.309,0.65
61,2.44,11,4,687.95,180.9,631.636,175.67,0.845222
61,2.44,12,4,335,153.444,69.272,137.425,0.782143
61,2.44,9,3,351,205.8,127.99,203.946,0.785246
61,2.44,15,3,585,108.6,493.924,64.7885,0.9
61,2.44,14,4,773.4,427.8,617.032,371.571,0.703696
62,2.48,1,2,146.158,484.885,41.4045,394.34,0.585366
62,2.48,2,4,349,365.5,190.287,335.232,0.727215
62,2.48,3,3,771.851,308.836,669.393,299.621,0.713333
62,2.48,4,4,721.5,307,610.516,298.003,0.706513
62,2.48,13,1,730,265,641.727,264.223,0.834734
62,2.48,5,3,280,267,67.8073,263.767,0.801057
62,2.48,6,4,745,252,668.874,252.637,0.803351
62,2.48,7,1,283.357,234.5,51.4517,233.802,1
62,2.48,8,3,355,240.5,150.998,239.974,0.575325
62,2.48,10,3,432.176,198.796,243.048,196.309,0.604186
62,2.48,11,4,687.95,180.9,631.636,175.67,0.845222
62,2.48,12,4,335,153.444,69.272,137.425,0.782143
62,2.48,9,3,351,205.8,127.99,203.946,0.785246
62,2.48,15,3,585,108.6,493.924,64.7885,0.9
63,2.52,1,2,146.158,484.885,41.4045,394.34,0.581882
63,2.52,2,4,349,365.5,190.287,335.232,0.727215
63,2.52,3,3,771.851,308.836,669.393,299.621,0.713333
63,2.52,4,4,721.167,307.167,610.046,298.125,0.701546
63,2.52,5,3,280,267,67.8073,263.767,0.806977
63,2.52,7,1,283.357,234.5,51.4517,233.802,1
63,2.52,8,3,355,240.5,150.998,239.974,0.575325
63,2.52,10,3,432.125,199,243.033,196.545,0.60583
63,2.52,11,4,687.95,180.9,631.636,175.67,0.845222
63,2.52,12,4,335,153.444,69.272,137.425,0.782143
63,2.52,13,1,732.6,271.8,641.379,270.094,0.967871
63,2.52,9,3,351,205.8,127.99,203.946,0.786885
63,2.52,6,1,742.2,250.2,666.262,250.959,0.992806
63,2.52,15,3,585,108.6,493.924,64.7885,0.9
63,2.52,14,4,773.4,427.8,617.032,371.571,0.703696
64,2.56,1,2,146.158,484.885,41.4045,394.34,0.574913
64,2.56,2,4,349,365.5,190.287,335.232,0.727215
64,2.56,3,3,771.851,308.836,669.393,299.621,0.713333
64,2.56,4,4,721.167,307.167,610.046,298.125,0.704639
64,2.56,5,3,280.294,266.913,68.1253,263.693,0.810817
64,2.56,7,1,283.357,234.5,51.4517,233.802,1
64,2.56,8,3,355,240.5,150.998,239.974,0.575325
64,2.56,10,3,432.125,199,243.033,196.545,0.607623
64,2.56,11,4,687.95,180.9,631.636,175.67,0.845222
64,2.56,12,4,335,153.444,69.272,137.425,0.782143
64,2.56,13,1,737.4,275.4,645.523,273.156,0.96875
64,2.56,9,3,351,205.8,127.99,203.946,0.785246
64,2.56,6,1,742.2,250.2,666.262,250.959,1
64,2.56,15,3,585,108.6,493.924,64.7885,0.9
65,2.6,1,2,146.827,484.955,42.0238,394.373,0.607407
65,2.6,2,4,349,365.5,190.287,335.232,0.727215
65,2.6,3,3,771.851,308.836,669.393,299.621,0.713333
65,2.6,4,4,721.167,307.167,610.046,298.125,0.704639
65,2.6,13,1,743.289,277.5,651.802,274.938,1
65,2.6,5,3,280.294,266.913,68.1253,263.693,0.810817
65,2.6,6,4,744.455,251.909,668.207,252.55,0.820655
65,2.6,7,1,283.357,234.5,51.4517,233.802,1
65,2.6,8,2,355,240.5,150.998,239.974,0.551948
65,2.6,9,3,349.5,207.167,126.585,205.465,0.754902
65,2.6,10,3,432.125,199,243.033,196.545,0.609417
65,2.6,11,4,687.95,180.9,631.636,175.67,0.845222
65,2.6,12,4,335,153.444,69.272,137.425,0.782143
65,2.6,15,3,585,108.6,493.924,64.7885,0.9
65,2.6,14,4,773.4,427.8,617.032,371.571,0.703696
66,2.64,1,2,146.827,484.955,42.0238,394.373,0.614815
66,2.64,2,4,349,365.5,190.287,335.232,0.727215
66,2.64,3,3,771.851,308.836,669.393,299.621,0.714815
66,2.64,4,4,721.167,307.167,610.046,298.125,0.702577
66,2.64,13,1,748.5,281.5,656.12,278.263,1
66,2.64,5,3,280.294,266.913,68.1253,263.693,0.809051
66,2.64,6,4,744.684,252.368,668.229,252.974,0.792147
66,2.64,7,1,283.357,234.5,51.4517,233.802,1
66,2.64,8,2,355,240.5,150.998,239.974,0.551948
66,2.64,9,3,350,207,127.212,205.281,0.762443
66,2.64,10,3,432.125,199,243.033,196.545,0.609417
66,2.64,11,4,687.95,180.9,631.636,175.67,0.845222
66,2.64,12,4,335,153.444,69.272,137.425,0.782143
66,2.64,14,4,773.4,427.8,617.032,371.571,0.703696
67,2.68,1,2,147.158,484.885,42.2833,394.345,0.578397
67,2.68,2,4,349,365.5,190.287,335.232,0.727215
67,2.68,3,3,771.851,308.836,669.393,299.621,0.716296
67,2.68,4,4,721.167,307.167,610.046,298.125,0.704639
67,2.68,13,1,753.5,285,660.391,281.133,1
67,2.68,5,3,280.294,266.913,68.1253,263.693,0.809934
67,2.68,6,4,744.5,252,668.211,252.634,0.806983
67,2.68,7,1,283.357,234.5,51.4517,233.802,1
67,2.68,8,3,355,240.5,150.998,239.974,0.574026
67,2.68,9,3,350,207,127.212,205.281,0.762443
67,2.68,10,3,432.125,199,243.033,196.545,0.609417
67,2.68,11,4,687.95,180.9,631.636,175.67,0.845222
67,2.68,12,4,334.664,153.295,68.6081,137.209,0.78516
67,2.68,14,4,773.4,427.8,617.032,371.571,0.703696
68,2.72,1,2,147.158,484.885,42.2833,394.345,0.574913
68,2.72,2,4,349,365.5,190.287,335.232,0.727215
68,2.72,3,3,771.691,309.266,668.966,299.938,0.710769
68,2.72,4,4,721.167,307.167,610.046,298.125,0.70567
68,2.72,13,1,759,289.5,664.657,284.762,0.960432
68,2.72,5,3,279.125,266.57,66.4431,263.392,0.814163
68,2.72,6,4,744.37,251.741,668.199,252.395,0.819231
68,2.72,7,1,283.357,234.5,51.4517,233.802,1
68,2.72,8,3,355,240.5,150.998,239.974,0.574026
68,2.72,9,3,350,207,127.212,205.281,0.762443
68,2.72,10,3,432.125,199,243.033,196.545,0.609417
68,2.72,11,4,687.95,180.9,631.636,175.67,0.845222
68,2.72,12,4,335,153.444,69.272,137.425,0.779911
68,2.72,15,3,585,108.6,493.924,64.7885,0.9
68,2.72,14,4,774.6,429,617.748,372.171,0.685802
69,2.76,1,2,146.861,484.959,42.0552,394.375,0.603704
69,2.76,2,4,348.5,365.5,189.758,335.229,0.724219
69,2.76,3,3,773.191,310.418,670.107,300.792,0.710526
69,2.76,4,4,721.167,307.167,610.046,298.125,0.706701
69,2.76,13,1,762.402,291.561,667.669,286.408,0.945946
69,2.76,5,3,279.125,266.57,66.4431,263.392,0.812446
69,2.76,6,4,744.5,252,668.211,252.634,0.806983
69,2.76,7,1,283.357,234.5,51.4517,233.802,1
69,2.76,8,3,355,240.5,150.998,239.974,0.574026
69,2.76,9,3,350,207,127.212,205.281,0.762443
69,2.76,10,4,432.176,198.796,243.048,196.309,0.65
69,2.76,11,4,687.95,180.9,631.636,175.67,0.845222
69,2.76,12,4,335,153.444,69.272,137.425,0.779911
69,2.76,15,3,585,108.6,493.924,64.7885,0.9
69,2.76,14,4,774.6,429,617.748,372.171,0.67963
70,2.8,1,2,146.994,485.21,42.2861,394.481,0.588448
70,2.8,2,4,348.628,365.743,189.967,335.377,0.721975
70,2.8,3,2,776.5,314.5,671.756,303.781,0.554688
70,2.8,4,4,719.592,304.735,609.251,296.304,0.766418
70,2.8,13,1,765.267,293.224,670.229,287.727,0.958763
70,2.8,5,3,280.294,266.913,68.1253,263.693,0.804636
70,2.8,6,4,744.5,252,668.211,252.634,0.806983
70,2.8,7,1,283.357,234.5,51.4517,233.802,1
70,2.8,8,2,355,240.5,150.998,239.974,0.555195
70,2.8,9,3,350.157,207.07,127.475,205.36,0.766063
70,2.8,10,4,432.176,198.796,243.048,196.309,0.652326
70,2.8,11,4,687.95,180.9,631.636,175.67,0.846928
70,2.8,12,4,334.664,153.295,68.6081,137.209,0.789726
70,2.8,15,3,585,108.6,493.924,64.7885,0.9
70,2.8,14,4,773.4,427.8,617.032,371.571,0.696586
71,2.84,1,2,146.861,484.959,42.0552,394.375,0.592593
71,2.84,2,4,348.628,365.743,189.967,335.377,0.721975
71,2.84,3,3,779,318.5,672.482,306.663,0.664029
71,2.84,4,4,719.841,304.693,609.566,296.274,0.767593
71,2.84,13,1,768.635,295.221,673.193,289.301,0.887195
71,2.84,5,3,280.294,266.913,68.1253,263.693,0.808168
71,2.84,6,4,744.5,252,668.211,252.634,0.80838
71,2.84,7,1,283.357,234.5,51.4517,233.802,1
71,2.84,8,2,355,240.5,150.998,239.974,0.555195
71,2.84,9,3,350.157,207.07,127.475,205.36,0.766063
71,2.84,10,3,432.125,199,243.033,196.545,0.632735
71,2.84,11,4,687.95,180.9,631.636,175.67,0.846928
71,2.84,12,4,334.664,153.295,68.6081,137.209,0.789726
71,2.84,15,3,585,108.6,493.924,64.7885,0.9
71,2.84,14,4,773.4,427.8,617.032,371.571,0.696586
72,2.88,1,2,146.994,485.21,42.2861,394.481,0.581227
72,2.88,2,4,349,365.5,190.287,335.232,0.727215
72,2.88,4,4,719.643,305,609.193,296.503,0.758696
72,2.88,5,3,279.653,266.816,67.259,263.607,0.809795
72,2.88,6,4,744.37,251.741,668.199,252.395,0.822189
72,2.88,7,1,283.5,235,51.9824,234.295,0.966667
72,2.88,8,3,355,240.5,150.998,239.974,0.567532
72,2.88,18,1,786.5,231,739.946,232.61,1
72,2.88,9,3,350,207.333,127.395,205.652,0.753846
72,2.88,10,3,432.125,199,243.033,196.545,0.632735
72,2.88,11,4,687.95,180.9,631.636,175.67,0.852048
72,2.88,12,4,334.664,153.295,68.6081,137.209,0.787443
72,2.88,13,1,771,295.8,675.737,289.762,0.858025
72,2.88,14,4,774.6,429,617.748,372.171,0.676543
72,2.88,15,3,585,108.6,493.924,64.7885,0.9
73,2.92,1,2,146.994,485.21,42.2861,394.481,0.581227
73,2.92,2,4,348.5,365.5,189.758,335.229,0.724219
73,2.92,3,3,783.816,324.168,674.964,310.684,0.66679
73,2.92,20,1,783,314,679.673,303.453,0.755556
73,2.92,4,4,719.643,305,609.193,296.503,0.758696
73,2.92,13,1,772.5,293.5,678.904,287.98,0.996377
73,2.92,5,3,279.475,267.03,67.1631,263.791,0.811894
73,2.92,6,4,744.37,251.741,668.199,252.395,0.822189
73,2.92,7,1,283.5,235,51.9824,234.295,0.966667
73,2.92,8,3,355,240.5,150.998,239.974,0.567532
73,2.92,18,1,786.5,231,739.946,232.61,1
73,2.92,9,3,350,207.333,127.395,205.652,0.753846
73,2.92,10,3,432.125,199,243.033,196.545,0.632735
73,2.92,11,4,687.95,180.9,631.636,175.67,0.852048
73,2.92,12,4,334.664,153.295,68.6081,137.209,0.787443
73,2.92,14,4,774.6,429,617.748,372.171,0.676543
73,2.92,15,3,585,108.6,493.924,64.7885,0.9
74,2.96,1,2,146.994,485.21,42.2861,394.481,0.581227
74,2.96,2,4,348.5,365.5,189.758,335.229,0.724219
74,2.96,4,4,719.643,305,609.193,296.503,0.758696
74,2.96,13,1,775.364,295.212,681.39,289.329,0.980237
74,2.96,5,3,279.653,266.816,67.259,263.607,0.81344
74,2.96,6,4,744.455,251.909,668.207,252.55,0.814957
74,2.96,7,1,283.5,235,51.9824,234.295,0.966667
74,2.96,8,3,355,240.5,150.998,239.974,0.567532
74,2.96,18,1,786.5,231,739.946,232.61,1
74,2.96,9,3,350,207.333,127.395,205.652,0.753846
74,2.96,10,3,432.125,199,243.033,196.545,0.632735
74,2.96,11,4,687.95,180.9,631.636,175.67,0.852048
74,2.96,12,4,334.664,153.295,68.6081,137.209,0.787443
74,2.96,3,3,786.6,324.6,677.939,310.999,0.754822
74,2.96,15,3,585,108.6,493.924,64.7885,0.9
74,2.96,14,3,775.8,431.4,618.014,373.358,0.813568
75,3,1,2,146.994,485.21,42.2861,394.481,0.581227
75,3,2,4,348.5,365.5,189.758,335.229,0.724219
75,3,3,3,789.395,329.395,678.509,314.325,0.718421
75,3,4,4,719.643,305,609.193,296.503,0.758696
75,3,13,1,777.636,295.788,683.815,289.787,0.98419
75,3,5,3,279.5,266.5,66.875,263.333,0.816964
75,3,6,4,744.455,251.909,668.207,252.55,0.814957
75,3,7,1,283.5,235,51.9824,234.295,0.966667
75,3,8,3,355,240.5,150.998,239.974,0.567532
75,3,18,1,786.5,231,739.946,232.61,1
75,3,9,3,350,207.333,127.395,205.652,0.753846
75,3,10,3,432.125,199,243.033,196.545,0.632735
75,3,11,4,687.95,180.9,631.636,175.67,0.852048
75,3,12,4,334.664,153.295,68.6081,137.209,0.787443
75,3,15,3,585,108.6,493.924,64.7885,0.9
75,3,14,3,775.8,431.4,618.014,373.358,0.813568
76,3.04,1,2,146.994,485.21,42.2861,394.481,0.581227
76,3.04,2,4,348.5,365.5,189.758,335.229,0.724219
76,3.04,3,2,791.345,332.529,679.017,316.47,0.644013
76,3.04,4,4,719.643,305,609.193,296.503,0.758696
76,3.04,13,1,780.5,297,686.573,290.738,0.944444
76,3.04,5,3,279.5,266.5,66.875,263.333,0.815179
76,3.04,6,4,744.455,251.909,668.207,252.55,0.816382
76,3.04,7,1,283.5,235,51.9824,234.295,0.966667
76,3.04,8,2,355,240.5,150.998,239.974,0.558442
76,3.04,18,1,786.5,231,739.946,232.61,1
76,3.04,9,3,350,207.333,127.395,205.652,0.753846
76,3.04,10,3,432.125,199,243.033,196.545,0.632735
76,3.04,11,4,687.95,180.9,631.636,175.67,0.852048
76,3.04,12,4,334.664,153.295,68.6081,137.209,0.787443
76,3.04,15,3,585,108.6,493.924,64.7885,0.9
76,3.04,14,3,775.8,431.4,618.014,373.358,0.810553
77,3.08,1,2,146.861,484.959,42.0552,394.375,0.592593
77,3.08,2,4,349,365.5,190.287,335.232,0.727215
77,3.08,3,2,793.547,335.057,680.136,318.185,0.660256
77,3.08,4,4,719.643,305,609.193,296.503,0.758696
77,3.08,13,1,782.5,297,689,290.748,0.985185
77,3.08,5,3,279.5,266.5,66.875,263.333,0.816964
77,3.08,6,4,744.455,251.909,668.207,252.55,0.816382
77,3.08,7,1,283.5,235,51.9824,234.295,0.966667
77,3.08,8,2,355,240.5,150.998,239.974,0.558442
77,3.08,18,1,786.5,231,739.946,232.61,1
77,3.08,9,3,350,207,127.212,205.281,0.762443
77,3.08,10,3,432.125,199,243.033,196.545,0.632735
77,3.08,11,4,687.95,180.9,631.636,175.67,0.852048
77,3.08,12,4,334.664,153.295,68.6081,137.209,0.787443
77,3.08,15,3,585,108.6,493.924,64.7885,0.9
77,3.08,14,3,775.8,431.4,618.014,373.358,0.812563
78,3.12,1,2,147.071,484.643,42.0968,394.243,0.586331
78,3.12,2,4,348.5,365.5,189.758,335.229,0.724219
78,3.12,3,3,797.345,335.552,684.163,318.537,0.673077
78,3.12,4,4,719.643,305,609.193,296.503,0.758696
78,3.12,13,1,784.5,296.5,691.731,290.373,0.967391
78,3.12,5,3,280,267,67.8073,263.767,0.812051
78,3.12,6,4,744.37,251.741,668.199,252.395,0.822189
78,3.12,7,1,283.5,235,51.9824,234.295,0.966667
78,3.12,8,2,355,240.5,150.998,239.974,0.558442
78,3.12,18,1,786.5,231,739.946,232.61,1
78,3.12,9,3,350.157,207.07,127.475,205.36,0.764253
78,3.12,10,3,432.125,199,243.033,196.545,0.632735
78,3.12,11,4,687.95,180.9,631.636,175.67,0.852048
78,3.12,12,4,334.664,153.295,68.6081,137.209,0.787443
78,3.12,15,3,585,108.6,493.924,64.7885,0.9
78,3.12,14,3,775.8,431.4,618.014,373.358,0.808543
79,3.16,1,2,146.361,484.525,41.4185,394.19,0.551839
79,3.16,2,4,348.5,365.5,189.758,335.229,0.724219
79,3.16,3,3,799,343,681.948,323.472,0.694958
79,3.16,4,4,719.643,305,609.193,296.503,0.758696
79,3.16,13,1,788,299.5,694.147,292.696,0.920863
79,3.16,5,3,279.645,267.237,67.5017,263.97,0.809821
79,3.16,6,4,744.455,251.909,668.207,252.55,0.814957
79,3.16,7,1,283.5,235,51.9824,234.295,0.966667
79,3.16,8,2,355,240.5,150.998,239.974,0.558442
79,3.16,18,1,786.5,231,739.946,232.61,1
79,3.16,9,3,350.157,207.07,127.475,205.36,0.764253
79,3.16,10,3,432.125,199,243.033,196.545,0.632735
79,3.16,11,4,687.95,180.9,631.636,175.67,0.857167
79,3.16,12,4,334.664,153.295,68.6081,137.209,0.787443
79,3.16,14,3,775.8,431.4,618.014,373.358,0.813568
79,3.16,15,3,585,108.6,493.924,64.7885,0.9
80,3.2,1,3,146.361,484.525,41.4185,394.19,0.665886
80,3.2,2,4,348.5,365.5,189.758,335.229,0.724219
80,3.2,3,3,801.116,344.545,683.47,324.489,0.693732
80,3.2,4,4,719.643,305,609.193,296.503,0.758696
80,3.2,13,1,790.357,300.5,696.382,293.47,0.914179
80,3.2,5,3,279.5,266.5,66.875,263.333,0.81875
80,3.2,6,4,744.37,251.741,668.199,252.395,0.822189
80,3.2,7,1,283.5,235,51.9824,234.295,0.966667
80,3.2,8,2,355,240.5,150.998,239.974,0.558442
80,3.2,18,1,786.5,231,739.946,232.61,1
80,3.2,9,3,350.157,207.07,127.475,205.36,0.764253
80,3.2,10,3,432.125,199,243.033,196.545,0.636323
80,3.2,11,4,687.95,180.9,631.636,175.67,0.858874
80,3.2,12,4,334.664,153.295,68.6081,137.209,0.787443
80,3.2,15,3,585,108.6,493.924,64.7885,0.9
80,3.2,14,4,773.4,427.8,617.032,371.571,0.698594
81,3.24,1,2,146.361,484.525,41.4185,394.19,0.551839
81,3.24,2,4,348,365,189.078,334.924,0.730354
81,3.24,3,2,803.538,347.613,684.497,326.483,0.605333
81,3.24,4,4,719.643,305,609.193,296.503,0.758696
81,3.24,13,1,792.5,300.5,698.966,293.481,0.945652
81,3.24,5,3,280,267,67.8073,263.767,0.813742
81,3.24,6,4,744.455,251.909,668.207,252.55,0.814957
81,3.24,7,1,283.5,235,51.9824,234.295,0.966667
81,3.24,8,2,354.5,240.5,150.331,239.972,0.560127
81,3.24,18,1,786.5,231,739.946,232.61,1
81,3.24,9,3,350.157,207.07,127.475,205.36,0.764253
81,3.24,10,3,432.125,199,243.033,196.545,0.636323
81,3.24,11,4,687.95,180.9,631.636,175.67,0.857167
81,3.24,12,4,334.664,153.295,68.6081,137.209,0.787443
81,3.24,15,3,585,108.6,493.924,64.7885,0.9
81,3.24,14,4,773.4,427.8,617.032,371.571,0.698594
82,3.28,1,2,147.071,484.643,42.0968,394.243,0.571942
82,3.28,2,4,348.5,365.5,189.758,335.229,0.725
82,3.28,3,2,806.518,350.072,686.459,328.072,0.699164
82,3.28,4,4,719.643,305,609.193,296.503,0.755797
82,3.28,13,1,794.5,300.5,701.379,293.492,0.974638
82,3.28,5,3,280.294,266.913,68.1253,263.693,0.815232
82,3.28,6,4,744.37,251.741,668.199,252.395,0.823669
82,3.28,7,1,283.5,235,51.9824,234.295,0.966667
82,3.28,8,2,355,240.5,150.998,239.974,0.555195
82,3.28,18,1,786.5,231.5,739.547,233.112,1
82,3.28,9,3,350.157,207.07,127.475,205.36,0.766063
82,3.28,10,4,432.125,199,243.033,196.545,0.650897
82,3.28,11,4,687.95,180.9,631.636,175.67,0.845222
82,3.28,12,4,334.664,153.295,68.6081,137.209,0.787443
82,3.28,15,3,585,108.6,493.924,64.7885,0.9
82,3.28,14,4,773.4,427.8,617.032,371.571,0.696586
83,3.32,1,2,146.861,484.959,42.0552,394.375,0.603704
83,3.32,2,4,348.5,365.5,189.758,335.229,0.725
83,3.32,3,2,808.827,353.52,687.13,330.268,0.661417
83,3.32,20,1,804.136,336.864,691.107,319.45,0.97561
83,3.32,4,4,719.643,305,609.193,296.503,0.755797
83,3.32,13,1,796.5,300.5,703.792,293.502,0.978261
83,3.32,5,3,279.645,267.237,67.5017,263.97,0.810714
83,3.32,6,4,744.37,251.741,668.199,252.395,0.825148
83,3.32,7,1,283.5,235,51.9824,234.295,0.966667
83,3.32,18,1,786,232,738.457,233.612,0.945946
83,3.32,8,2,355,240.5,150.998,239.974,0.551948
83,3.32,9,3,350.157,207.07,127.475,205.36,0.767873
83,3.32,10,4,432.125,199,243.033,196.545,0.650897
83,3.32,11,4,687.95,180.9,631.636,175.67,0.845222
83,3.32,12,4,334.664,153.295,68.6081,137.209,0.787443
83,3.32,15,3,585,108.6,493.924,64.7885,0.9
83,3.32,14,4,773.4,427.8,617.032,371.571,0.700602
84,3.36,1,2,146.158,484.885,41.4045,394.34,0.56446
84,3.36,21,3,946.522,477.096,756.795,395.222,0.726721
84,3.36,2,4,348.5,365.5,189.758,335.229,0.725
84,3.36,3,3,812.5,352.333,691.812,329.538,0.650211
84,3.36,4,4,719.592,304.735,609.251,296.304,0.763433
84,3.36,13,1,798.5,301.5,705.575,294.272,0.971014
84,3.36,5,3,277.467,267.859,65.1323,264.495,0.818667
84,3.36,6,4,745,251.5,669.182,252.176,0.822599
84,3.36,7,1,283.5,235,51.9824,234.295,0.966667
84,3.36,8,3,354.856,240.432,150.775,239.908,0.570968
84,3.36,18,1,786.083,231.667,738.837,233.278,0.97561
84,3.36,9,3,350.19,207.397,127.701,205.723,0.745411
84,3.36,10,3,432.125,199,243.033,196.545,0.609417
84,3.36,11,4,687.95,180.9,631.636,175.67,0.848635
84,3.36,12,4,334.664,153.295,68.6081,137.209,0.787443
84,3.36,15,3,585,108.6,493.924,64.7885,0.9
84,3.36,14,4,773.4,427.8,617.032,371.571,0.698594
85,3.4,1,2,146.158,484.885,41.4045,394.34,0.56446
85,3.4,21,3,946.522,477.096,756.795,395.222,0.726721
85,3.4,2,4,348.5,365.5,189.758,335.229,0.725
85,3.4,3,2,813.88,357.965,690.247,333.071,0.567639
85,3.4,13,1,801.5,303.5,707.923,295.798,0.905844
85,3.4,4,4,719.592,304.735,609.251,296.304,0.763433
85,3.4,5,3,280.294,266.913,68.1253,263.693,0.80287
85,3.4,6,4,745,251.5,669.182,252.176,0.822599
85,3.4,7,1,283.5,235,51.9824,234.295,0.966667
85,3.4,8,3,354.856,240.432,150.775,239.908,0.572258
85,3.4,18,1,786.083,231.667,738.837,233.278,0.97561
85,3.4,9,3,350.19,207.397,127.701,205.723,0.743478
85,3.4,10,3,432.125,199,243.033,196.545,0.607623
85,3.4,11,4,687.95,180.9,631.636,175.67,0.848635
85,3.4,12,4,334.664,153.295,68.6081,137.209,0.787443
85,3.4,22,1,706,96.5,733.737,41.6503,0.913462
85,3.4,15,3,585,108.6,493.924,64.7885,0.9
85,3.4,14,4,773.4,427.8,617.032,371.571,0.698594
86,3.44,1,2,146.861,484.959,42.0552,394.375,0.588889
86,3.44,21,3,946.522,477.096,756.795,395.222,0.726721
86,3.44,2,4,348.5,365.5,189.758,335.229,0.725
86,3.44,13,1,804,304.5,710.288,296.562,0.895833
86,3.44,4,4,719.592,304.735,609.251,296.304,0.763433
86,3.44,5,3,280.294,266.913,68.1253,263.693,0.80287
86,3.44,6,4,745,251.5,669.182,252.176,0.822599
86,3.44,7,1,283.5,235,51.9824,234.295,0.966667
86,3.44,8,3,354.856,240.432,150.775,239.908,0.572258
86,3.44,18,1,786.083,231.667,738.837,233.278,0.97561
86,3.44,9,3,350.19,207.397,127.701,205.723,0.747343
86,3.44,10,3,432.125,199,243.033,196.545,0.609417
86,3.44,11,4,687.95,180.9,631.636,175.67,0.846928
86,3.44,12,4,334.664,153.295,68.6081,137.209,0.787443
86,3.44,22,1,706,96.5,733.737,41.6503,0.913462
86,3.44,3,3,811.8,355.8,689.151,331.713,0.779503
86,3.44,15,3,585,108.6,493.924,64.7885,0.9
86,3.44,14,4,773.4,427.8,617.032,371.571,0.698594
87,3.48,1,2,146.158,484.885,41.4045,394.34,0.56446
87,3.48,21,3,946.522,477.096,756.795,395.222,0.720243
87,3.48,3,2,818.491,366.083,690.857,338.061,0.568807
87,3.48,2,4,348.5,365.5,189.758,335.229,0.724219
87,3.48,13,1,806,304.5,712.683,296.573,0.920139
87,3.48,4,4,719.592,304.735,609.251,296.304,0.766418
87,3.48,5,3,279.125,266.57,66.4431,263.392,0.805579
87,3.48,6,4,745,251.5,669.182,252.176,0.822599
87,3.48,7,1,283.5,235,51.9824,234.295,0.966667
87,3.48,8,3,354.856,240.432,150.775,239.908,0.573548
87,3.48,18,1,786.083,231.667,738.837,233.278,0.97561
87,3.48,9,3,350.19,207.397,127.701,205.723,0.747343
87,3.48,10,3,432.125,199,243.033,196.545,0.60583
87,3.48,11,4,687.95,180.9,631.636,175.67,0.848635
87,3.48,12,4,334.664,153.295,68.6081,137.209,0.787443
87,3.48,15,3,585,108.6,493.924,64.7885,0.9
87,3.48,14,4,773.4,427.8,617.032,371.571,0.698594
88,3.52,1,2,146.158,484.885,41.4045,394.34,0.554007
88,3.52,21,3,946.723,477.452,756.783,395.376,0.72459
88,3.52,3,2,821.567,368.331,692.95,339.429,0.698157
88,3.52,2,4,348.5,365.5,189.758,335.229,0.724219
88,3.52,13,1,808,305,714.758,296.958,0.928328
88,3.52,4,4,719.592,304.735,609.251,296.304,0.766418
88,3.52,5,3,280.294,266.913,68.1253,263.693,0.80287
88,3.52,6,4,745,251.5,669.182,252.176,0.822599
88,3.52,7,1,283.5,235,51.9824,234.295,0.966667
88,3.52,8,2,355,240.5,150.998,239.974,0.555195
88,3.52,18,1,786.083,231.667,738.837,233.278,0.97561
88,3.52,9,3,350.19,207.397,127.701,205.723,0.747343
88,3.52,10,3,432.125,199,243.033,196.545,0.60583
88,3.52,11,4,687.95,180.9,631.636,175.67,0.852048
88,3.52,12,4,334.664,153.295,68.6081,137.209,0.787443
88,3.52,15,3,585,108.6,493.924,64.7885,0.9
88,3.52,14,4,773.4,427.8,617.032,371.571,0.698594
89,3.56,1,2,146.319,485.175,41.6777,394.463,0.556314
89,3.56,21,3,946.522,477.096,756.795,395.222,0.731579
89,3.56,3,2,824.793,371.627,694.622,341.408,0.659436
89,3.56,2,4,349,365.5,190.287,335.232,0.727215
89,3.56,13,1,810.5,306.5,716.782,298.09,0.898551
89,3.56,4,4,719.592,304.735,609.251,296.304,0.76194
89,3.56,5,3,280.294,266.913,68.1253,263.693,0.803753
89,3.56,6,4,744.37,251.741,668.199,252.395,0.829586
89,3.56,7,1,283.5,235,51.9824,234.295,0.966667
89,3.56,8,2,355,240.5,150.998,239.974,0.555195
89,3.56,18,1,786.083,231.667,738.837,233.278,0.97561
89,3.56,10,3,432.125,199,243.033,196.545,0.60583
89,3.56,11,4,687.95,180.9,631.636,175.67,0.852048
89,3.56,12,4,334.664,153.295,68.6081,137.209,0.787443
89,3.56,15,3,585,108.6,493.924,64.7885,0.9
89,3.56,9,3,348.6,204.6,123.865,202.589,0.817355
89,3.56,14,4,773.4,427.8,617.032,371.571,0.698594
90,3.6,1,2,146.158,484.885,41.4045,394.34,0.557491
90,3.6,21,3,946.522,477.096,756.795,395.222,0.731579
90,3.6,3,2,827.332,371.099,697.612,341.109,0.56015
90,3.6,2,4,348.5,365.5,189.758,335.229,0.724219
90,3.6,13,1,812.333,307,718.647,298.471,0.892473
90,3.6,4,4,719.592,304.735,609.251,296.304,0.76194
90,3.6,5,3,280.294,266.913,68.1253,263.693,0.807285
90,3.6,6,4,744.37,251.741,668.199,252.395,0.829586
90,3.6,7,1,283.5,235,51.9824,234.295,0.966667
90,3.6,8,2,355,240.5,150.998,239.974,0.551948
90,3.6,18,1,786.083,231.667,738.837,233.278,0.97561
90,3.6,10,3,432.176,198.796,243.048,196.309,0.606046
90,3.6,11,4,687.95,180.9,631.636,175.67,0.852048
90,3.6,12,4,334.664,153.295,68.6081,137.209,0.787443
90,3.6,14,4,775.8,430.2,618.463,372.769,0.658586
90,3.6,9,3,351,205.8,127.99,203.946,0.785246
90,3.6,15,3,585,108.6,493.924,64.7885,0.9
91,3.64,1,2,145.976,485.209,41.3919,394.476,0.568345
91,3.64,21,3,946.723,477.452,756.783,395.376,0.731148
91,3.64,3,2,829.356,376.296,696.953,344.177,0.615063
91,3.64,2,4,348.5,365.5,189.758,335.229,0.724219
91,3.64,13,1,814.5,307,721.23,298.483,0.917857
91,3.64,4,4,719.592,304.735,609.251,296.304,0.763433
91,3.64,5,3,279.125,266.57,66.4431,263.392,0.816738
91,3.64,6,4,744.37,251.741,668.199,252.395,0.829586
91,3.64,7,1,283.5,235,51.9824,234.295,0.966667
91,3.64,8,2,355,240.5,150.998,239.974,0.551948
91,3.64,18,1,786.083,231.667,738.837,233.278,0.97561
91,3.64,10,3,432.176,198.796,243.048,196.309,0.611628
91,3.64,11,4,687.95,180.9,631.636,175.67,0.852048
91,3.64,12,4,334.664,153.295,68.6081,137.209,0.787443
91,3.64,14,4,775.8,430.2,618.463,372.769,0.659849
91,3.64,9,3,351,205.8,127.99,203.946,0.785246
91,3.64,15,3,585,108.6,493.924,64.7885,0.9
91,3.64,23,2,778.2,443.4,615.898,379.15,0.55642
92,3.68,1,2,145.976,485.209,41.3919,394.476,0.568345
92,3.68,21,3,946.723,477.452,756.783,395.376,0.729508
92,3.68,3,3,831.708,380.698,697.073,346.739,0.675573
92,3.68,2,4,348.5,365.5,189.758,335.229,0.724219
92,3.68,13,1,816.5,308.5,722.635,299.604,0.876812
92,3.68,4,4,719.592,304.735,609.251,296.304,0.764925
92,3.68,5,3,279.125,266.57,66.4431,263.392,0.820172
92,3.68,6,4,744.37,251.741,668.199,252.395,0.831065
92,3.68,7,1,283.5,235,51.9824,234.295,0.966667
92,3.68,8,2,355,240.5,150.998,239.974,0.551948
92,3.68,18,1,786.083,231.667,738.837,233.278,0.97561
92,3.68,10,3,432.176,198.796,243.048,196.309,0.606046
92,3.68,11,4,687.95,180.9,631.636,175.67,0.852048
92,3.68,12,4,334.664,153.295,68.6081,137.209,0.787443
92,3.68,14,3,775.8,431.4,618.014,373.358,0.811558
92,3.68,9,3,349.8,205.8,126.263,203.941,0.773381
92,3.68,15,3,585,108.6,493.924,64.7885,0.9
93,3.72,1,2,145.976,485.209,41.3919,394.476,0.568345
93,3.72,21,3,946.522,477.096,756.795,395.222,0.721862
93,3.72,3,2,834.125,383.594,698.06,348.408,0.658052
93,3.72,2,4,348.5,365.5,189.758,335.229,0.724219
93,3.72,13,1,818.5,308,725.342,299.245,0.921429
93,3.72,4,4,719.592,304.735,609.251,296.304,0.764925
93,3.72,5,3,279.125,266.57,66.4431,263.392,0.811588
93,3.72,6,4,744.37,251.741,668.199,252.395,0.831065
93,3.72,7,1,283.5,235,51.9824,234.295,0.966667
93,3.72,8,2,355,240.5,150.998,239.974,0.551948
93,3.72,18,1,786.083,231.667,738.837,233.278,0.97561
93,3.72,10,3,432.176,198.796,243.048,196.309,0.611628
93,3.72,11,4,687.95,180.9,631.636,175.67,0.850341
93,3.72,12,4,334.664,153.295,68.6081,137.209,0.787443
93,3.72,14,4,773.4,427.8,617.032,371.571,0.700602
93,3.72,9,3,349.8,205.8,126.263,203.941,0.773381
94,3.76,1,2,147.734,484.747,42.7268,394.291,0.605364
94,3.76,21,3,946.602,477.914,756.421,395.573,0.711382
94,3.76,3,3,838.655,382.755,703.243,347.954,0.676875
94,3.76,2,4,348.5,365.5,189.758,335.229,0.725
94,3.76,13,1,820.5,309.5,726.733,300.362,0.891304
94,3.76,4,4,719.643,305,609.193,296.503,0.754348
94,3.76,5,3,280.294,266.913,68.1253,263.693,0.816998
94,3.76,6,4,747,251,672.147,251.723,0.792297
94,3.76,7,1,283.357,234.5,51.4517,233.802,1
94,3.76,8,3,354.856,240.432,150.775,239.908,0.572258
94,3.76,18,1,786,232,738.457,233.612,0.945946
94,3.76,9,3,350,207,127.212,205.281,0.762443
94,3.76,10,4,432.176,198.796,243.048,196.309,0.652326
94,3.76,11,4,687.867,180.735,631.612,175.461,0.857143
94,3.76,12,4,335.297,153.31,69.6534,137.233,0.797664
94,3.76,15,3,585,107.4,494.357,62.5595,0.9
94,3.76,14,4,774.6,429,617.748,372.171,0.671914
95,3.8,1,2,146.361,484.525,41.4185,394.19,0.561873
95,3.8,21,3,946.602,477.914,756.421,395.573,0.70813
95,3.8,3,2,838.897,390.615,699.29,352.387,0.657391
95,3.8,2,4,348.5,365.5,189.758,335.229,0.725
95,3.8,13,1,822.286,309.857,728.617,300.634,0.885714
95,3.8,4,4,719.643,305,609.193,296.503,0.758696
95,3.8,5,3,280,267,67.8073,263.767,0.812051
95,3.8,6,4,747,251,672.147,251.723,0.793697
95,3.8,7,1,283.357,234.5,51.4517,233.802,1
95,3.8,8,3,354.856,240.432,150.775,239.908,0.576129
95,3.8,18,1,786,232,738.457,233.612,0.945946
95,3.8,9,3,350,207,127.212,205.281,0.762443
95,3.8,10,4,432.176,198.796,243.048,196.309,0.65
95,3.8,11,4,687.867,180.735,631.612,175.461,0.857143
95,3.8,12,4,335.5,153.395,70.0492,137.355,0.797642
95,3.8,14,4,774.6,429,617.748,372.171,0.67037
96,3.84,1,2,146.158,484.885,41.4045,394.34,0.574913
96,3.84,21,3,946.382,477.5,756.447,395.395,0.707812
96,3.84,2,4,348.5,365.5,189.758,335.229,0.725781
96,3.84,13,1,824.211,309.97,730.827,300.727,0.90942
96,3.84,4,4,719.592,304.735,609.251,296.304,0.758955
96,3.84,5,3,278.034,267.418,65.5798,264.119,0.817266
96,3.84,6,4,744.562,252.125,668.217,252.75,0.808242
96,3.84,7,1,283.357,234.5,51.4517,233.802,1
96,3.84,8,4,354.5,239.891,150.049,239.385,0.650309
96,3.84,9,3,349.5,207,126.494,205.279,0.767826
96,3.84,10,4,432.176,198.796,243.048,196.309,0.654651
96,3.84,11,4,687.867,180.735,631.612,175.461,0.857143
96,3.84,12,4,334.806,153.358,68.8888,137.301,0.786487
96,3.84,14,4,773.4,427.8,617.032,371.571,0.705642
97,3.88,1,3,145.289,485.072,40.7264,394.415,0.683165
97,3.88,21,3,946.579,477.917,756.398,395.575,0.7
97,3.88,3,3,846.474,392.981,705.837,353.74,0.647335
97,3.88,2,4,348.712,365.575,190.006,335.276,0.726375
97,3.88,13,1,826.015,311.303,732.077,301.714,0.877698
97,3.88,4,4,719.592,304.735,609.251,296.304,0.758955
97,3.88,5,3,278.034,267.418,65.5798,264.119,0.818705
97,3.88,6,4,744.562,252.125,668.217,252.75,0.809615
97,3.88,7,1,283.357,234.5,51.4517,233.802,1
97,3.88,8,4,354.5,239.891,150.049,239.385,0.650309
97,3.88,9,3,349.5,207,126.494,205.279,0.771304
97,3.88,10,4,432.176,198.796,243.048,196.309,0.654651
97,3.88,11,4,687.867,180.735,631.612,175.461,0.857143
97,3.88,12,4,334.806,153.358,68.8888,137.301,0.786487
97,3.88,14,4,773.4,427.8,617.032,371.571,0.705642
97,3.88,15,3,586.2,107.4,496.608,62.561,0.9
98,3.92,1,2,145.243,485.171,40.7306,394.456,0.568493
98,3.92,21,3,947.149,477.836,756.96,395.543,0.708955
98,3.92,2,4,348.712,365.575,190.006,335.276,0.726375
98,3.92,13,1,826.5,310.5,733.187,301.128,0.952899
98,3.92,4,4,719.592,304.735,609.251,296.304,0.758955
98,3.92,5,3,278.817,266.579,66.0611,263.398,0.814876
98,3.92,6,4,745,252,668.874,252.637,0.803351
98,3.92,7,1,283.357,234.5,51.4517,233.802,1
98,3.92,8,2,354.5,239.891,150.049,239.385,0.552469
98,3.92,9,3,349.5,207,126.494,205.279,0.774783
98,3.92,10,4,432.176,198.796,243.048,196.309,0.652326
98,3.92,11,4,687.867,180.735,631.612,175.461,0.857143
98,3.92,12,4,334.806,153.358,68.8888,137.301,0.786487
98,3.92,3,3,840.6,391.8,700.419,353.055,0.717899
98,3.92,14,4,773.4,427.8,617.032,371.571,0.705642
99,3.96,1,3,145.453,484.724,40.7115,394.269,0.683923
99,3.96,3,2,850.71,402.479,705.104,358.931,0.6096
99,3.96,2,4,348.712,365.575,190.006,335.276,0.726375
99,3.96,13,1,826.5,311.5,732.52,301.861,0.903333
99,3.96,4,4,719.592,304.735,609.251,296.304,0.758955
99,3.96,5,3,279.5,267,67.1765,263.765,0.806723
99,3.96,6,4,744.5,252,668.211,252.634,0.813967
99,3.96,7,1,283.357,234.5,51.4517,233.802,1
99,3.96,8,2,354.5,239.891,150.049,239.385,0.552469
99,3.96,9,3,349.5,207,126.494,205.279,0.774783
99,3.96,10,4,432.176,198.796,243.048,196.309,0.652326
99,3.96,11,4,687.867,180.735,631.612,175.461,0.857143
99,3.96,12,4,334.806,153.358,68.8888,137.301,0.786487
99,3.96,14,4,773.4,427.8,617.032,371.571,0.705642
99,3.96,22,4,708.6,95.4,740.046,39.4487,0.852703
100,4,1,3,145.453,484.724,40.7115,394.269,0.68135
100,4,2,4,348.712,365.575,190.006,335.276,0.726375
100,4,13,1,826.5,312,732.187,302.226,0.889286
100,4,4,4,719.592,304.735,609.251,296.304,0.758955
100,4,5,3,279.5,267,67.1765,263.765,0.805042
100,4,6,4,744.5,252,668.211,252.634,0.81257
100,4,7,1,283.357,234.5,51.4517,233.802,1
100,4,8,2,354.5,239.891,150.049,239.385,0.552469
100,4,9,3,349.5,207,126.494,205.279,0.773044
100,4,10,4,432.176,198.796,243.048,196.309,0.654651
100,4,11,4,687.867,180.735,631.612,175.461,0.858929
100,4,12,4,334.664,153.295,68.6081,137.209,0.787443
100,4,14,4,774.6,429,617.748,372.171,0.67963
100,4,3,2,852.6,405,705.687,360.287,0.889447
100,4,22,1,705,95.4,732.996,39.4466,0.818841
101,4.04,1,3,145.243,485.171,40.7306,394.456,0.675342
101,4.04,2,4,349,365.5,190.287,335.232,0.728797
101,4.04,13,1,826,313,730.933,302.951,0.863481
101,4.04,4,4,719.592,304.735,609.251,296.304,0.76194
101,4.04,5,3,279.5,267,67.1765,263.765,0.805882
101,4.04,6,4,744.481,251.893,668.251,252.536,0.817045
101,4.04,7,1,283.357,234.5,51.4517,233.802,1
101,4.04,8,2,354.5,239.935,150.069,239.427,0.559006
101,4.04,9,3,349.5,207,126.494,205.279,0.774783
101,4.04,10,4,432.176,198.796,243.048,196.309,0.654651
101,4.04,11,4,687.867,180.735,631.612,175.461,0.860714
101,4.04,12,4,334.664,153.295,68.6081,137.209,0.787443
101,4.04,14,4,774.6,429,617.748,372.171,0.67963
102,4.08,1,3,145.453,484.724,40.7115,394.269,0.68135
102,4.08,21,3,947.302,477.328,757.376,395.326,0.710687
102,4.08,2,4,348.5,365.5,189.758,335.229,0.725781
102,4.08,13,1,824.5,312,729.823,302.215,0.942857
102,4.08,4,4,719.592,304.735,609.251,296.304,0.76194
102,4.08,5,3,279.5,267,67.1765,263.765,0.812605
102,4.08,6,4,744.5,252,668.211,252.634,0.81257
102,4.08,7,1,283.357,234.5,51.4517,233.802,1
102,4.08,18,1,785.571,231,738.657,232.605,1
102,4.08,8,2,354.5,239.935,150.069,239.427,0.559006
102,4.08,9,3,349.5,207,126.494,205.279,0.774783
102,4.08,10,4,432.176,198.796,243.048,196.309,0.654651
102,4.08,11,4,687.867,180.735,631.612,175.461,0.860714
102,4.08,12,4,334.664,153.295,68.6081,137.209,0.787443
102,4.08,3,2,857.4,411,707.356,363.474,0.919598
102,4.08,14,4,774.6,429,617.748,372.171,0.678086
103,4.12,1,3,145.453,484.724,40.7115,394.269,0.68135
103,4.12,21,3,947.149,477.836,756.96,395.543,0.708955
103,4.12,2,4,348.5,365.5,189.758,335.229,0.725781
103,4.12,13,1,824.714,313.143,729.322,303.048,0.914286
103,4.12,4,4,719.592,304.735,609.251,296.304,0.760448
103,4.12,5,3,280,267,67.8073,263.767,0.815433
103,4.12,6,4,744.481,251.893,668.251,252.536,0.817045
103,4.12,7,1,283.357,234.5,51.4517,233.802,1
103,4.12,18,1,785.571,231,738.657,232.605,1
103,4.12,8,2,354.5,239.935,150.069,239.427,0.559006
103,4.12,9,3,349.5,207,126.494,205.279,0.773044
103,4.12,10,4,432.176,198.796,243.048,196.309,0.654651
103,4.12,11,4,687.867,180.735,631.612,175.461,0.860714
103,4.12,12,4,334.664,153.295,68.6081,137.209,0.787443
103,4.12,14,4,773.4,427.8,617.032,371.571,0.701751
104,4.16,1,3,145.453,484.724,40.7115,394.269,0.68135
104,4.16,21,3,947.149,477.836,756.96,395.543,0.70597
104,4.16,2,4,348.628,365.743,189.967,335.377,0.722771
104,4.16,13,1,824.106,312.965,728.721,302.916,0.914384
104,4.16,4,4,719.592,304.735,609.251,296.304,0.760448
104,4.16,5,3,280,267,67.8073,263.767,0.814588
104,4.16,6,4,744.481,251.893,668.251,252.536,0.817045
104,4.16,7,1,283.357,234.5,51.4517,233.802,1
104,4.16,18,1,785.571,231,738.657,232.605,1
104,4.16,8,2,354.5,239.935,150.069,239.427,0.559006
104,4.16,9,3,349.5,207,126.494,205.279,0.771304
104,4.16,10,4,432.176,198.796,243.048,196.309,0.654651
104,4.16,11,4,687.867,180.735,631.612,175.461,0.857143
104,4.16,12,4,334.664,153.295,68.6081,137.209,0.787443
104,4.16,3,2,863.4,417,710.183,366.609,0.854271
104,4.16,15,3,586.2,107.4,496.608,62.561,0.9
104,4.16,14,4,773.4,427.8,617.032,371.571,0.701751
105,4.2,1,3,145.453,484.724,40.7115,394.269,0.680064
105,4.2,21,3,947.134,476.973,757.418,395.173,0.737638
105,4.2,2,4,348.628,365.743,189.967,335.377,0.722771
105,4.2,13,1,824,314,727.917,303.666,0.877133
105,4.2,4,4,719.592,304.735,609.251,296.304,0.760448
105,4.2,5,3,280,267,67.8073,263.767,0.812051
105,4.2,6,4,744.5,252,668.211,252.634,0.81257
105,4.2,7,1,283.357,234.5,51.4517,233.802,1
105,4.2,8,2,355,240.5,150.998,239.974,0.600649
105,4.2,18,1,785.571,231,738.657,232.605,1
105,4.2,9,3,350,207,127.212,205.281,0.773303
105,4.2,10,4,432.176,198.796,243.048,196.309,0.654651
105,4.2,11,4,687.867,180.735,631.612,175.461,0.867857
105,4.2,12,4,334.664,153.295,68.6081,137.209,0.787443
105,4.2,15,3,586.2,107.4,496.608,62.561,0.9
105,4.2,14,4,773.4,427.8,617.032,371.571,0.701751
106,4.24,1,3,145.453,484.724,40.7115,394.269,0.67492
106,4.24,2,4,348.628,365.743,189.967,335.377,0.722771
106,4.24,13,1,822.69,313.5,726.701,303.297,0.930556
106,4.24,4,4,719.592,304.735,609.251,296.304,0.760448
106,4.24,5,3,279.5,266.5,66.875,263.333,0.815179
106,4.24,6,4,744.5,252,668.211,252.634,0.813967
106,4.24,7,1,283.357,234.5,51.4517,233.802,1
106,4.24,8,2,355,240.5,150.998,239.974,0.584416
106,4.24,18,1,785.571,231,738.657,232.605,1
106,4.24,10,4,432.192,198.731,243.052,196.234,0.655634
106,4.24,11,4,687.867,180.735,631.612,175.461,0.867857
106,4.24,12,4,334.664,153.295,68.6081,137.209,0.787443
106,4.24,14,4,775.8,430.2,618.463,372.769,0.652273
106,4.24,3,2,863.4,417,710.183,366.609,0.718593
106,4.24,9,3,351,205.8,127.99,203.946,0.796721
107,4.28,1,3,145.453,484.724,40.7115,394.269,0.67492
107,4.28,21,3,946.972,477.437,757.017,395.371,0.742029
107,4.28,2,4,348.712,365.575,190.006,335.276,0.726375
107,4.28,13,1,822.5,314,726.151,303.658,0.925
107,4.28,4,4,719.592,304.735,609.251,296.304,0.760448
107,4.28,5,3,279.5,266.5,66.875,263.333,0.814286
107,4.28,6,4,744.5,252,668.211,252.634,0.813967
107,4.28,7,1,283.357,234.5,51.4517,233.802,1
107,4.28,8,3,356.285,240.86,152.879,240.327,0.574534
107,4.28,18,1,785.571,231,738.657,232.605,1
107,4.28,10,4,432.192,198.731,243.052,196.234,0.655634
107,4.28,11,4,687.867,180.735,631.612,175.461,0.867857
107,4.28,12,4,335.5,153.395,70.0492,137.355,0.795283
107,4.28,14,4,775.8,430.2,618.463,372.769,0.652273
107,4.28,9,3,351,205.8,127.99,203.946,0.796721
108,4.32,1,2,146.158,484.885,41.4045,394.34,0.554007
108,4.32,2,4,348.733,365.534,190.015,335.251,0.729214
108,4.32,13,1,822.286,313.857,725.991,303.554,0.921429
108,4.32,4,4,719.929,305,609.534,296.504,0.750297
108,4.32,5,3,279.15,266.187,66.2431,263.061,0.822271
108,4.32,6,4,745,251.5,669.182,252.176,0.820588
108,4.32,7,1,283.5,234.5,51.6443,233.803,1
108,4.32,8,3,356.112,240.748,152.596,240.217,0.583692
108,4.32,18,1,785.5,231,738.558,232.605,1
108,4.32,9,3,350.157,207.07,127.475,205.36,0.775113
108,4.32,10,4,432.176,198.796,243.048,196.309,0.654651
108,4.32,11,4,687.867,180.735,631.612,175.461,0.864286
108,4.32,12,4,334.664,153.295,68.6081,137.209,0.789726
108,4.32,14,3,775.8,430.2,618.463,372.769,0.814141
108,4.32,15,3,586.2,107.4,496.608,62.561,0.9
109,4.36,1,2,146.622,485.243,41.9744,394.493,0.597701
109,4.36,2,4,348.733,365.534,190.015,335.251,0.729214
109,4.36,13,1,822,315.5,724.589,304.739,0.855263
109,4.36,4,4,719.929,305,609.534,296.504,0.748813
109,4.36,5,3,279.5,266.5,66.875,263.333,0.819643
109,4.36,6,4,745,251.5,669.182,252.176,0.820588
109,4.36,7,1,283.5,234.5,51.6443,233.803,1
109,4.36,8,3,356.112,240.748,152.596,240.217,0.586154
109,4.36,18,1,785.5,231,738.558,232.605,1
109,4.36,9,3,350.157,207.07,127.475,205.36,0.776923
109,4.36,10,4,432.176,198.796,243.048,196.309,0.654651
109,4.36,11,4,687.867,180.735,631.612,175.461,0.864286
109,4.36,12,4,334.664,153.295,68.6081,137.209,0.789726
109,4.36,14,3,775.8,430.2,618.463,372.769,0.808081
109,4.36,15,3,585,108.6,493.924,64.7885,0.9
110,4.4,1,2,146.622,485.243,41.9744,394.493,0.59387
110,4.4,2,4,348.733,365.534,190.015,335.251,0.729214
110,4.4,13,1,821,315,723.737,304.373,0.894198
110,4.4,4,4,719.929,305,609.534,296.504,0.748813
110,4.4,5,3,279.5,266.5,66.875,263.333,0.819643
110,4.4,6,4,745,251.5,669.182,252.176,0.820588
110,4.4,7,1,283.5,234.5,51.6443,233.803,1
110,4.4,8,3,356.112,240.748,152.596,240.217,0.586154
110,4.4,18,1,785.5,231,738.558,232.605,1
110,4.4,9,3,350.157,207.07,127.475,205.36,0.780543
110,4.4,10,4,432.176,198.796,243.048,196.309,0.654651
110,4.4,11,4,687.867,180.735,631.612,175.461,0.864286
110,4.4,12,4,334.664,153.295,68.6081,137.209,0.789726
110,4.4,14,3,775.8,430.2,618.463,372.769,0.806061
110,4.4,15,3,585,108.6,493.924,64.7885,0.9
111,4.44,1,2,146.622,485.243,41.9744,394.493,0.59387
111,4.44,2,4,348.733,365.534,190.015,335.251,0.729214
111,4.44,13,1,820.5,315,723.149,304.371,0.917857
111,4.44,4,4,719.929,305,609.534,296.504,0.748813
111,4.44,5,3,279.5,266.5,66.875,263.333,0.819643
111,4.44,6,4,745,251.5,669.182,252.176,0.822059
111,4.44,7,1,283.5,234.5,51.6443,233.803,1
111,4.44,8,3,356.112,240.748,152.596,240.217,0.586154
111,4.44,18,1,785.5,231,738.558,232.605,1
111,4.44,9,3,350.157,207.07,127.475,205.36,0.780543
111,4.44,10,4,432.176,198.796,243.048,196.309,0.659302
111,4.44,11,4,687.867,180.735,631.612,175.461,0.864286
111,4.44,12,4,334.664,153.295,68.6081,137.209,0.789726
111,4.44,14,3,775.8,430.2,618.463,372.769,0.806061
111,4.44,15,3,585,108.6,493.924,64.7885,0.9
111,4.44,3,2,875.4,432.6,713.813,374.476,0.560914
112,4.48,1,2,146.622,485.243,41.9744,394.493,0.59387
112,4.48,2,4,348.733,365.534,190.015,335.251,0.729214
112,4.48,13,1,820.5,315.5,722.827,304.731,0.88
112,4.48,4,4,719.929,305,609.534,296.504,0.748813
112,4.48,5,3,279.5,266.5,66.875,263.333,0.81875
112,4.48,6,4,745,251.5,669.182,252.176,0.822059
112,4.48,7,1,283.5,234.5,51.6443,233.803,1
112,4.48,8,3,356,240.5,152.334,239.979,0.577215
112,4.48,18,1,785.5,231,738.558,232.605,1
112,4.48,9,3,350.157,207.07,127.475,205.36,0.780543
112,4.48,10,4,432.176,198.796,243.048,196.309,0.656977
112,4.48,11,4,687.867,180.735,631.612,175.461,0.864286
112,4.48,12,4,334.664,153.295,68.6081,137.209,0.789726
112,4.48,14,3,775.8,430.2,618.463,372.769,0.814141
112,4.48,15,3,586.2,107.4,496.608,62.561,0.9
113,4.52,1,2,146.622,485.243,41.9744,394.493,0.59387
113,4.52,2,4,348.733,365.534,190.015,335.251,0.729214
113,4.52,13,1,819.894,316.035,721.773,305.113,0.886986
113,4.52,4,4,719.929,305,609.534,296.504,0.745846
113,4.52,5,3,279.5,266.5,66.875,263.333,0.819643
113,4.52,6,4,746.5,251,671.483,251.721,0.802907
113,4.52,7,1,283.5,234.5,51.6443,233.803,1
113,4.52,18,1,785.5,231,738.558,232.605,1
113,4.52,8,4,355.078,239.843,150.8,239.342,0.651246
113,4.52,9,3,350.157,207.07,127.475,205.36,0.780543
113,4.52,10,4,432.176,198.796,243.048,196.309,0.656977
113,4.52,11,4,687.867,180.735,631.612,175.461,0.864286
113,4.52,12,4,335.5,153.395,70.0492,137.355,0.795283
113,4.52,14,3,775.8,430.2,618.463,372.769,0.807071
113,4.52,3,2,881.4,438.6,716.493,377.413,0.784264
113,4.52,15,3,586.2,107.4,496.608,62.561,0.9
114,4.56,1,2,147.316,485.28,42.6007,394.512,0.607287
114,4.56,2,4,348.733,365.534,190.015,335.251,0.729214
114,4.56,13,1,819.5,316,721.333,305.085,0.876623
114,4.56,4,4,719.929,305,609.534,296.504,0.745846
114,4.56,5,3,279.5,266.5,66.875,263.333,0.813393
114,4.56,6,4,746.847,251.083,671.892,251.8,0.791573
114,4.56,7,1,283.5,234.5,51.6443,233.803,1
114,4.56,18,1,785.5,231,738.558,232.605,1
114,4.56,8,4,355.078,239.843,150.8,239.342,0.651246
114,4.56,9,3,350.157,207.07,127.475,205.36,0.780543
114,4.56,10,4,432.176,198.796,243.048,196.309,0.656977
114,4.56,11,4,687.867,180.735,631.612,175.461,0.864286
114,4.56,12,4,334.664,153.295,68.6081,137.209,0.787443
114,4.56,14,3,775.8,430.2,618.463,372.769,0.80202
114,4.56,15,3,586.2,107.4,496.608,62.561,0.9
115,4.6,1,2,146.861,484.959,42.0552,394.375,0.559259
115,4.6,2,4,348.733,365.534,190.015,335.251,0.729214
115,4.6,13,1,818.75,316.083,720.4,305.141,0.881757
115,4.6,4,4,719.929,305,609.534,296.504,0.745846
115,4.6,5,3,279.5,266.5,66.875,263.333,0.8125
115,4.6,6,4,746.847,251.083,671.892,251.8,0.791573
115,4.6,7,1,283.5,234.5,51.6443,233.803,1
115,4.6,18,1,785.5,231,738.558,232.605,1
115,4.6,8,3,354.992,240.02,150.765,239.511,0.579279
115,4.6,9,3,350.157,207.07,127.475,205.36,0.780543
115,4.6,10,4,432.125,199,243.033,196.545,0.650897
115,4.6,11,4,687.867,180.735,631.612,175.461,0.866071
115,4.6,12,4,334.664,153.295,68.6081,137.209,0.787443
115,4.6,14,3,775.8,430.2,618.463,372.769,0.80404
115,4.6,15,3,586.2,107.4,496.608,62.561,0.9
116,4.64,1,2,146.861,484.959,42.0552,394.375,0.559259
116,4.64,2,4,348.733,365.534,190.015,335.251,0.729214
116,4.64,13,1,818.5,316,720.16,305.08,0.892857
116,4.64,4,4,719.929,305,609.534,296.504,0.745846
116,4.64,5,3,279.5,266.5,66.875,263.333,0.810714
116,4.64,6,4,746.847,251.083,671.892,251.8,0.791573
116,4.64,7,1,283.5,234.5,51.6443,233.803,1
116,4.64,18,1,785.5,231,738.558,232.605,1
116,4.64,8,3,355.043,240.053,150.849,239.544,0.579279
116,4.64,9,3,350.157,207.07,127.475,205.36,0.780543
116,4.64,10,4,432.125,199,243.033,196.545,0.655381
116,4.64,11,4,687.867,180.735,631.612,175.461,0.8625
116,4.64,12,4,334.664,153.295,68.6081,137.209,0.787443
116,4.64,24,3,779.4,441,617.916,378.017,0.715075
116,4.64,15,3,586.2,107.4,496.608,62.561,0.9
116,4.64,14,4,773.4,427.8,617.032,371.571,0.699805
117,4.68,1,2,146.861,484.959,42.0552,394.375,0.562963
117,4.68,2,4,348.733,365.534,190.015,335.251,0.729214
117,4.68,13,1,818.5,316,720.16,305.08,0.910714
117,4.68,4,4,719.929,305,609.534,296.504,0.745846
117,4.68,5,3,279.769,266.962,67.493,263.733,0.805827
117,4.68,6,4,746.847,251.083,671.892,251.8,0.791573
117,4.68,7,1,283.5,234.5,51.6443,233.803,1
117,4.68,18,1,785.5,231,738.558,232.605,1
117,4.68,8,3,355.043,240.053,150.849,239.544,0.576877
117,4.68,9,3,350.157,207.07,127.475,205.36,0.780543
117,4.68,10,4,432.125,199,243.033,196.545,0.653139
117,4.68,11,4,687.867,180.735,631.612,175.461,0.8625
117,4.68,12,4,334.664,153.295,68.6081,137.209,0.787443
117,4.68,24,3,779.4,442.2,617.476,378.588,0.688945
117,4.68,15,3,586.2,107.4,496.608,62.561,0.9
117,4.68,14,4,773.4,427.8,617.032,371.571,0.699805
118,4.72,1,2,146.861,484.959,42.0552,394.375,0.581481
118,4.72,2,4,348.733,365.534,190.015,335.251,0.729214
118,4.72,13,1,818,315.5,719.892,304.718,0.898026
118,4.72,4,4,719.929,305,609.534,296.504,0.745846
118,4.72,5,3,280.294,266.913,68.1253,263.693,0.808168
118,4.72,6,4,746.5,251,671.483,251.721,0.801453
118,4.72,7,1,283.5,234.5,51.6443,233.803,1
118,4.72,18,1,785.5,231,738.558,232.605,1
118,4.72,8,3,355.043,240.053,150.849,239.544,0.575676
118,4.72,9,3,350.157,207.07,127.475,205.36,0.780543
118,4.72,10,4,432.125,199,243.033,196.545,0.653139
118,4.72,11,4,687.867,180.735,631.612,175.461,0.864286
118,4.72,12,4,334.664,153.295,68.6081,137.209,0.787443
118,4.72,15,3,585,107.4,494.357,62.5595,0.896364
118,4.72,14,4,773.4,427.8,617.032,371.571,0.699805
119,4.76,1,2,146.861,484.959,42.0552,394.375,0.596296
119,4.76,2,4,348.733,365.534,190.015,335.251,0.729214
119,4.76,13,1,818,316.5,719.255,305.437,0.894737
119,4.76,4,4,719.929,305,609.534,296.504,0.745846
119,4.76,5,3,280.294,266.913,68.1253,263.693,0.808168
119,4.76,6,4,746.5,251,671.483,251.721,0.801453
119,4.76,7,1,283.5,234.5,51.6443,233.803,1
119,4.76,18,1,785.5,231,738.558,232.605,1
119,4.76,8,3,355.043,240.053,150.849,239.544,0.578078
119,4.76,10,4,432.125,199,243.033,196.545,0.653139
119,4.76,11,4,687.867,180.735,631.612,175.461,0.864286
119,4.76,12,4,334.664,153.295,68.6081,137.209,0.787443
119,4.76,15,3,585,107.4,494.357,62.5595,0.896364
119,4.76,9,3,351,205.8,127.99,203.946,0.801639
119,4.76,14,4,773.4,427.8,617.032,371.571,0.699805
120,4.8,1,2,146.994,485.21,42.2861,394.481,0.595668
120,4.8,2,4,348.712,365.575,190.006,335.276,0.727184
120,4.8,13,1,817.5,316.5,718.669,305.434,0.886076
120,4.8,4,4,719.929,305,609.534,296.504,0.748813
120,4.8,5,3,280.294,266.913,68.1253,263.693,0.807285
120,4.8,6,4,744.444,251.69,668.327,252.348,0.831899
120,4.8,7,1,283.5,235,51.9824,234.295,0.921053
120,4.8,18,1,786,232,738.457,233.612,0.945946
120,4.8,8,3,354.992,240.02,150.765,239.511,0.572072
120,4.8,10,4,432.176,198.796,243.048,196.309,0.659302
120,4.8,11,4,687.867,180.735,631.612,175.461,0.855357
120,4.8,12,4,334.664,153.295,68.6081,137.209,0.787443
120,4.8,25,1,706.5,96.5,734.712,41.6507,0.9
120,4.8,15,3,585,107.4,494.357,62.5595,0.9
120,4.8,9,3,351,205.8,127.99,203.946,0.8
120,4.8,14,4,774.6,429,617.748,372.171,0.671914
121,4.84,1,2,146.994,485.21,42.2861,394.481,0.592058
121,4.84,2,4,348.712,365.575,190.006,335.276,0.727184
121,4.84,13,1,817.5,317,718.352,305.792,0.859375
121,4.84,4,4,719.929,305,609.534,296.504,0.75178
121,4.84,5,3,280.294,266.913,68.1253,263.693,0.806402
121,4.84,6,4,744.444,251.69,668.327,252.348,0.831899
121,4.84,7,1,283.5,235,51.9824,234.295,0.921053
121,4.84,18,1,786,232,738.457,233.612,0.945946
121,4.84,8,3,354.992,240.02,150.765,239.511,0.572072
121,4.84,10,4,432.176,198.796,243.048,196.309,0.659302
121,4.84,11,4,687.867,180.735,631.612,175.461,0.855357
121,4.84,12,4,334.664,153.295,68.6081,137.209,0.78516
121,4.84,25,1,706.5,96.5,734.712,41.6507,0.9
121,4.84,15,3,585,107.4,494.357,62.5595,0.9
121,4.84,9,3,351,205.8,127.99,203.946,0.8
121,4.84,14,4,774.6,429,617.748,372.171,0.671914
122,4.88,1,2,146.994,485.21,42.2861,394.481,0.592058
122,4.88,2,4,348.712,365.575,190.006,335.276,0.727184
122,4.88,13,1,816.5,316.5,717.497,305.429,0.913043
122,4.88,4,4,719.929,305,609.534,296.504,0.748813
122,4.88,5,3,280.294,266.913,68.1253,263.693,0.806402
122,4.88,6,4,744.444,251.69,668.327,252.348,0.830415
122,4.88,7,1,283.5,235,51.9824,234.295,0.921053
122,4.88,18,1,786,232,738.457,233.612,0.945946
122,4.88,8,3,354.992,240.02,150.765,239.511,0.572072
122,4.88,10,4,432.176,198.796,243.048,196.309,0.659302
122,4.88,11,4,687.867,180.735,631.612,175.461,0.855357
122,4.88,12,4,334.664,153.295,68.6081,137.209,0.78516
122,4.88,25,1,706.5,96.5,734.712,41.6507,0.9
122,4.88,24,3,775.8,430.2,618.463,372.769,0.806061
122,4.88,9,3,351,205.8,127.99,203.946,0.8
123,4.92,1,2,147.288,484.739,42.3309,394.285,0.586806
123,4.92,26,3,946.547,477.36,756.673,395.336,0.695973
123,4.92,2,4,348.712,365.575,190.006,335.276,0.727184
123,4.92,13,1,816.5,316.5,717.497,305.429,0.905797
123,4.92,4,4,719.929,305,609.534,296.504,0.748813
123,4.92,5,3,280,267,67.8073,263.767,0.805285
123,4.92,6,4,744.444,251.69,668.327,252.348,0.830415
123,4.92,7,1,283.5,235,51.9824,234.295,0.921053
123,4.92,18,1,786,232,738.457,233.612,0.945946
123,4.92,8,3,354.992,240.02,150.765,239.511,0.573273
123,4.92,10,4,432.176,198.796,243.048,196.309,0.659302
123,4.92,11,4,687.867,180.735,631.612,175.461,0.855357
123,4.92,12,4,334.664,153.295,68.6081,137.209,0.78516
123,4.92,25,1,706.5,96.5,734.712,41.6507,0.9
123,4.92,24,3,775.8,430.2,618.463,372.769,0.808081
123,4.92,9,3,351,205.8,127.99,203.946,0.798361
124,4.96,1,2,146.994,485.21,42.2861,394.481,0.602888
124,4.96,26,3,946.547,477.36,756.673,395.336,0.694631
124,4.96,3,2,913.665,472.555,729.26,393.088,0.688855
124,4.96,2,4,348.712,365.575,190.006,335.276,0.727184
124,4.96,13,1,816.31,317.5,716.642,306.144,0.864583
124,4.96,4,4,719.929,305,609.534,296.504,0.748813
124,4.96,5,3,280,267,67.8073,263.767,0.80444
124,4.96,6,4,744.444,251.69,668.327,252.348,0.830415
124,4.96,7,1,283.5,235,51.9824,234.295,0.921053
124,4.96,18,1,786,232,738.457,233.612,0.945946
124,4.96,8,4,355.078,239.843,150.8,239.342,0.651246
124,4.96,10,4,432.176,198.796,243.048,196.309,0.659302
124,4.96,11,4,687.867,180.735,631.612,175.461,0.855357
124,4.96,12,4,334.664,153.295,68.6081,137.209,0.78516
124,4.96,25,1,706.5,96.5,734.712,41.6507,0.9
124,4.96,24,3,775.8,430.2,618.463,372.769,0.808081
124,4.96,9,3,351,205.8,127.99,203.946,0.798361
125,5,1,2,146.994,485.21,42.2861,394.481,0.610108
125,5,3,2,915.05,475,729.278,394.154,0.565068
125,5,2,4,348.712,365.575,190.006,335.276,0.727184
125,5,13,1,815.835,318.292,715.59,306.707,0.85159
125,5,4,4,719.929,305,609.534,296.504,0.750297
125,5,5,3,280,267,67.8073,263.767,0.80444
125,5,6,4,744.444,251.69,668.327,252.348,0.831899
125,5,7,1,283.5,235,51.9824,234.295,0.921053
125,5,18,1,786,232,738.457,233.612,0.945946
125,5,8,4,355.078,239.843,150.8,239.342,0.651246
125,5,10,4,432.043,198.698,242.824,196.196,0.655023
125,5,11,4,687.867,180.735,631.612,175.461,0.851786
125,5,12,4,334.664,153.295,68.6081,137.209,0.78516
125,5,25,1,706.5,96.5,734.712,41.6507,0.9
125,5,24,3,775.8,430.2,618.463,372.769,0.810101
125,5,9,3,351,205.8,127.99,203.946,0.798361
126,5.04,1,2,146.994,485.21,42.2861,394.481,0.595668
126,5.04,2,4,348.712,365.575,190.006,335.276,0.727184
126,5.04,13,1,815.5,317.5,715.695,306.14,0.902174
126,5.04,4,4,719.929,305,609.534,296.504,0.750297
126,5.04,5,3,279.657,267.198,67.4936,263.937,0.803356
126,5.04,6,4,744.444,251.69,668.327,252.348,0.831899
126,5.04,7,1,283.5,235,51.9824,234.295,0.921053
126,5.04,18,1,786,232,738.457,233.612,0.945946
126,5.04,8,4,355.078,239.843,150.8,239.342,0.651246
126,5.04,10,4,432.043,198.698,242.824,196.196,0.655023
126,5.04,11,4,687.867,180.735,631.612,175.461,0.851786
126,5.04,12,4,334.664,153.295,68.6081,137.209,0.78516
126,5.04,25,1,706.5,96.5,734.712,41.6507,0.9
126,5.04,24,3,775.8,430.2,618.463,372.769,0.810101
126,5.04,9,3,351,205.8,127.99,203.946,0.798361
127,5.08,3,3,910.2,479,722.867,395.845,0.770769
127,5.08,1,2,146.994,485.21,42.2861,394.481,0.599278
127,5.08,2,4,348.712,365.575,190.006,335.276,0.727184
127,5.08,13,1,815.5,317.5,715.695,306.14,0.898551
127,5.08,4,4,719.929,305,609.534,296.504,0.750297
127,5.08,5,3,279.657,267.198,67.4936,263.937,0.803356
127,5.08,6,4,745,251.5,669.182,252.176,0.827941
127,5.08,7,1,283.5,235,51.9824,234.295,0.921053
127,5.08,18,1,786,232,738.457,233.612,0.945946
127,5.08,8,3,354.992,240.02,150.765,239.511,0.58048
127,5.08,10,4,432.043,198.698,242.824,196.196,0.655023
127,5.08,11,4,687.867,180.735,631.612,175.461,0.851786
127,5.08,12,4,334.664,153.295,68.6081,137.209,0.78516
127,5.08,25,1,706.5,96.5,734.712,41.6507,0.9
127,5.08,14,4,775.8,430.2,618.463,372.769,0.652273
127,5.08,9,3,351,205.8,127.99,203.946,0.798361
127,5.08,15,3,585,108.6,493.924,64.7885,0.9
128,5.12,1,2,146.994,485.21,42.2861,394.481,0.599278
128,5.12,2,4,348.712,365.575,190.006,335.276,0.727184
128,5.12,13,1,815.5,317.5,715.695,306.14,0.905797
128,5.12,4,4,719.929,305,609.534,296.504,0.750297
128,5.12,5,3,279.657,267.198,67.4936,263.937,0.803356
128,5.12,6,4,745,251.5,669.182,252.176,0.825
128,5.12,7,1,283.5,235,51.9824,234.295,0.921053
128,5.12,18,1,786,232,738.457,233.612,0.945946
128,5.12,8,3,354.992,240.02,150.765,239.511,0.58048
128,5.12,10,4,432.043,198.698,242.824,196.196,0.655023
128,5.12,11,4,687.867,180.735,631.612,175.461,0.851786
128,5.12,12,4,334.664,153.295,68.6081,137.209,0.78516
128,5.12,25,1,706.5,96.5,734.712,41.6507,0.9
128,5.12,14,4,774.6,429,617.748,372.171,0.673457
128,5.12,9,3,351,205.8,127.99,203.946,0.798361
128,5.12,15,3,585,108.6,493.924,64.7885,0.9
129,5.16,1,2,146.994,485.21,42.2861,394.481,0.595668
129,5.16,2,4,348.622,365.757,189.964,335.385,0.723567
129,5.16,13,1,815.5,317.5,715.695,306.14,0.90942
129,5.16,4,4,719.929,305,609.534,296.504,0.753264
129,5.16,5,3,279.657,267.198,67.4936,263.937,0.803356
129,5.16,6,4,745,251.5,669.182,252.176,0.825
129,5.16,7,1,283.5,235,51.9824,234.295,0.921053
129,5.16,18,1,786,232,738.457,233.612,0.945946
129,5.16,8,3,354.992,240.02,150.765,239.511,0.58048
129,5.16,10,4,432.043,198.698,242.824,196.196,0.655023
129,5.16,11,4,687.867,180.735,631.612,175.461,0.853571
129,5.16,12,4,334.664,153.295,68.6081,137.209,0.78516
129,5.16,25,1,706.5,96.5,734.712,41.6507,0.9
129,5.16,14,4,774.6,429,617.748,372.171,0.676543
129,5.16,9,3,351,205.8,127.99,203.946,0.798361
129,5.16,15,3,585,108.6,493.924,64.7885,0.9
130,5.2,1,2,146.994,485.21,42.2861,394.481,0.599278
130,5.2,2,4,348.712,365.575,190.006,335.276,0.726375
130,5.2,13,1,815,316.5,715.739,305.421,0.9375
130,5.2,4,4,719.929,305,609.534,296.504,0.748813
130,5.2,5,3,279.657,267.198,67.4936,263.937,0.803356
130,5.2,6,4,745.5,251.5,669.845,252.178,0.82259
130,5.2,7,1,283.5,235,51.9824,234.295,0.921053
130,5.2,18,1,786,232,738.457,233.612,0.945946
130,5.2,8,3,354.992,240.02,150.765,239.511,0.576877
130,5.2,10,4,432.176,198.796,243.048,196.309,0.65
130,5.2,11,4,687.867,180.735,631.612,175.461,0.855357
130,5.2,12,4,334.664,153.295,68.6081,137.209,0.787443
130,5.2,25,4,707.5,95.5,737.78,39.649,0.884459
130,5.2,9,3,351,205.8,127.99,203.946,0.786885
130,5.2,14,4,774.6,429,617.748,372.171,0.676543
130,5.2,15,3,585,108.6,493.924,64.7885,0.9
131,5.24,1,2,146.994,485.21,42.2861,394.481,0.602888
131,5.24,26,3,947.255,482.22,754.678,397.408,0.681006
131,5.24,2,4,348.712,365.575,190.006,335.276,0.726375
131,5.24,13,1,815,316.5,715.739,305.421,0.934028
131,5.24,4,4,719.929,305,609.534,296.504,0.748813
131,5.24,5,3,279.657,267.198,67.4936,263.937,0.803356
131,5.24,6,4,745.5,251.5,669.845,252.178,0.82259
131,5.24,7,1,283.5,235,51.9824,234.295,0.921053
131,5.24,18,1,786,232,738.457,233.612,0.945946
131,5.24,8,3,354.992,240.02,150.765,239.511,0.576877
131,5.24,10,4,432.176,198.796,243.048,196.309,0.65
131,5.24,11,4,687.867,180.735,631.612,175.461,0.855357
131,5.24,12,4,334.664,153.295,68.6081,137.209,0.787443
131,5.24,25,4,707.5,95.5,737.78,39.649,0.884459
131,5.24,9,3,351,205.8,127.99,203.946,0.786885
131,5.24,15,3,585,108.6,493.924,64.7885,0.9
131,5.24,14,4,774.6,429,617.748,372.171,0.678086
132,5.28,1,2,147.549,485.031,42.6929,394.409,0.603175
132,5.28,26,3,949.349,476.817,759.516,395.118,0.744628
132,5.28,2,4,348.628,365.743,189.967,335.377,0.721975
132,5.28,4,4,719.929,305,609.534,296.504,0.75178
132,5.28,5,3,280.294,266.913,68.1253,263.693,0.809051
132,5.28,6,4,745.5,251.5,669.845,252.178,0.81506
132,5.28,7,1,283.286,235,51.6938,234.294,0.970588
132,5.28,8,3,356.144,240.769,152.649,240.238,0.579503
132,5.28,18,1,785.524,232.286,737.572,233.896,0.854167
132,5.28,9,3,350.19,207.397,127.701,205.723,0.749275
132,5.28,10,4,432.176,198.796,243.048,196.309,0.652326
132,5.28,11,4,687.867,180.735,631.612,175.461,0.851786
132,5.28,12,4,334.664,153.295,68.6081,137.209,0.78516
132,5.28,25,4,707.5,95.5,737.78,39.649,0.894595
132,5.28,13,1,814.2,318.6,713.488,306.918,0.915663
132,5.28,14,4,774.6,429,617.748,372.171,0.682716
132,5.28,15,3,585,108.6,493.924,64.7885,0.9
