frame,time_s,track_id,class,x,y,map_x,map_y,confidence
0,0,1,3,837.158,440.526,770.641,391.89,0.864835
0,0,2,3,214.833,439.444,32.3459,394.589,0.880769
0,0,3,3,421,396,262.822,355.777,0.827273
0,0,4,3,461.232,391.177,311.138,351.027,0.638916
0,0,5,2,549.223,346.198,419.852,307.191,0.758974
0,0,6,4,359,347.14,179.011,310.851,0.857692
0,0,7,4,698.5,304.66,623.492,261.356,0.665385
0,0,8,4,603.5,276.5,495.781,232.055,0.754819
0,0,9,3,624.5,257.5,527.267,209.474,0.804255
0,0,10,3,784.742,245.581,763.796,190.567,0.847032
0,0,11,4,370,234,168.856,188.484,0.745556
0,0,12,3,665.5,232.35,590.465,177.684,0.853125
0,0,13,3,334.5,185.5,105.724,128.704,0.857971
0,0,14,3,575.5,156.833,463.229,79.404,0.808696
0,0,15,3,617.857,152.714,530.377,71.4798,0.77
0,0,16,3,557.4,121.8,436.027,27.6545,0.78397
1,0.0333667,1,3,836.02,442.237,768.69,393.381,0.86648
1,0.0333667,2,3,215.5,440.5,33.412,395.45,0.887879
1,0.0333667,3,3,421,396,262.822,355.777,0.819662
1,0.0333667,4,3,460.5,391.077,310.236,350.944,0.621827
1,0.0333667,6,4,358.5,347.196,178.401,310.912,0.877206
1,0.0333667,5,2,549.135,345.958,419.742,306.954,0.755155
1,0.0333667,7,4,698,304.82,622.769,261.54,0.65687
1,0.0333667,8,4,604.026,276.809,496.487,232.394,0.735345
1,0.0333667,9,3,624.5,257.283,527.292,209.216,0.809497
1,0.0333667,10,3,785,245,764.39,189.84,0.838462
1,0.0333667,11,4,370,234,168.856,188.484,0.747778
1,0.0333667,12,3,666,232.175,591.235,177.45,0.8504
1,0.0333667,13,3,334.5,185.5,105.724,128.704,0.856522
1,0.0333667,14,3,576,156.5,464.031,78.8991,0.821429
1,0.0333667,15,3,617.641,152.636,530.045,71.3748,0.762642
1,0.0333667,17,2,584.5,123,479.96,28.1022,0.611111
1,0.0333667,16,3,556.2,121.8,434.085,27.7175,0.79697
2,0.0667334,1,3,836.02,442.237,768.69,393.381,0.864246
2,0.0667334,2,3,215.5,440.5,33.412,395.45,0.871717
2,0.0667334,3,3,421,396,262.822,355.777,0.81797
2,0.0667334,4,3,460.5,391.077,310.236,350.944,0.626904
2,0.0667334,6,4,358.5,347.196,178.401,310.912,0.877206
2,0.0667334,5,2,549,346,419.567,306.998,0.758442
2,0.0667334,7,4,698,304.82,622.769,261.54,0.65687
2,0.0667334,8,4,604.026,276.809,496.487,232.394,0.735345
2,0.0667334,9,3,624.5,257.283,527.292,209.216,0.809497
2,0.0667334,10,3,785,245,764.39,189.84,0.838462
2,0.0667334,12,3,666,232.175,591.235,177.45,0.8504
2,0.0667334,13,3,334.5,185.5,105.724,128.704,0.857971
2,0.0667334,14,3,575.857,156.714,463.795,79.2158,0.818571
2,0.0667334,15,3,617.641,152.636,530.045,71.3748,0.762642
2,0.0667334,17,2,584.5,123,479.96,28.1022,0.611111
2,0.0667334,11,4,369,231,166.767,184.903,0.730702
2,0.0667334,16,3,556.2,121.8,434.085,27.7175,0.79697
3,0.1001,1,3,836.02,442.237,768.69,393.381,0.864246
3,0.1001,2,3,215.5,440.5,33.412,395.45,0.871717
3,0.1001,3,3,421,396,262.822,355.777,0.81797
3,0.1001,4,3,460.5,391.077,310.236,350.944,0.626904
3,0.1001,6,4,358.5,347.196,178.401,310.912,0.877206
3,0.1001,5,2,549,346,419.567,306.998,0.758442
3,0.1001,7,4,698,304.68,622.797,261.388,0.66125
3,0.1001,8,4,604.026,276.809,496.487,232.394,0.735345
3,0.1001,9,3,624.5,257.283,527.292,209.216,0.807263
3,0.1001,10,3,785,245,764.39,189.84,0.827602
3,0.1001,12,3,666,232.175,591.235,177.45,0.8504
3,0.1001,13,3,334.5,185.5,105.724,128.704,0.857971
3,0.1001,14,3,575.857,156.714,463.795,79.2158,0.818571
3,0.1001,15,3,617.641,152.636,530.045,71.3748,0.76566
3,0.1001,17,2,584.5,123,479.96,28.1022,0.611111
3,0.1001,11,4,369,231,166.767,184.903,0.730702
3,0.1001,16,3,556.2,121.8,434.085,27.7175,0.79697
4,0.133467,1,3,836.02,442.237,768.69,393.381,0.86648
4,0.133467,2,3,215.5,440.5,33.412,395.45,0.871717
4,0.133467,3,3,421,396,262.822,355.777,0.81797
4,0.133467,4,3,460.5,391.077,310.236,350.944,0.626904
4,0.133467,6,4,358.5,347.196,178.401,310.912,0.877206
4,0.133467,5,2,549,346,419.567,306.998,0.758442
4,0.133467,7,4,698,304.68,622.797,261.388,0.66125
4,0.133467,8,4,604.026,276.809,496.487,232.394,0.735345
4,0.133467,9,3,624.5,257.283,527.292,209.216,0.807263
4,0.133467,10,3,785,245,764.39,189.84,0.831222
4,0.133467,12,3,665.5,232.35,590.465,177.684,0.853125
4,0.133467,13,3,334.5,185.5,105.724,128.704,0.856522
4,0.133467,14,3,575.857,156.714,463.795,79.2158,0.818571
4,0.133467,15,3,617.641,152.636,530.045,71.3748,0.76566
4,0.133467,17,2,584.5,123,479.96,28.1022,0.611111
4,0.133467,11,4,369,231,166.767,184.903,0.730702
4,0.133467,16,3,556.2,121.8,434.085,27.7175,0.79697
5,0.166834,1,3,836.02,442.237,768.69,393.381,0.86648
5,0.166834,2,3,215.5,440.5,33.412,395.45,0.871717
5,0.166834,3,3,421,396,262.822,355.777,0.81797
5,0.166834,4,3,460.5,391.077,310.236,350.944,0.626904
5,0.166834,6,4,358.5,347.196,178.401,310.912,0.877206
5,0.166834,5,2,549,346,419.567,306.998,0.758442
5,0.166834,7,4,698,304.68,622.797,261.388,0.66125
5,0.166834,8,4,604.026,276.809,496.487,232.394,0.735345
5,0.166834,9,3,624.5,257.283,527.292,209.216,0.807263
5,0.166834,10,3,785,245,764.39,189.84,0.831222
5,0.166834,12,3,665.5,232.35,590.465,177.684,0.853125
5,0.166834,13,3,334.5,185.5,105.724,128.704,0.857971
5,0.166834,14,3,575.857,156.714,463.795,79.2158,0.818571
5,0.166834,15,3,617.641,152.636,530.045,71.3748,0.76566
5,0.166834,17,2,584.5,123,479.96,28.1022,0.611111
5,0.166834,11,4,369,231,166.767,184.903,0.730702
5,0.166834,16,3,557.4,119.4,436.103,23.9023,0.805
6,0.2002,1,3,836.02,442.237,768.69,393.381,0.86648
6,0.2002,2,3,215.5,440.5,33.412,395.45,0.871717
6,0.2002,3,3,421,396,262.822,355.777,0.819662
6,0.2002,4,3,460.5,391.077,310.236,350.944,0.626904
6,0.2002,6,4,358.5,347.196,178.401,310.912,0.877206
6,0.2002,5,2,549,346,419.567,306.998,0.758442
6,0.2002,7,4,698,304.68,622.797,261.388,0.66125
6,0.2002,8,4,603.851,276.415,496.277,231.949,0.748795
6,0.2002,9,3,624.5,257.283,527.292,209.216,0.807263
6,0.2002,10,3,785,245,764.39,189.84,0.831222
6,0.2002,12,3,665.5,232.35,590.465,177.684,0.85
6,0.2002,13,3,334.5,185.5,105.724,128.704,0.862319
6,0.2002,14,3,575.857,156.714,463.795,79.2158,0.818571
6,0.2002,15,3,617.641,152.636,530.045,71.3748,0.755094
6,0.2002,17,2,584.5,123,479.96,28.1022,0.611111
6,0.2002,11,4,369,231,166.767,184.903,0.730702
6,0.2002,16,3,557.4,121.8,436.027,27.6545,0.777863
6,0.2002,18,3,298.2,323.4,97.4197,288.305,0.604142
7,0.233567,1,3,836.02,442.237,768.69,393.381,0.86648
7,0.233567,2,3,215.5,440.5,33.412,395.45,0.871717
7,0.233567,3,3,421,396,262.822,355.777,0.819662
7,0.233567,4,3,460.5,391.077,310.236,350.944,0.626904
7,0.233567,6,4,358.5,347.196,178.401,310.912,0.877206
7,0.233567,5,2,549,346,419.567,306.998,0.758442
7,0.233567,7,4,698,304.68,622.797,261.388,0.66125
7,0.233567,8,4,603.886,276.494,496.319,232.038,0.747289
7,0.233567,9,3,624.5,257.283,527.292,209.216,0.807263
7,0.233567,10,3,785,245,764.39,189.84,0.831222
7,0.233567,12,3,665.5,232.35,590.465,177.684,0.85
7,0.233567,13,3,334.5,185.5,105.724,128.704,0.862319
7,0.233567,14,3,575.857,156.714,463.795,79.2158,0.818571
7,0.233567,15,3,617.641,152.636,530.045,71.3748,0.755094
7,0.233567,17,2,584.5,123,479.96,28.1022,0.611111
7,0.233567,11,4,369,231,166.767,184.903,0.728947
7,0.233567,16,3,557.4,121.8,436.027,27.6545,0.777863
7,0.233567,18,3,298.2,323.4,97.4197,288.305,0.604142
8,0.266934,1,3,836.02,442.237,768.69,393.381,0.86648
8,0.266934,2,3,215.5,440.5,33.412,395.45,0.871717
8,0.266934,3,3,421,396,262.822,355.777,0.819662
8,0.266934,4,3,460.5,391.077,310.236,350.944,0.626904
8,0.266934,6,4,358.5,347.196,178.401,310.912,0.877206
8,0.266934,5,2,549,346,419.567,306.998,0.758442
8,0.266934,7,4,698,304.68,622.797,261.388,0.66125
8,0.266934,8,4,603.886,276.494,496.319,232.038,0.747289
8,0.266934,9,3,624.5,257.283,527.292,209.216,0.807263
8,0.266934,10,3,785,245,764.39,189.84,0.831222
8,0.266934,12,3,665.5,232.35,590.465,177.684,0.848438
8,0.266934,13,3,334.5,185.5,105.724,128.704,0.862319
8,0.266934,14,3,575.857,156.714,463.795,79.2158,0.818571
8,0.266934,15,3,617.641,152.636,530.045,71.3748,0.755094
8,0.266934,17,2,584.5,123,479.96,28.1022,0.611111
8,0.266934,11,4,369,231,166.767,184.903,0.728947
8,0.266934,16,3,557.4,121.8,436.027,27.6545,0.777863
9,0.3003,1,3,836.02,442.237,768.69,393.381,0.86648
9,0.3003,2,3,215.5,440.5,33.412,395.45,0.871717
9,0.3003,3,3,421,396,262.822,355.777,0.819662
9,0.3003,4,3,460.5,391.077,310.236,350.944,0.626904
9,0.3003,6,4,358.5,347.196,178.401,310.912,0.877206
9,0.3003,5,2,549,346,419.567,306.998,0.758442
9,0.3003,7,4,698,304.68,622.797,261.388,0.66125
9,0.3003,8,4,603.886,276.494,496.319,232.038,0.747289
9,0.3003,9,3,624.5,257.283,527.292,209.216,0.807263
9,0.3003,10,3,785,245,764.39,189.84,0.831222
9,0.3003,12,3,665.5,232.35,590.465,177.684,0.848438
9,0.3003,13,3,334.5,185.5,105.724,128.704,0.862319
9,0.3003,14,3,575.857,156.714,463.795,79.2158,0.818571
9,0.3003,15,3,617.641,152.636,530.045,71.3748,0.755094
9,0.3003,17,2,584.5,123,479.96,28.1022,0.611111
9,0.3003,11,4,369,231,166.767,184.903,0.728947
9,0.3003,16,3,557.4,121.8,436.027,27.6545,0.777863
10,0.333667,1,3,836.02,442.237,768.69,393.381,0.86648
10,0.333667,2,3,215.5,440.5,33.412,395.45,0.871717
10,0.333667,3,3,421,396,262.822,355.777,0.819662
10,0.333667,4,3,460.5,391.077,310.236,350.944,0.626904
10,0.333667,6,4,358.5,347.196,178.401,310.912,0.877206
10,0.333667,5,2,549,346,419.567,306.998,0.758442
10,0.333667,7,4,698,304.68,622.797,261.388,0.66125
10,0.333667,8,4,603.886,276.494,496.319,232.038,0.747289
10,0.333667,9,3,624.5,257.283,527.292,209.216,0.807263
10,0.333667,10,3,785,245,764.39,189.84,0.831222
10,0.333667,12,3,665.5,232.35,590.465,177.684,0.848438
10,0.333667,13,3,334.5,185.5,105.724,128.704,0.856522
10,0.333667,14,3,575.857,156.714,463.795,79.2158,0.818571
10,0.333667,15,3,617.641,152.636,530.045,71.3748,0.755094
10,0.333667,17,2,584.5,123,479.96,28.1022,0.611111
10,0.333667,11,4,369,231,166.767,184.903,0.728947
10,0.333667,16,3,557.4,121.8,436.027,27.6545,0.777863
11,0.367034,1,3,836.02,442.237,768.69,393.381,0.86648
11,0.367034,2,3,215.5,440.5,33.412,395.45,0.871717
11,0.367034,3,3,421,396,262.822,355.777,0.821353
11,0.367034,4,3,460.5,391.077,310.236,350.944,0.626904
11,0.367034,6,4,358.5,347.196,178.401,310.912,0.877206
11,0.367034,5,2,549,346,419.567,306.998,0.758442
11,0.367034,7,4,698,304.68,622.797,261.388,0.66125
11,0.367034,8,4,603.886,276.494,496.319,232.038,0.747289
11,0.367034,9,3,624.5,257.283,527.292,209.216,0.807263
11,0.367034,10,3,785,245,764.39,189.84,0.831222
11,0.367034,12,3,665.5,232.35,590.465,177.684,0.848438
11,0.367034,13,3,334.5,185.5,105.724,128.704,0.856522
11,0.367034,14,3,575.857,156.714,463.795,79.2158,0.818571
11,0.367034,15,3,617.641,152.636,530.045,71.3748,0.755094
11,0.367034,17,2,584.5,123,479.96,28.1022,0.611111
11,0.367034,11,4,369,231,166.767,184.903,0.728947
11,0.367034,16,3,557.4,121.8,436.027,27.6545,0.777863
12,0.4004,1,3,836.438,441.012,769.589,392.316,0.869231
12,0.4004,2,3,215.5,439.5,33.1109,394.631,0.876991
12,0.4004,3,3,421.339,396.113,263.245,355.875,0.817094
12,0.4004,4,3,460.25,391.375,309.956,351.217,0.631719
12,0.4004,5,2,549.226,346.22,419.857,307.213,0.767857
12,0.4004,6,4,358.684,347.039,178.598,310.757,0.883333
12,0.4004,7,4,698,304.68,622.797,261.388,0.6675
12,0.4004,8,4,603.5,276.5,495.781,232.055,0.754819
12,0.4004,9,3,624.5,257.283,527.292,209.216,0.80838
12,0.4004,10,3,784.5,245,763.643,189.855,0.832231
12,0.4004,11,4,370,234,168.856,188.484,0.747778
12,0.4004,12,3,665.5,232.5,590.438,177.872,0.85625
12,0.4004,13,3,335,184.857,106.244,127.839,0.842435
12,0.4004,14,3,575.5,156.833,463.229,79.404,0.821739
12,0.4004,15,3,617.781,152.562,530.277,71.2602,0.770632
12,0.4004,17,2,584.5,122.5,480,27.3209,0.69697
12,0.4004,18,3,298.2,324.6,97.7524,289.511,0.613793
13,0.433767,1,3,836.438,441.012,769.589,392.316,0.869231
13,0.433767,2,3,215.5,439.5,33.1109,394.631,0.876991
13,0.433767,3,3,421.339,396.113,263.245,355.875,0.817094
13,0.433767,4,3,460.25,391.375,309.956,351.217,0.631719
13,0.433767,5,2,549.226,346.22,419.857,307.213,0.767857
13,0.433767,6,4,358.684,347.039,178.598,310.757,0.883333
13,0.433767,7,4,698,304.68,622.797,261.388,0.6675
13,0.433767,8,4,603.5,276.5,495.781,232.055,0.754819
13,0.433767,9,3,624.5,257.283,527.292,209.216,0.80838
13,0.433767,10,3,784.5,245,763.643,189.855,0.832231
13,0.433767,11,4,370,234,168.856,188.484,0.747778
13,0.433767,12,3,665.5,232.5,590.438,177.872,0.85625
13,0.433767,13,3,335,184.857,106.244,127.839,0.842435
13,0.433767,14,3,575.5,156.833,463.229,79.404,0.821739
13,0.433767,15,3,617.781,152.562,530.277,71.2602,0.770632
13,0.433767,17,2,584.5,122.5,480,27.3209,0.69697
13,0.433767,18,3,298.2,324.6,97.7524,289.511,0.613793
14,0.467134,1,3,836.438,441.012,769.589,392.316,0.869231
14,0.467134,2,3,215.5,439.5,33.1109,394.631,0.876991
14,0.467134,3,3,421.339,396.113,263.245,355.875,0.817094
14,0.467134,4,3,460.25,391.375,309.956,351.217,0.631719
14,0.467134,5,2,549.226,346.22,419.857,307.213,0.767857
14,0.467134,6,4,358.684,347.039,178.598,310.757,0.883333
14,0.467134,7,4,698,304.68,622.797,261.388,0.6675
14,0.467134,8,4,603.5,276.5,495.781,232.055,0.754819
14,0.467134,9,3,624.5,257.283,527.292,209.216,0.80838
14,0.467134,10,3,784.5,245,763.643,189.855,0.832231
14,0.467134,11,4,370,234,168.856,188.484,0.747778
14,0.467134,12,3,665.5,232.5,590.438,177.872,0.85625
14,0.467134,13,3,335,184.857,106.244,127.839,0.842435
14,0.467134,14,3,575.5,156.833,463.229,79.404,0.821739
14,0.467134,15,3,617.781,152.562,530.277,71.2602,0.770632
14,0.467134,17,2,584.5,122.5,480,27.3209,0.69697
14,0.467134,18,3,298.2,324.6,97.7524,289.511,0.613793
14,0.467134,19,3,313.8,325.8,117.637,290.462,0.636585
15,0.500501,1,3,836.438,441.012,769.589,392.316,0.869231
15,0.500501,2,3,215.5,439.5,33.1109,394.631,0.876991
15,0.500501,3,3,421.339,396.113,263.245,355.875,0.817094
15,0.500501,4,3,460.25,391.375,309.956,351.217,0.631719
15,0.500501,5,2,549.226,346.22,419.857,307.213,0.767857
15,0.500501,6,4,358.5,346.935,178.348,310.659,0.885821
15,0.500501,7,4,698,304.68,622.797,261.388,0.6675
15,0.500501,8,4,603.5,276.5,495.781,232.055,0.754819
15,0.500501,9,3,624.5,257.283,527.292,209.216,0.80838
15,0.500501,10,3,784.5,245,763.643,189.855,0.832231
15,0.500501,11,4,370,234,168.856,188.484,0.747778
15,0.500501,12,3,665.5,232.5,590.438,177.872,0.85625
15,0.500501,13,3,335,184.857,106.244,127.839,0.842435
15,0.500501,14,3,575.5,156.833,463.229,79.404,0.821739
15,0.500501,15,3,617.781,152.562,530.277,71.2602,0.770632
15,0.500501,17,2,584.5,122.5,480,27.3209,0.69697
15,0.500501,18,3,298.2,324.6,97.7524,289.511,0.613793
16,0.533867,1,3,836.438,441.012,769.589,392.316,0.869231
16,0.533867,2,3,215.5,439.5,33.1109,394.631,0.876991
16,0.533867,3,3,421.339,396.113,263.245,355.875,0.817094
16,0.533867,4,3,460.25,391.375,309.956,351.217,0.631719
16,0.533867,5,2,549.226,346.22,419.857,307.213,0.767857
16,0.533867,6,4,358.5,346.935,178.348,310.659,0.885821
16,0.533867,7,4,698,304.68,622.797,261.388,0.6675
16,0.533867,8,4,603.5,276.5,495.781,232.055,0.754819
16,0.533867,9,3,624.5,257.283,527.292,209.216,0.80838
16,0.533867,10,3,784.5,245,763.643,189.855,0.832231
16,0.533867,11,4,370,234,168.856,188.484,0.747778
16,0.533867,12,3,665.5,232.5,590.438,177.872,0.85625
16,0.533867,13,3,335,184.857,106.244,127.839,0.842435
16,0.533867,14,3,575.5,156.833,463.229,79.404,0.821739
16,0.533867,15,3,617.781,152.562,530.277,71.2602,0.770632
16,0.533867,17,2,584.5,122.5,480,27.3209,0.69697
16,0.533867,18,3,298.2,324.6,97.7524,289.511,0.613793
17,0.567234,1,3,836.438,441.012,769.589,392.316,0.869231
17,0.567234,2,3,215.5,439.5,33.1109,394.631,0.876991
17,0.567234,3,3,421.339,396.113,263.245,355.875,0.817094
17,0.567234,4,3,460.25,391.375,309.956,351.217,0.631719
17,0.567234,5,2,549.226,346.22,419.857,307.213,0.767857
17,0.567234,6,4,358.577,346.888,178.434,310.612,0.897395
17,0.567234,7,4,698,304.68,622.797,261.388,0.6675
17,0.567234,8,4,603.5,276.5,495.781,232.055,0.754819
17,0.567234,9,3,624.5,257.283,527.292,209.216,0.80838
17,0.567234,10,3,784.5,245,763.643,189.855,0.832231
17,0.567234,11,4,370,234,168.856,188.484,0.747778
17,0.567234,12,3,665.5,232.5,590.438,177.872,0.85625
17,0.567234,13,3,335,184.857,106.244,127.839,0.842435
17,0.567234,14,3,575.5,156.833,463.229,79.404,0.821739
17,0.567234,15,3,617.781,152.562,530.277,71.2602,0.770632
17,0.567234,17,2,584.5,122.5,480,27.3209,0.69697
17,0.567234,18,3,298.2,324.6,97.7524,289.511,0.613793
18,0.600601,1,3,836.438,441.012,769.589,392.316,0.869231
18,0.600601,2,3,215.5,439.5,33.1109,394.631,0.876991
18,0.600601,3,3,421.339,396.113,263.245,355.875,0.817094
18,0.600601,4,3,460.25,391.375,309.956,351.217,0.631719
18,0.600601,6,4,365,350.5,187.127,314.023,0.879268
18,0.600601,5,2,549.226,346.22,419.857,307.213,0.767857
18,0.600601,7,4,698,304.68,622.797,261.388,0.6675
18,0.600601,8,4,603.5,276.5,495.781,232.055,0.754819
18,0.600601,9,3,624.5,257.283,527.292,209.216,0.80838
18,0.600601,10,3,784.5,245,763.643,189.855,0.832231
18,0.600601,11,4,370,234,168.856,188.484,0.747778
18,0.600601,12,3,665.5,232.5,590.438,177.872,0.85625
18,0.600601,13,3,335,184.857,106.244,127.839,0.842435
18,0.600601,14,3,575.5,156.833,463.229,79.404,0.821739
18,0.600601,15,3,617.781,152.562,530.277,71.2602,0.770632
18,0.600601,17,2,584.5,122.5,480,27.3209,0.69697
19,0.633967,1,3,836.438,441.012,769.589,392.316,0.869231
19,0.633967,2,3,215.5,439.5,33.1109,394.631,0.876991
19,0.633967,3,3,421.339,396.113,263.245,355.875,0.817094
19,0.633967,4,3,460.25,391.375,309.956,351.217,0.631719
19,0.633967,6,1,375.071,352.786,200.054,316.091,0.87108
19,0.633967,5,2,549.226,346.22,419.857,307.213,0.767857
19,0.633967,7,4,698,304.68,622.797,261.388,0.6675
19,0.633967,8,4,603.5,276.5,495.781,232.055,0.754819
19,0.633967,9,3,624.5,257.283,527.292,209.216,0.80838
19,0.633967,10,3,784.5,245,763.643,189.855,0.832231
19,0.633967,11,4,370,234,168.856,188.484,0.747778
19,0.633967,12,3,665.5,232.5,590.438,177.872,0.85625
19,0.633967,13,3,335,184.857,106.244,127.839,0.842435
19,0.633967,14,3,575.5,156.833,463.229,79.404,0.821739
19,0.633967,15,3,617.781,152.562,530.277,71.2602,0.770632
19,0.633967,17,2,584.5,122.5,480,27.3209,0.69697
20,0.667334,1,3,836.438,441.012,769.589,392.316,0.869231
20,0.667334,2,3,215.5,439.5,33.1109,394.631,0.876991
20,0.667334,3,3,421.339,396.113,263.245,355.875,0.817094
20,0.667334,4,3,460.25,391.375,309.956,351.217,0.631719
20,0.667334,6,4,383.972,360.189,212.379,323.064,0.880789
20,0.667334,5,2,549.226,346.22,419.857,307.213,0.767857
20,0.667334,7,4,698,304.68,622.797,261.388,0.6675
20,0.667334,8,4,603.5,276.5,495.781,232.055,0.754819
20,0.667334,9,3,624.5,257.283,527.292,209.216,0.80838
20,0.667334,10,3,784.5,245,763.643,189.855,0.832231
20,0.667334,11,4,370,234,168.856,188.484,0.747778
20,0.667334,12,3,665.5,232.5,590.438,177.872,0.85625
20,0.667334,13,3,335,184.857,106.244,127.839,0.842435
20,0.667334,14,3,575.5,156.833,463.229,79.404,0.821739
20,0.667334,15,3,617.781,152.562,530.277,71.2602,0.770632
20,0.667334,17,2,584.5,122.5,480,27.3209,0.69697
20,0.667334,18,3,286.2,311.4,78.8624,276.311,0.5
21,0.700701,1,3,836.438,441.012,769.589,392.316,0.869231
21,0.700701,2,3,215.5,439.5,33.1109,394.631,0.876991
21,0.700701,3,3,421.339,396.113,263.245,355.875,0.817094
21,0.700701,4,3,460.25,391.375,309.956,351.217,0.631719
21,0.700701,6,1,394.5,361,225.523,323.702,0.935065
21,0.700701,5,2,549.226,346.22,419.857,307.213,0.767857
21,0.700701,7,4,698,304.68,622.797,261.388,0.6675
21,0.700701,8,4,603.5,276.5,495.781,232.055,0.754819
21,0.700701,9,3,624.5,257.283,527.292,209.216,0.80838
21,0.700701,10,3,784.5,245,763.643,189.855,0.832231
21,0.700701,11,4,370,234,168.856,188.484,0.747778
21,0.700701,12,3,665.5,232.5,590.438,177.872,0.85625
21,0.700701,13,3,335,184.857,106.244,127.839,0.842435
21,0.700701,14,3,575.5,156.833,463.229,79.404,0.821739
21,0.700701,15,3,617.781,152.562,530.277,71.2602,0.770632
21,0.700701,17,2,584.5,122.5,480,27.3209,0.69697
21,0.700701,18,2,288.6,311.4,81.8977,276.268,0.746528
22,0.734067,1,3,836.438,441.012,769.589,392.316,0.869231
22,0.734067,2,3,215.5,439.5,33.1109,394.631,0.876991
22,0.734067,3,3,421.339,396.113,263.245,355.875,0.817094
22,0.734067,4,3,460.25,391.375,309.956,351.217,0.631719
22,0.734067,6,1,403,369.5,237.31,331.631,0.730583
22,0.734067,5,2,549.226,346.22,419.857,307.213,0.767857
22,0.734067,7,4,698,304.68,622.797,261.388,0.6675
22,0.734067,8,4,603.5,276.5,495.781,232.055,0.754819
22,0.734067,9,3,624.5,257.283,527.292,209.216,0.80838
22,0.734067,10,3,784.5,245,763.643,189.855,0.832231
22,0.734067,11,4,370,234,168.856,188.484,0.747778
22,0.734067,12,3,665.5,232.5,590.438,177.872,0.85625
22,0.734067,13,3,335,184.857,106.244,127.839,0.842435
22,0.734067,14,3,575.5,156.833,463.229,79.404,0.821739
22,0.734067,15,3,617.781,152.562,530.277,71.2602,0.770632
22,0.734067,17,2,584.5,122.5,480,27.3209,0.69697
22,0.734067,18,2,288.6,311.4,81.8977,276.268,0.746528
22,0.734067,19,3,298.2,324.6,97.7524,289.511,0.613793
23,0.767434,1,3,836.438,441.012,769.589,392.316,0.869231
23,0.767434,2,3,215.5,439.5,33.1109,394.631,0.876991
23,0.767434,4,3,460.25,391.375,309.956,351.217,0.631719
23,0.767434,5,2,549.226,346.22,419.857,307.213,0.767857
23,0.767434,7,4,698,304.68,622.797,261.388,0.6675
23,0.767434,8,4,603.5,276.5,495.781,232.055,0.754819
23,0.767434,9,3,624.5,257.283,527.292,209.216,0.80838
23,0.767434,10,3,784.5,245,763.643,189.855,0.832231
23,0.767434,11,4,370,234,168.856,188.484,0.747778
23,0.767434,12,3,665.5,232.5,590.438,177.872,0.85625
23,0.767434,13,3,335,184.857,106.244,127.839,0.842435
23,0.767434,14,3,575.5,156.833,463.229,79.404,0.821739
23,0.767434,15,3,617.781,152.562,530.277,71.2602,0.770632
23,0.767434,17,2,584.5,122.5,480,27.3209,0.69697
23,0.767434,18,2,288.6,311.4,81.8977,276.268,0.746528
23,0.767434,3,1,417,372.6,254.959,334.371,0.950617
23,0.767434,6,4,420.6,384.6,260.916,345.437,0.666667
24,0.800801,1,3,836.438,441.012,769.589,392.316,0.869231
24,0.800801,2,3,215.5,439.5,33.1109,394.631,0.876991
24,0.800801,4,3,459.768,391.177,309.351,351.042,0.627094
24,0.800801,5,2,549.226,346.22,419.857,307.213,0.767857
24,0.800801,7,4,698,304.68,622.797,261.388,0.6675
24,0.800801,8,4,603.5,276.5,495.781,232.055,0.754819
24,0.800801,9,3,624.5,257.283,527.292,209.216,0.80838
24,0.800801,10,3,784.5,245,763.643,189.855,0.832231
24,0.800801,11,4,370.571,234.429,169.745,188.981,0.741964
24,0.800801,12,3,666,232.175,591.235,177.45,0.8584
24,0.800801,13,3,335,184.857,106.244,127.839,0.842435
24,0.800801,14,3,575.5,156.833,463.229,79.404,0.821739
24,0.800801,15,3,617.781,152.562,530.277,71.2602,0.769145
24,0.800801,17,2,584.5,122.5,480,27.3209,0.69697
24,0.800801,18,2,288.6,312.6,82.2505,277.5,0.662162
24,0.800801,19,3,298.2,324.6,97.7524,289.511,0.613793
25,0.834168,1,3,836.438,441.012,769.589,392.316,0.869231
25,0.834168,2,3,215.5,439.5,33.1109,394.631,0.876991
25,0.834168,4,3,464,392.25,314.602,351.975,0.693768
25,0.834168,5,2,549.226,346.22,419.857,307.213,0.767857
25,0.834168,7,4,698,304.68,622.797,261.388,0.6675
25,0.834168,8,4,603.5,276.5,495.781,232.055,0.754819
25,0.834168,9,3,624.5,257.283,527.292,209.216,0.80838
25,0.834168,10,3,784.5,245,763.643,189.855,0.832231
25,0.834168,11,4,370.571,234.429,169.745,188.981,0.741964
25,0.834168,12,3,666,232.175,591.235,177.45,0.8584
25,0.834168,13,3,335,184.857,106.244,127.839,0.842435
25,0.834168,14,3,575.5,156.833,463.229,79.404,0.821739
25,0.834168,15,3,617.781,152.562,530.277,71.2602,0.769145
25,0.834168,17,2,584.5,122.5,480,27.3209,0.69697
25,0.834168,6,1,436.2,384.6,279.943,345.274,0.730104
25,0.834168,18,2,288.6,311.4,81.8977,276.268,0.72695
25,0.834168,19,3,298.2,324.6,97.7524,289.511,0.613793
26,0.867534,1,3,836.438,441.012,769.589,392.316,0.869231
26,0.867534,2,3,215.5,439.5,33.1109,394.631,0.876991
26,0.867534,4,3,475,393.848,328.143,353.318,0.695894
26,0.867534,5,2,549.226,346.22,419.857,307.213,0.767857
26,0.867534,7,4,698,304.68,622.797,261.388,0.6675
26,0.867534,8,4,603.5,276.5,495.781,232.055,0.754819
26,0.867534,9,3,624.5,257.283,527.292,209.216,0.80838
26,0.867534,10,3,784.5,245,763.643,189.855,0.832231
26,0.867534,11,4,370.571,234.429,169.745,188.981,0.741964
26,0.867534,12,3,666,232.175,591.235,177.45,0.8584
26,0.867534,13,3,335,184.857,106.244,127.839,0.842435
26,0.867534,14,3,575.5,156.833,463.229,79.404,0.821739
26,0.867534,15,3,617.641,152.636,530.045,71.3748,0.768679
26,0.867534,17,2,584.5,122.5,480,27.3209,0.69697
26,0.867534,18,2,288.6,311.4,81.8977,276.268,0.723404
26,0.867534,6,1,437.4,384.6,281.409,345.261,0.986486
26,0.867534,19,3,298.2,324.6,97.7524,289.511,0.613793
27,0.900901,1,3,836.438,441.012,769.589,392.316,0.869231
27,0.900901,2,3,215.5,439.5,33.1109,394.631,0.876991
27,0.900901,4,3,486,395.652,341.687,354.847,0.736364
27,0.900901,6,4,438.735,388.794,283.489,349.083,0.856763
27,0.900901,5,2,549.226,346.22,419.857,307.213,0.767857
27,0.900901,7,4,698,304.68,622.797,261.388,0.6675
27,0.900901,8,4,603.5,276.5,495.781,232.055,0.754819
27,0.900901,9,3,624.5,257.283,527.292,209.216,0.80838
27,0.900901,10,3,784.5,245,763.643,189.855,0.832231
27,0.900901,11,4,370.571,234.429,169.745,188.981,0.741964
27,0.900901,12,3,666,232.175,591.235,177.45,0.8584
27,0.900901,13,3,335,184.857,106.244,127.839,0.842435
27,0.900901,14,3,575.5,156.833,463.229,79.404,0.821739
27,0.900901,15,3,617.641,152.636,530.045,71.3748,0.768679
27,0.900901,17,2,584.5,122.5,480,27.3209,0.69697
27,0.900901,18,2,288.6,311.4,81.8977,276.268,0.723404
27,0.900901,19,3,298.2,324.6,97.7524,289.511,0.613793
28,0.934268,1,3,836.438,441.012,769.589,392.316,0.869231
28,0.934268,2,3,215.5,439.5,33.1109,394.631,0.876991
28,0.934268,4,3,497,396.5,355.173,355.509,0.768156
28,0.934268,6,4,439,389,283.833,349.268,0.847483
28,0.934268,5,2,549.226,346.22,419.857,307.213,0.767857
28,0.934268,7,4,698,304.68,622.797,261.388,0.6675
28,0.934268,8,4,603.5,276.5,495.781,232.055,0.754819
28,0.934268,9,3,624.5,257.283,527.292,209.216,0.80838
28,0.934268,10,3,784.5,245,763.643,189.855,0.832231
28,0.934268,11,4,370.571,234.429,169.745,188.981,0.741964
28,0.934268,12,3,666,232.175,591.235,177.45,0.8584
28,0.934268,13,3,335,184.857,106.244,127.839,0.842435
28,0.934268,14,3,575.5,156.833,463.229,79.404,0.821739
28,0.934268,15,3,617.641,152.636,530.045,71.3748,0.768679
28,0.934268,17,2,584.5,122.5,480,27.3209,0.69697
28,0.934268,19,3,298.2,324.6,97.7524,289.511,0.613793
29,0.967634,1,3,836.438,441.012,769.589,392.316,0.869231
29,0.967634,2,3,215.5,439.5,33.1109,394.631,0.876991
29,0.967634,4,3,507.157,397.902,367.654,356.681,0.754227
29,0.967634,6,4,441.845,389.466,287.345,349.663,0.854348
29,0.967634,5,2,549.226,346.22,419.857,307.213,0.767857
29,0.967634,7,4,698,304.68,622.797,261.388,0.6675
29,0.967634,8,4,603.5,276.5,495.781,232.055,0.754819
29,0.967634,9,3,624.5,257.283,527.292,209.216,0.80838
29,0.967634,10,3,784.5,245,763.643,189.855,0.832231
29,0.967634,11,4,370.571,234.429,169.745,188.981,0.741964
29,0.967634,12,3,666,232.175,591.235,177.45,0.8584
29,0.967634,13,3,335,184.857,106.244,127.839,0.842435
29,0.967634,14,3,575.5,156.833,463.229,79.404,0.821739
29,0.967634,15,3,617.641,152.636,530.045,71.3748,0.768679
29,0.967634,17,2,584.5,122.5,480,27.3209,0.69697
29,0.967634,19,3,298.2,324.6,97.7524,289.511,0.613793
30,1.001,1,3,836.438,441.012,769.589,392.316,0.869231
30,1.001,2,3,215.5,439.5,33.1109,394.631,0.876991
30,1.001,4,3,528.056,400.5,393.312,358.831,0.751648
30,1.001,6,4,442.5,389.389,288.135,349.587,0.844521
30,1.001,5,2,549.226,346.22,419.857,307.213,0.767857
30,1.001,7,4,698,304.68,622.797,261.388,0.6675
30,1.001,8,4,603.5,276.5,495.781,232.055,0.754819
30,1.001,9,3,624.5,257.283,527.292,209.216,0.80838
30,1.001,10,3,784.5,245,763.643,189.855,0.832231
30,1.001,11,4,370.571,234.429,169.745,188.981,0.741964
30,1.001,12,3,666,232.175,591.235,177.45,0.8584
30,1.001,13,3,335,184.857,106.244,127.839,0.842435
30,1.001,14,3,575.5,156.833,463.229,79.404,0.821739
30,1.001,15,3,617.641,152.636,530.045,71.3748,0.768679
30,1.001,17,2,584.5,122.5,480,27.3209,0.69697
30,1.001,19,3,298.2,324.6,97.7524,289.511,0.613793
31,1.03437,1,3,835.964,440.831,769.05,392.162,0.875587
31,1.03437,2,3,215.5,439.5,33.1109,394.631,0.873451
31,1.03437,4,3,538,401.848,405.516,359.954,0.741642
31,1.03437,6,4,443,389.5,288.756,349.683,0.852752
31,1.03437,5,2,549.226,346.22,419.857,307.213,0.780612
31,1.03437,7,4,698.5,304.66,623.492,261.356,0.667949
31,1.03437,8,4,603.886,276.494,496.319,232.038,0.750301
31,1.03437,9,3,624.5,257.283,527.292,209.216,0.806145
31,1.03437,10,3,783.5,245.5,761.971,190.504,0.844928
31,1.03437,11,4,370.715,233.061,169.624,187.335,0.78822
31,1.03437,12,3,666,232.175,591.235,177.45,0.8568
31,1.03437,13,3,335,184.786,106.222,127.745,0.826354
31,1.03437,14,3,575.5,156.833,463.229,79.404,0.824638
31,1.03437,15,3,617.641,152.636,530.045,71.3748,0.777736
31,1.03437,17,2,584.591,122.5,480.148,27.3161,0.634921
31,1.03437,20,3,556.2,121.8,434.085,27.7175,0.778788
31,1.03437,18,2,288.6,312.6,82.2505,277.5,0.675676
31,1.03437,19,3,298.2,324.6,97.7524,289.511,0.613793
32,1.06773,1,3,835.964,440.831,769.05,392.162,0.875587
32,1.06773,2,3,215.273,438.818,32.6501,394.073,0.869874
32,1.06773,4,3,548,402.66,417.787,360.595,0.742857
32,1.06773,6,4,442.5,389,288.096,349.233,0.87561
32,1.06773,5,2,549.226,346.22,419.857,307.213,0.780612
32,1.06773,7,4,698.5,304.66,623.492,261.356,0.667949
32,1.06773,8,4,603.886,276.494,496.319,232.038,0.750301
32,1.06773,9,3,624.5,257.283,527.292,209.216,0.806145
32,1.06773,10,3,783.5,245.5,761.971,190.504,0.844928
32,1.06773,11,4,370.571,234.429,169.745,188.981,0.739732
32,1.06773,12,3,666,232.175,591.235,177.45,0.8584
32,1.06773,13,3,335,184.786,106.222,127.745,0.826354
32,1.06773,14,3,575.5,156.833,463.229,79.404,0.824638
32,1.06773,15,3,617.641,152.636,530.045,71.3748,0.777736
32,1.06773,17,2,584.682,123,480.255,28.0927,0.6
32,1.06773,20,3,558.645,123.252,437.995,29.8503,0.815676
32,1.06773,18,2,288.6,312.6,82.2505,277.5,0.675676
32,1.06773,19,3,298.2,324.6,97.7524,289.511,0.62069
33,1.1011,1,3,835.964,440.831,769.05,392.162,0.875587
33,1.1011,2,3,215.273,438.818,32.6501,394.073,0.869874
33,1.1011,4,3,556.5,404.109,428.209,361.821,0.736686
33,1.1011,6,4,442.5,389,288.096,349.233,0.859756
33,1.1011,5,2,549.226,346.22,419.857,307.213,0.780612
33,1.1011,7,4,698.5,304.66,623.492,261.356,0.667949
33,1.1011,8,4,603.886,276.494,496.319,232.038,0.750301
33,1.1011,9,3,624.5,257.283,527.292,209.216,0.806145
33,1.1011,10,3,783.5,245.5,761.971,190.504,0.844928
33,1.1011,11,4,370.571,234.429,169.745,188.981,0.739732
33,1.1011,12,3,666,232.175,591.235,177.45,0.8584
33,1.1011,13,3,335,184.786,106.222,127.745,0.826354
33,1.1011,14,3,575.5,156.833,463.229,79.404,0.824638
33,1.1011,15,3,617.641,152.636,530.045,71.3748,0.777736
33,1.1011,17,2,584.682,123,480.255,28.0927,0.6
33,1.1011,20,3,558.645,123.252,437.995,29.8503,0.815676
33,1.1011,19,3,298.2,324.6,97.7524,289.511,0.62069
34,1.13447,1,3,835.964,440.831,769.05,392.162,0.875587
34,1.13447,2,3,215.273,438.818,32.6501,394.073,0.869874
34,1.13447,4,3,575.5,406.125,451.517,363.464,0.726286
34,1.13447,6,4,442.5,388.5,288.044,348.777,0.874074
34,1.13447,5,2,549.226,346.22,419.857,307.213,0.780612
34,1.13447,7,4,698.5,304.66,623.492,261.356,0.667949
34,1.13447,8,4,603.886,276.494,496.319,232.038,0.750301
34,1.13447,9,3,624.5,257.283,527.292,209.216,0.806145
34,1.13447,10,3,783.5,245.5,761.971,190.504,0.844928
34,1.13447,11,4,370.571,234.429,169.745,188.981,0.739732
34,1.13447,12,3,666,232.175,591.235,177.45,0.8584
34,1.13447,13,3,335,184.786,106.222,127.745,0.826354
34,1.13447,14,3,575.5,156.833,463.229,79.404,0.824638
34,1.13447,15,3,617.641,152.636,530.045,71.3748,0.777736
34,1.13447,17,2,584.682,123,480.255,28.0927,0.6
34,1.13447,20,3,558.645,123.252,437.995,29.8503,0.815676
34,1.13447,18,2,288.6,311.4,81.8977,276.268,0.732639
34,1.13447,19,3,298.2,324.6,97.7524,289.511,0.606897
35,1.16783,1,3,835.964,440.831,769.05,392.162,0.875587
35,1.16783,2,3,215.273,438.818,32.6501,394.073,0.869874
35,1.16783,4,3,584.5,407.674,462.53,364.774,0.703571
35,1.16783,6,4,442,387.778,287.36,348.123,0.877506
35,1.16783,5,2,549.226,346.22,419.857,307.213,0.780612
35,1.16783,7,4,698.5,304.66,623.492,261.356,0.667949
35,1.16783,8,4,603.886,276.494,496.319,232.038,0.750301
35,1.16783,9,3,624.5,257.283,527.292,209.216,0.806145
35,1.16783,10,3,783.5,245.5,761.971,190.504,0.844928
35,1.16783,11,4,370.571,234.429,169.745,188.981,0.739732
35,1.16783,12,3,666,232.175,591.235,177.45,0.8584
35,1.16783,13,3,335,184.786,106.222,127.745,0.826354
35,1.16783,14,3,575.5,156.833,463.229,79.404,0.824638
35,1.16783,15,3,617.641,152.636,530.045,71.3748,0.777736
35,1.16783,17,2,584.682,123,480.255,28.0927,0.6
35,1.16783,20,3,558.645,123.252,437.995,29.8503,0.815676
35,1.16783,19,3,298.2,324.6,97.7524,289.511,0.606897
36,1.2012,1,3,836.094,440.719,769.247,392.064,0.869668
36,1.2012,2,3,214,437,30.6694,392.586,0.876371
36,1.2012,4,3,592.5,408.5,472.341,365.445,0.695652
36,1.2012,6,4,441.5,387.5,286.722,347.874,0.865848
36,1.2012,5,2,549.473,346.078,420.177,307.069,0.782828
36,1.2012,7,4,698.5,304.66,623.492,261.356,0.661538
36,1.2012,8,4,604.008,276.795,496.463,232.378,0.743146
36,1.2012,9,3,624.5,257.283,527.292,209.216,0.811732
36,1.2012,10,3,784,245,762.896,189.87,0.8341
36,1.2012,11,4,370.549,233.817,169.571,188.249,0.757317
36,1.2012,12,3,666.269,232.346,591.6,177.656,0.847059
36,1.2012,13,3,335,185,106.288,128.027,0.819454
36,1.2012,14,3,575.5,156.833,463.229,79.404,0.817391
36,1.2012,15,3,617.5,152.5,529.839,71.1812,0.775
36,1.2012,17,3,585,123,480.773,28.0759,0.687342
36,1.2012,20,3,557.5,121,436.215,26.4007,0.764789
36,1.2012,18,3,285,309,76.6279,273.863,0.5
37,1.23457,1,3,836.094,440.719,769.247,392.064,0.869668
37,1.23457,2,3,214,437,30.6694,392.586,0.876371
37,1.23457,21,3,373,425.385,210.088,381.868,0.804505
37,1.23457,4,3,601,409.5,482.758,366.267,0.702235
37,1.23457,6,4,441.406,387.156,286.572,347.561,0.853167
37,1.23457,5,2,549.473,346.078,420.177,307.069,0.782828
37,1.23457,7,4,698.5,304.66,623.492,261.356,0.661538
37,1.23457,8,4,604.008,276.795,496.463,232.378,0.743146
37,1.23457,9,3,624.5,257.283,527.292,209.216,0.811732
37,1.23457,10,3,784,245,762.896,189.87,0.8341
37,1.23457,11,4,370.549,233.817,169.571,188.249,0.757317
37,1.23457,12,3,666.269,232.346,591.6,177.656,0.847059
37,1.23457,13,3,335,185,106.288,128.027,0.819454
37,1.23457,14,3,575.5,156.833,463.229,79.404,0.817391
37,1.23457,15,3,617.5,152.5,529.839,71.1812,0.775
37,1.23457,17,3,585,123,480.773,28.0759,0.687342
37,1.23457,20,3,557.5,121,436.215,26.4007,0.764789
37,1.23457,18,3,286.2,310.2,78.5057,275.077,0.5
38,1.26793,1,3,836.094,440.719,769.247,392.064,0.869668
38,1.26793,2,3,214,437,30.6694,392.586,0.876371
38,1.26793,21,3,366.485,427.592,202.861,383.787,0.821693
38,1.26793,4,3,619,411.5,504.823,367.902,0.735754
38,1.26793,6,4,442,386.72,287.251,347.156,0.866471
38,1.26793,5,2,549.473,346.078,420.177,307.069,0.782828
38,1.26793,7,4,698.5,304.66,623.492,261.356,0.661538
38,1.26793,8,4,604.008,276.795,496.463,232.378,0.743146
38,1.26793,9,3,624.5,257.283,527.292,209.216,0.811732
38,1.26793,10,3,784,245,762.896,189.87,0.8341
38,1.26793,11,4,370.549,233.817,169.571,188.249,0.757317
38,1.26793,12,3,666.269,232.346,591.6,177.656,0.847059
38,1.26793,13,3,335,185,106.288,128.027,0.819454
38,1.26793,14,3,575.5,156.833,463.229,79.404,0.817391
38,1.26793,15,3,617.5,152.5,529.839,71.1812,0.775
38,1.26793,17,3,585,123,480.773,28.0759,0.687342
38,1.26793,20,3,557.5,121,436.215,26.4007,0.764789
38,1.26793,18,3,264.6,270.6,38.0193,233.306,0.854167
38,1.26793,19,3,313.8,324.6,117.326,289.256,0.62028
39,1.3013,1,3,836.094,440.719,769.247,392.064,0.869668
39,1.3013,2,3,214,437,30.6694,392.586,0.876371
39,1.3013,21,3,363.022,429.5,199.16,385.425,0.863934
39,1.3013,4,3,627.5,413.326,515.162,369.461,0.707143
39,1.3013,6,4,440.5,386.5,285.397,346.97,0.863657
39,1.3013,5,2,549.473,346.078,420.177,307.069,0.782828
39,1.3013,7,4,698.5,304.66,623.492,261.356,0.661538
39,1.3013,8,4,604.008,276.795,496.463,232.378,0.743146
39,1.3013,9,3,624.5,257.283,527.292,209.216,0.811732
39,1.3013,10,3,784,245,762.896,189.87,0.8341
39,1.3013,11,4,370.549,233.817,169.571,188.249,0.757317
39,1.3013,12,3,666.269,232.346,591.6,177.656,0.847059
39,1.3013,13,3,335,185,106.288,128.027,0.819454
39,1.3013,14,3,575.5,156.833,463.229,79.404,0.817391
39,1.3013,15,3,617.5,152.5,529.839,71.1812,0.775
39,1.3013,17,3,585,123,480.773,28.0759,0.687342
39,1.3013,20,3,557.5,121,436.215,26.4007,0.764789
40,1.33467,1,3,836.094,440.719,769.247,392.064,0.869668
40,1.33467,2,3,214,437,30.6694,392.586,0.876371
40,1.33467,21,3,360.5,432,196.666,387.548,0.881622
40,1.33467,4,3,636.5,414.109,526.207,370.084,0.709467
40,1.33467,6,4,440.707,385.879,285.584,346.4,0.861213
40,1.33467,5,2,549.473,346.078,420.177,307.069,0.782828
40,1.33467,7,4,698.5,304.66,623.492,261.356,0.661538
40,1.33467,8,4,604.008,276.795,496.463,232.378,0.743146
40,1.33467,9,3,624.5,257.283,527.292,209.216,0.811732
40,1.33467,10,3,784,245,762.896,189.87,0.8341
40,1.33467,11,4,370.549,233.817,169.571,188.249,0.757317
40,1.33467,12,3,666.269,232.346,591.6,177.656,0.847059
40,1.33467,13,3,335,185,106.288,128.027,0.819454
40,1.33467,14,3,575.5,156.833,463.229,79.404,0.817391
40,1.33467,15,3,617.5,152.5,529.839,71.1812,0.775
40,1.33467,17,3,585,123,480.773,28.0759,0.687342
40,1.33467,20,3,557.5,121,436.215,26.4007,0.764789
41,1.36803,1,3,836.094,440.719,769.247,392.064,0.869668
41,1.36803,2,3,214,437,30.6694,392.586,0.876371
41,1.36803,21,3,354.5,433.5,189.987,388.845,0.857447
41,1.36803,4,3,653.5,416.022,547.029,371.649,0.701163
41,1.36803,6,4,440.5,385.611,285.303,346.156,0.852511
41,1.36803,5,2,549.473,346.078,420.177,307.069,0.782828
41,1.36803,7,4,698.5,304.66,623.492,261.356,0.661538
41,1.36803,8,4,604.008,276.795,496.463,232.378,0.743146
41,1.36803,9,3,624.5,257.283,527.292,209.216,0.811732
41,1.36803,10,3,784,245,762.896,189.87,0.8341
41,1.36803,11,4,370.549,233.817,169.571,188.249,0.757317
41,1.36803,12,3,666.269,232.346,591.6,177.656,0.847059
41,1.36803,13,3,335,185,106.288,128.027,0.819454
41,1.36803,14,3,575.5,156.833,463.229,79.404,0.817391
41,1.36803,15,3,617.5,152.5,529.839,71.1812,0.775
41,1.36803,17,3,585,123,480.773,28.0759,0.687342
41,1.36803,20,3,557.5,121,436.215,26.4007,0.764789
42,1.4014,1,3,836.094,440.719,769.247,392.064,0.869668
42,1.4014,2,3,214,437,30.6694,392.586,0.876371
42,1.4014,21,3,352.5,433.5,187.676,388.858,0.856383
42,1.4014,4,3,662.484,417.675,557.95,373.046,0.7
42,1.4014,6,4,440.455,385.273,285.212,345.846,0.863559
42,1.4014,5,2,549.473,346.078,420.177,307.069,0.782828
42,1.4014,7,4,698.5,304.66,623.492,261.356,0.661538
42,1.4014,8,4,604.008,276.795,496.463,232.378,0.743146
42,1.4014,9,3,624.5,257.283,527.292,209.216,0.811732
42,1.4014,10,3,784,245,762.896,189.87,0.8341
42,1.4014,11,4,370.549,233.817,169.571,188.249,0.757317
42,1.4014,12,3,666.269,232.346,591.6,177.656,0.847059
42,1.4014,13,3,335,185,106.288,128.027,0.819454
42,1.4014,14,3,575.5,156.833,463.229,79.404,0.817391
42,1.4014,15,3,617.5,152.5,529.839,71.1812,0.775
42,1.4014,17,3,585,123,480.773,28.0759,0.687342
42,1.4014,20,3,557.5,121,436.215,26.4007,0.764789
42,1.4014,19,3,287.4,310.2,80.0248,275.056,0.5
43,1.43477,1,3,836.094,440.719,769.247,392.064,0.869668
43,1.43477,2,3,214,437,30.6694,392.586,0.876371
43,1.43477,21,3,348.62,432.5,183.011,388.043,0.868421
43,1.43477,4,3,679.5,419.1,578.847,374.178,0.692821
43,1.43477,6,4,440.209,384.628,284.844,345.257,0.869477
43,1.43477,5,2,549.473,346.078,420.177,307.069,0.782828
43,1.43477,7,4,698.5,304.66,623.492,261.356,0.661538
43,1.43477,8,4,604.008,276.795,496.463,232.378,0.744704
43,1.43477,9,3,624.5,257.283,527.292,209.216,0.811732
43,1.43477,10,3,784,245,762.896,189.87,0.8341
43,1.43477,11,4,370.549,233.817,169.571,188.249,0.757317
43,1.43477,12,3,666.269,232.346,591.6,177.656,0.847059
43,1.43477,13,3,335,185,106.288,128.027,0.819454
43,1.43477,14,3,575.5,156.833,463.229,79.404,0.817391
43,1.43477,15,3,617.5,152.5,529.839,71.1812,0.775
43,1.43477,17,3,585,123,480.773,28.0759,0.687342
43,1.43477,20,3,557.5,121,436.215,26.4007,0.764789
43,1.43477,19,3,287.4,310.2,80.0248,275.056,0.5
44,1.46813,1,3,836.094,440.719,769.247,392.064,0.869668
44,1.46813,2,3,214,437,30.6694,392.586,0.876371
44,1.46813,21,3,348.5,432.5,182.872,388.043,0.882292
44,1.46813,4,3,688.826,420.488,590.212,375.336,0.718283
44,1.46813,6,4,440.5,384.5,285.186,345.137,0.875232
44,1.46813,5,2,549.473,346.078,420.177,307.069,0.782828
44,1.46813,7,4,698.5,304.66,623.492,261.356,0.661538
44,1.46813,8,4,604.008,276.795,496.463,232.378,0.744704
44,1.46813,9,3,624.5,257.283,527.292,209.216,0.811732
44,1.46813,10,3,784,245,762.896,189.87,0.8341
44,1.46813,11,4,370.549,233.817,169.571,188.249,0.757317
44,1.46813,12,3,666.269,232.346,591.6,177.656,0.847059
44,1.46813,13,3,335,185,106.288,128.027,0.819454
44,1.46813,14,3,575.5,156.833,463.229,79.404,0.817391
44,1.46813,15,3,617.5,152.5,529.839,71.1812,0.775
44,1.46813,17,3,585,123,480.773,28.0759,0.687342
44,1.46813,20,3,557.5,121,436.215,26.4007,0.764789
44,1.46813,19,3,316.2,323.4,120.034,288.008,0.626582
45,1.5015,1,3,836.094,440.719,769.247,392.064,0.869668
45,1.5015,2,3,214,437,30.6694,392.586,0.876371
45,1.5015,21,3,347,430.889,180.84,386.698,0.89171
45,1.5015,4,3,697,421.935,600.13,376.554,0.715126
45,1.5015,6,4,439.5,383.833,283.893,344.535,0.873864
45,1.5015,5,2,549.473,346.078,420.177,307.069,0.782828
45,1.5015,7,4,698.5,304.66,623.492,261.356,0.661538
45,1.5015,8,4,604.008,276.795,496.463,232.378,0.744704
45,1.5015,9,3,624.5,257.283,527.292,209.216,0.811732
45,1.5015,10,3,784,245,762.896,189.87,0.8341
45,1.5015,11,4,370.549,233.817,169.571,188.249,0.757317
45,1.5015,12,3,666.269,232.346,591.6,177.656,0.847059
45,1.5015,13,3,335,185,106.288,128.027,0.819454
45,1.5015,14,3,575.5,156.833,463.229,79.404,0.817391
45,1.5015,15,3,617.5,152.5,529.839,71.1812,0.775
45,1.5015,17,3,585,123,480.773,28.0759,0.687342
45,1.5015,20,3,557.5,121,436.215,26.4007,0.764789
45,1.5015,19,4,329.4,313.8,134.312,278.01,0.680178
46,1.53487,1,3,836.094,440.719,769.247,392.064,0.869668
46,1.53487,2,3,214,437,30.6694,392.586,0.876371
46,1.53487,21,3,344.583,428.583,177.61,384.77,0.894764
46,1.53487,4,3,714.393,424,621.387,378.249,0.697778
46,1.53487,6,4,439.5,383.5,283.857,344.228,0.881473
46,1.53487,5,2,549.473,346.078,420.177,307.069,0.782828
46,1.53487,7,4,698.5,304.66,623.492,261.356,0.661538
46,1.53487,8,4,604.008,276.795,496.463,232.378,0.744704
46,1.53487,9,3,624.5,257.283,527.292,209.216,0.811732
46,1.53487,10,3,784,245,762.896,189.87,0.8341
46,1.53487,11,4,370.549,233.817,169.571,188.249,0.757317
46,1.53487,12,3,666.269,232.346,591.6,177.656,0.847059
46,1.53487,13,3,335,185,106.288,128.027,0.819454
46,1.53487,14,3,575.5,156.833,463.229,79.404,0.817391
46,1.53487,15,3,617.5,152.5,529.839,71.1812,0.775
46,1.53487,17,3,585,123,480.773,28.0759,0.687342
46,1.53487,20,3,557.5,121,436.215,26.4007,0.764789
47,1.56823,1,3,836.094,440.719,769.247,392.064,0.869668
47,1.56823,2,3,214,437,30.6694,392.586,0.876371
47,1.56823,21,3,343.311,427.689,175.966,384.022,0.884466
47,1.56823,4,3,723.821,424.607,633.005,378.715,0.700536
47,1.56823,6,4,439,383.222,283.216,343.978,0.877506
47,1.56823,5,2,549.473,346.078,420.177,307.069,0.782828
47,1.56823,7,4,698.5,304.66,623.492,261.356,0.661538
47,1.56823,8,4,604.008,276.795,496.463,232.378,0.744704
47,1.56823,9,3,624.5,257.283,527.292,209.216,0.811732
47,1.56823,10,3,784,245,762.896,189.87,0.8341
47,1.56823,11,4,370.549,233.817,169.571,188.249,0.757317
47,1.56823,12,3,666.269,232.346,591.6,177.656,0.847059
47,1.56823,13,3,335,185,106.288,128.027,0.819454
47,1.56823,14,3,575.5,156.833,463.229,79.404,0.817391
47,1.56823,15,3,617.5,152.5,529.839,71.1812,0.775
47,1.56823,17,3,585,123,480.773,28.0759,0.687342
47,1.56823,20,3,557.5,121,436.215,26.4007,0.764789
47,1.56823,22,3,287.4,307.8,79.3122,272.58,0.521053
48,1.6016,1,3,836.094,440.719,769.247,392.064,0.869668
48,1.6016,2,3,214,437,30.6694,392.586,0.876371
48,1.6016,4,3,741.5,426.9,654.569,380.608,0.714815
48,1.6016,21,3,342,425.826,174.09,382.453,0.837529
48,1.6016,6,4,438.791,382.628,282.896,343.433,0.870665
48,1.6016,5,2,549,346,419.567,306.998,0.792208
48,1.6016,7,4,699,304.68,624.179,261.368,0.66
48,1.6016,8,4,604.008,276.795,496.463,232.378,0.746262
48,1.6016,9,3,624.5,257.283,527.292,209.216,0.810615
48,1.6016,10,3,783.5,246,761.792,191.122,0.846667
48,1.6016,11,4,370.571,234.429,169.745,188.981,0.741964
48,1.6016,12,3,666.269,232.346,591.6,177.656,0.848529
48,1.6016,13,3,335,185,106.288,128.027,0.820819
48,1.6016,14,3,575.5,156.833,463.229,79.404,0.815942
48,1.6016,15,3,617.5,152.405,529.852,71.0412,0.770313
48,1.6016,17,2,585.5,122.5,481.629,27.2682,0.69697
48,1.6016,20,3,557.5,121,436.215,26.4007,0.776056
48,1.6016,22,3,287.4,307.8,79.3122,272.58,0.510127
49,1.63497,1,3,836.094,440.719,769.247,392.064,0.869668
49,1.63497,2,3,214,437,30.6694,392.586,0.876371
49,1.63497,4,3,749.5,428.022,664.305,381.538,0.67907
49,1.63497,21,3,340.5,425.02,172.193,381.779,0.813656
49,1.63497,6,4,439,382.5,283.138,343.313,0.865367
49,1.63497,5,2,549,346,419.567,306.998,0.792208
49,1.63497,7,4,699,304.68,624.179,261.368,0.66
49,1.63497,8,4,604.008,276.795,496.463,232.378,0.746262
49,1.63497,9,3,624.5,257.283,527.292,209.216,0.810615
49,1.63497,10,3,783.5,246,761.792,191.122,0.846667
49,1.63497,11,4,370.571,234.429,169.745,188.981,0.741964
49,1.63497,12,3,666.269,232.346,591.6,177.656,0.848529
49,1.63497,13,3,335,185,106.288,128.027,0.820819
49,1.63497,14,3,575.5,156.833,463.229,79.404,0.815942
49,1.63497,15,3,617.5,152.405,529.852,71.0412,0.770313
49,1.63497,17,2,585.5,122.5,481.629,27.2682,0.69697
49,1.63497,20,3,557.5,121,436.215,26.4007,0.776056
49,1.63497,22,2,299.4,318.6,97.5933,283.433,0.614583
50,1.66834,1,3,836.094,440.719,769.247,392.064,0.869668
50,1.66834,2,3,214,437,30.6694,392.586,0.876371
50,1.66834,4,3,757.5,427.5,674.408,381.022,0.682653
50,1.66834,6,4,439,382.28,283.115,343.111,0.854706
50,1.66834,5,2,549,346,419.567,306.998,0.792208
50,1.66834,7,4,699,304.68,624.179,261.368,0.66
50,1.66834,8,4,604.008,276.795,496.463,232.378,0.746262
50,1.66834,9,3,624.5,257.283,527.292,209.216,0.810615
50,1.66834,10,3,783.5,246,761.792,191.122,0.846667
50,1.66834,11,4,370.571,234.429,169.745,188.981,0.741964
50,1.66834,12,3,666.269,232.346,591.6,177.656,0.848529
50,1.66834,13,3,335,185,106.288,128.027,0.820819
50,1.66834,14,3,575.5,156.833,463.229,79.404,0.815942
50,1.66834,15,3,617.5,152.405,529.852,71.0412,0.770313
50,1.66834,17,2,585.5,122.5,481.629,27.2682,0.69697
50,1.66834,20,3,557.5,121,436.215,26.4007,0.776056
50,1.66834,22,3,287.4,307.8,79.3122,272.58,0.5
51,1.7017,1,3,836.094,440.719,769.247,392.064,0.863981
51,1.7017,2,3,215.021,438.489,32.2684,393.804,0.87479
51,1.7017,4,3,775.07,428.799,696.082,382.042,0.713166
51,1.7017,6,4,437.944,381.5,281.737,342.403,0.873394
51,1.7017,5,2,549,346,419.567,306.998,0.792208
51,1.7017,7,4,699,304.68,624.179,261.368,0.66
51,1.7017,8,4,604.008,276.795,496.463,232.378,0.746262
51,1.7017,9,3,624.5,257.283,527.292,209.216,0.810615
51,1.7017,10,3,783.5,246,761.792,191.122,0.846667
51,1.7017,11,4,370.571,234.429,169.745,188.981,0.741964
51,1.7017,12,3,666.269,232.346,591.6,177.656,0.848529
51,1.7017,13,3,335,185,106.288,128.027,0.820819
51,1.7017,14,3,575.5,156.833,463.229,79.404,0.815942
51,1.7017,15,3,617.5,152.405,529.852,71.0412,0.770313
51,1.7017,17,2,585.5,122.5,481.629,27.2682,0.69697
51,1.7017,20,3,557.5,121,436.215,26.4007,0.776056
52,1.73507,1,3,836.094,440.719,769.247,392.064,0.863981
52,1.73507,2,3,215.021,438.489,32.2684,393.804,0.87479
52,1.73507,4,3,783.767,430.233,706.616,383.243,0.6879
52,1.73507,6,4,437.959,381.369,281.741,342.281,0.856561
52,1.73507,5,2,549,346,419.567,306.998,0.792208
52,1.73507,7,4,699,304.68,624.179,261.368,0.66
52,1.73507,8,4,604.008,276.795,496.463,232.378,0.746262
52,1.73507,9,3,624.5,257.283,527.292,209.216,0.810615
52,1.73507,10,3,783.5,246,761.792,191.122,0.846667
52,1.73507,11,4,370.571,234.429,169.745,188.981,0.741964
52,1.73507,12,3,666.269,232.346,591.6,177.656,0.848529
52,1.73507,13,3,335,185,106.288,128.027,0.820819
52,1.73507,14,3,575.5,156.833,463.229,79.404,0.815942
52,1.73507,15,3,617.5,152.405,529.852,71.0412,0.770313
52,1.73507,17,2,585.5,122.5,481.629,27.2682,0.69697
52,1.73507,20,3,557.5,121,436.215,26.4007,0.776056
52,1.73507,22,3,311.4,319.8,113.045,284.447,0.662025
53,1.76844,1,3,834,441.5,766.386,392.754,0.869925
53,1.76844,2,3,215.021,438.489,32.2684,393.804,0.87479
53,1.76844,4,3,803.109,433.5,729.993,385.979,0.690857
53,1.76844,6,4,438,380.827,281.732,341.781,0.862354
53,1.76844,5,2,549,346,419.567,306.998,0.792208
53,1.76844,7,4,699,304.68,624.179,261.368,0.66
53,1.76844,8,4,604.008,276.795,496.463,232.378,0.746262
53,1.76844,9,3,624.5,257.283,527.292,209.216,0.810615
53,1.76844,10,3,783.5,246,761.792,191.122,0.846667
53,1.76844,11,4,370.571,234.429,169.745,188.981,0.741964
53,1.76844,12,3,666.269,232.346,591.6,177.656,0.848529
53,1.76844,13,3,335,185,106.288,128.027,0.820819
53,1.76844,14,3,575.5,156.833,463.229,79.404,0.815942
53,1.76844,15,3,617.5,152.405,529.852,71.0412,0.770313
53,1.76844,17,2,585.5,122.5,481.629,27.2682,0.69697
53,1.76844,20,3,557.5,121,436.215,26.4007,0.776056
53,1.76844,22,3,286.2,305.4,77.071,270.116,0.507273
54,1.8018,2,3,215.021,438.489,32.2684,393.804,0.87479
54,1.8018,6,4,438,380.5,281.697,341.479,0.876835
54,1.8018,5,2,549,346,419.567,306.998,0.792208
54,1.8018,7,4,699,304.68,624.179,261.368,0.66
54,1.8018,8,4,604.008,276.795,496.463,232.378,0.746262
54,1.8018,9,3,624.5,257.283,527.292,209.216,0.810615
54,1.8018,10,3,783.5,246,761.792,191.122,0.846667
54,1.8018,11,4,370.571,234.429,169.745,188.981,0.741964
54,1.8018,12,3,666.269,232.346,591.6,177.656,0.848529
54,1.8018,13,3,335,185,106.288,128.027,0.820819
54,1.8018,14,3,575.5,156.833,463.229,79.404,0.815942
54,1.8018,15,3,617.5,152.405,529.852,71.0412,0.770313
54,1.8018,17,2,585.5,122.5,481.629,27.2682,0.69697
54,1.8018,20,3,557.5,121,436.215,26.4007,0.776056
55,1.83517,1,3,835,440,768.096,391.446,0.871536
55,1.83517,2,3,215.021,438.489,32.2684,393.804,0.87479
55,1.83517,4,3,803,436,729.174,388.165,0.754441
55,1.83517,6,4,438,380.28,281.673,341.275,0.851177
55,1.83517,5,2,549,346,419.567,306.998,0.792208
55,1.83517,7,4,699,304.68,624.179,261.368,0.66
55,1.83517,8,4,604.008,276.795,496.463,232.378,0.746262
55,1.83517,9,3,624.5,257.283,527.292,209.216,0.810615
55,1.83517,10,3,783.5,246,761.792,191.122,0.846667
55,1.83517,11,4,370.571,234.429,169.745,188.981,0.741964
55,1.83517,12,3,666.269,232.346,591.6,177.656,0.848529
55,1.83517,13,3,335,185,106.288,128.027,0.820819
55,1.83517,14,3,575.5,156.833,463.229,79.404,0.815942
55,1.83517,15,3,617.5,152.405,529.852,71.0412,0.770313
55,1.83517,17,2,585.5,122.5,481.629,27.2682,0.69697
55,1.83517,20,3,557.5,121,436.215,26.4007,0.776056
55,1.83517,22,3,286.2,305.4,77.071,270.116,0.5
55,1.83517,19,3,298.2,318.6,96.0818,283.453,0.613793
56,1.86854,1,3,834.5,440,767.469,391.449,0.873519
56,1.86854,4,3,799.5,439,723.993,390.796,0.795808
56,1.86854,2,3,215.021,438.489,32.2684,393.804,0.87479
56,1.86854,6,4,437.5,380.06,281.036,341.077,0.855425
56,1.86854,5,2,549,346,419.567,306.998,0.792208
56,1.86854,7,4,699,304.68,624.179,261.368,0.66
56,1.86854,8,4,604.008,276.795,496.463,232.378,0.746262
56,1.86854,9,3,624.5,257.283,527.292,209.216,0.810615
56,1.86854,10,3,783.5,246,761.792,191.122,0.846667
56,1.86854,11,4,370.571,234.429,169.745,188.981,0.739732
56,1.86854,12,3,666.269,232.346,591.6,177.656,0.848529
56,1.86854,13,3,335,185,106.288,128.027,0.820819
56,1.86854,14,3,575.5,156.833,463.229,79.404,0.815942
56,1.86854,15,3,617.5,152.405,529.852,71.0412,0.770313
56,1.86854,17,2,585.5,122.5,481.629,27.2682,0.69697
56,1.86854,20,3,557.5,121,436.215,26.4007,0.776056
57,1.9019,1,3,834.5,440,767.469,391.449,0.873519
57,1.9019,4,3,797.609,440,721.37,391.675,0.833993
57,1.9019,2,3,215.021,438.489,32.2684,393.804,0.87479
57,1.9019,6,4,436.772,379.911,280.127,340.947,0.857078
57,1.9019,5,2,549,346,419.567,306.998,0.792208
57,1.9019,7,4,699,304.68,624.179,261.368,0.66
57,1.9019,8,4,604.008,276.795,496.463,232.378,0.746262
57,1.9019,9,3,624.5,257.283,527.292,209.216,0.810615
57,1.9019,10,3,783.5,246,761.792,191.122,0.846667
57,1.9019,11,4,370.571,234.429,169.745,188.981,0.739732
57,1.9019,12,3,666.269,232.346,591.6,177.656,0.848529
57,1.9019,13,3,335,185,106.288,128.027,0.820819
57,1.9019,14,3,575.5,156.833,463.229,79.404,0.815942
57,1.9019,15,3,617.5,152.405,529.852,71.0412,0.770313
57,1.9019,17,2,585.5,122.5,481.629,27.2682,0.69697
57,1.9019,20,3,557.5,121,436.215,26.4007,0.776056
57,1.9019,22,3,285,301.8,74.4568,266.389,0.5
58,1.93527,1,3,834.5,440,767.469,391.449,0.873519
58,1.93527,4,3,800.7,440.233,725.158,391.858,0.787582
58,1.93527,2,3,215.021,438.489,32.2684,393.804,0.87479
58,1.93527,6,4,436.583,379.292,279.826,340.376,0.874455
58,1.93527,5,2,549,346,419.567,306.998,0.792208
58,1.93527,7,4,699,304.68,624.179,261.368,0.66
58,1.93527,8,4,604.008,276.795,496.463,232.378,0.746262
58,1.93527,9,3,624.5,257.283,527.292,209.216,0.810615
58,1.93527,10,3,783.5,246,761.792,191.122,0.846667
58,1.93527,11,4,370.571,234.429,169.745,188.981,0.739732
58,1.93527,12,3,666.269,232.346,591.6,177.656,0.848529
58,1.93527,13,3,335,185,106.288,128.027,0.820819
58,1.93527,14,3,575.5,156.833,463.229,79.404,0.815942
58,1.93527,15,3,617.5,152.405,529.852,71.0412,0.770313
58,1.93527,17,2,585.5,122.5,481.629,27.2682,0.69697
58,1.93527,20,3,557.5,121,436.215,26.4007,0.776056
58,1.93527,21,3,325.8,401.4,150.15,361.45,0.878378
59,1.96864,1,3,834.5,440,767.469,391.449,0.873519
59,1.96864,2,3,215.021,438.489,32.2684,393.804,0.87479
59,1.96864,4,3,805.375,437.5,731.733,389.456,0.752571
59,1.96864,6,4,436.5,379,279.692,340.107,0.864634
59,1.96864,5,2,549,346,419.567,306.998,0.792208
59,1.96864,7,4,699,304.68,624.179,261.368,0.66
59,1.96864,8,4,604.008,276.795,496.463,232.378,0.746262
59,1.96864,9,3,624.5,257.283,527.292,209.216,0.810615
59,1.96864,10,3,783.5,246,761.792,191.122,0.846667
59,1.96864,11,4,370.571,234.429,169.745,188.981,0.739732
59,1.96864,12,3,666.269,232.346,591.6,177.656,0.848529
59,1.96864,13,3,335,185,106.288,128.027,0.820819
59,1.96864,14,3,575.5,156.833,463.229,79.404,0.815942
59,1.96864,15,3,617.5,152.405,529.852,71.0412,0.770313
59,1.96864,17,2,585.5,122.5,481.629,27.2682,0.69697
59,1.96864,20,3,557.5,121,436.215,26.4007,0.776056
60,2.002,2,3,215.902,439.641,33.6049,394.744,0.879661
60,2.002,6,4,436.5,378.885,279.679,340,0.880049
60,2.002,5,2,549,346,419.567,306.998,0.792208
60,2.002,7,4,698.5,304.66,623.492,261.356,0.670513
60,2.002,8,4,604.008,276.795,496.463,232.378,0.747819
60,2.002,9,3,624.5,257.283,527.292,209.216,0.810615
60,2.002,10,3,783.5,246,761.792,191.122,0.840741
60,2.002,11,4,370.571,234.429,169.745,188.981,0.7375
60,2.002,12,3,666.269,232.346,591.6,177.656,0.844118
60,2.002,13,3,335,185,106.288,128.027,0.819454
60,2.002,14,3,575.5,156.833,463.229,79.404,0.818841
60,2.002,15,3,617.5,152.5,529.839,71.1812,0.771875
60,2.002,17,2,585.5,122.5,481.629,27.2682,0.69697
60,2.002,20,3,557.5,121,436.215,26.4007,0.776056
61,2.03537,2,3,215.902,439.641,33.6049,394.744,0.879661
61,2.03537,6,4,436,378.5,279.023,339.649,0.869512
61,2.03537,5,2,549,346,419.567,306.998,0.792208
61,2.03537,7,4,698.5,304.66,623.492,261.356,0.670513
61,2.03537,8,4,604.008,276.795,496.463,232.378,0.747819
61,2.03537,9,3,624.5,257.283,527.292,209.216,0.810615
61,2.03537,10,3,783.5,246,761.792,191.122,0.840741
61,2.03537,11,4,370.571,234.429,169.745,188.981,0.7375
61,2.03537,12,3,666.269,232.346,591.6,177.656,0.844118
61,2.03537,13,3,335,185,106.288,128.027,0.819454
61,2.03537,14,3,575.5,156.833,463.229,79.404,0.818841
61,2.03537,15,3,617.5,152.5,529.839,71.1812,0.771875
61,2.03537,17,2,585.5,122.5,481.629,27.2682,0.69697
61,2.03537,20,3,557.5,121,436.215,26.4007,0.776056
61,2.03537,22,3,283.8,297,71.4573,261.376,0.5
62,2.06874,2,3,215.902,439.641,33.6049,394.744,0.879661
62,2.06874,6,4,436,378.5,279.023,339.649,0.870732
62,2.06874,5,2,549,346,419.567,306.998,0.792208
62,2.06874,7,4,698.5,304.66,623.492,261.356,0.670513
62,2.06874,8,4,604.008,276.795,496.463,232.378,0.747819
62,2.06874,9,3,624.5,257.283,527.292,209.216,0.810615
62,2.06874,10,3,783.5,246,761.792,191.122,0.840741
62,2.06874,11,4,370.571,234.429,169.745,188.981,0.7375
62,2.06874,12,3,666.269,232.346,591.6,177.656,0.844118
62,2.06874,13,3,335,185,106.288,128.027,0.819454
62,2.06874,14,3,575.5,156.833,463.229,79.404,0.818841
62,2.06874,15,3,617.5,152.5,529.839,71.1812,0.771875
62,2.06874,17,2,585.5,122.5,481.629,27.2682,0.69697
62,2.06874,20,3,557.5,121,436.215,26.4007,0.776056
62,2.06874,19,2,295.8,306.6,89.6321,271.184,0.584775
62,2.06874,4,3,811.8,427.8,742.522,380.899,0.9
62,2.06874,22,3,282.6,295.8,69.5504,260.133,0.5
63,2.1021,2,3,215.902,439.641,33.6049,394.744,0.879661
63,2.1021,6,4,436.096,378.138,279.1,339.312,0.851205
63,2.1021,5,2,549,346,419.567,306.998,0.792208
63,2.1021,7,4,698.5,304.66,623.492,261.356,0.670513
63,2.1021,8,4,604.008,276.795,496.463,232.378,0.747819
63,2.1021,9,3,624.5,257.283,527.292,209.216,0.810615
63,2.1021,10,3,783.5,246,761.792,191.122,0.840741
63,2.1021,11,4,370.571,234.429,169.745,188.981,0.7375
63,2.1021,12,3,666.269,232.346,591.6,177.656,0.844118
63,2.1021,13,3,335,185,106.288,128.027,0.819454
63,2.1021,14,3,575.5,156.833,463.229,79.404,0.818841
63,2.1021,15,3,617.5,152.5,529.839,71.1812,0.771875
63,2.1021,17,2,585.5,122.5,481.629,27.2682,0.69697
63,2.1021,20,3,557.5,121,436.215,26.4007,0.776056
64,2.13547,2,3,215.902,439.641,33.6049,394.744,0.879661
64,2.13547,6,4,435.5,377.685,278.318,338.898,0.864516
64,2.13547,5,2,549,346,419.567,306.998,0.794805
64,2.13547,7,4,698.5,304.66,623.492,261.356,0.670513
64,2.13547,8,4,604.008,276.795,496.463,232.378,0.747819
64,2.13547,9,3,624.5,257.283,527.292,209.216,0.810615
64,2.13547,10,3,783.5,246,761.792,191.122,0.840741
64,2.13547,11,4,370.571,234.429,169.745,188.981,0.7375
64,2.13547,12,3,666.269,232.346,591.6,177.656,0.844118
64,2.13547,13,3,335,185,106.288,128.027,0.819454
64,2.13547,14,3,575.5,156.833,463.229,79.404,0.818841
64,2.13547,15,3,617.5,152.5,529.839,71.1812,0.771875
64,2.13547,17,2,585.5,122.5,481.629,27.2682,0.69697
64,2.13547,20,3,557.5,121,436.215,26.4007,0.776056
65,2.16884,2,3,215.902,439.641,33.6049,394.744,0.879661
65,2.16884,6,4,435.5,377.389,278.284,338.623,0.875829
65,2.16884,5,2,549,346,419.567,306.998,0.794805
65,2.16884,7,4,698.5,304.66,623.492,261.356,0.670513
65,2.16884,8,4,604.008,276.795,496.463,232.378,0.747819
65,2.16884,9,3,624.5,257.283,527.292,209.216,0.810615
65,2.16884,10,3,783.5,246,761.792,191.122,0.840741
65,2.16884,11,4,370.571,234.429,169.745,188.981,0.7375
65,2.16884,12,3,666.269,232.346,591.6,177.656,0.844118
65,2.16884,13,3,335,185,106.288,128.027,0.819454
65,2.16884,14,3,575.5,156.833,463.229,79.404,0.818841
65,2.16884,15,3,617.5,152.5,529.839,71.1812,0.771875
65,2.16884,17,2,585.5,122.5,481.629,27.2682,0.69697
65,2.16884,20,3,557.5,121,436.215,26.4007,0.776056
65,2.16884,4,3,803.4,436.2,729.62,388.337,0.735461
66,2.2022,2,3,215.902,439.641,33.6049,394.744,0.879661
66,2.2022,6,4,435,377.135,277.641,338.392,0.862048
66,2.2022,5,2,549,346,419.567,306.998,0.794805
66,2.2022,7,4,698.5,304.66,623.492,261.356,0.670513
66,2.2022,8,4,604.008,276.795,496.463,232.378,0.747819
66,2.2022,9,3,624.5,257.283,527.292,209.216,0.810615
66,2.2022,10,3,783.5,246,761.792,191.122,0.840741
66,2.2022,11,4,370.571,234.429,169.745,188.981,0.7375
66,2.2022,12,3,666.269,232.346,591.6,177.656,0.844118
66,2.2022,13,3,335,185,106.288,128.027,0.82355
66,2.2022,14,3,575.5,156.833,463.229,79.404,0.818841
66,2.2022,15,3,617.5,152.5,529.839,71.1812,0.771875
66,2.2022,17,2,585.5,122.5,481.629,27.2682,0.69697
66,2.2022,20,3,557.5,121,436.215,26.4007,0.776056
66,2.2022,19,3,305.4,303,100.853,267.258,0.615789
66,2.2022,22,3,281.4,287.4,65.381,251.219,0.507407
67,2.23557,1,3,832,439,764.638,390.595,0.885981
67,2.23557,2,3,215.902,439.641,33.6049,394.744,0.879661
67,2.23557,4,3,803.5,438.5,729.118,390.338,0.751892
67,2.23557,6,4,435,376.865,277.611,338.142,0.881325
67,2.23557,5,2,549,346,419.567,306.998,0.794805
67,2.23557,7,4,698.5,304.66,623.492,261.356,0.670513
67,2.23557,8,4,604.008,276.795,496.463,232.378,0.747819
67,2.23557,9,3,624.5,257.283,527.292,209.216,0.810615
67,2.23557,10,3,783.5,246,761.792,191.122,0.840741
67,2.23557,11,4,370.571,234.429,169.745,188.981,0.7375
67,2.23557,12,3,666.269,232.346,591.6,177.656,0.844118
67,2.23557,13,3,335,185,106.288,128.027,0.824915
67,2.23557,14,3,575.5,156.833,463.229,79.404,0.818841
67,2.23557,15,3,617.5,152.5,529.839,71.1812,0.771875
67,2.23557,17,2,585.5,122.5,481.629,27.2682,0.69697
67,2.23557,20,3,557.5,121,436.215,26.4007,0.776056
68,2.26894,1,3,832.5,439,765.265,390.592,0.885075
68,2.26894,4,3,802.5,437.5,728.141,389.475,0.769149
68,2.26894,2,3,215.902,439.641,33.6049,394.744,0.879661
68,2.26894,21,3,310.5,396,130.866,356.807,0.794915
68,2.26894,6,4,435,376.865,277.611,338.142,0.869277
68,2.26894,5,2,549,346,419.567,306.998,0.794805
68,2.26894,7,4,698.5,304.66,623.492,261.356,0.670513
68,2.26894,8,4,604.008,276.795,496.463,232.378,0.747819
68,2.26894,9,3,624.5,257.283,527.292,209.216,0.810615
68,2.26894,10,3,783.5,246,761.792,191.122,0.840741
68,2.26894,11,4,370.571,234.429,169.745,188.981,0.7375
68,2.26894,12,3,666.269,232.346,591.6,177.656,0.833824
68,2.26894,13,3,335,185,106.288,128.027,0.82355
68,2.26894,14,3,575.5,156.833,463.229,79.404,0.818841
68,2.26894,15,3,617.5,152.5,529.839,71.1812,0.771875
68,2.26894,17,2,585.5,122.5,481.629,27.2682,0.69697
68,2.26894,20,3,557.5,121,436.215,26.4007,0.776056
68,2.26894,19,3,292.2,300.6,83.2875,264.997,0.652941
69,2.3023,4,3,800,438.5,724.75,390.359,0.786197
69,2.3023,2,3,215.902,439.641,33.6049,394.744,0.879661
69,2.3023,6,4,435,376.68,277.59,337.97,0.875
69,2.3023,5,2,549,346,419.567,306.998,0.794805
69,2.3023,7,4,698.5,304.66,623.492,261.356,0.670513
69,2.3023,8,4,604.008,276.795,496.463,232.378,0.747819
69,2.3023,9,3,624.5,257.283,527.292,209.216,0.810615
69,2.3023,10,3,783.5,246,761.792,191.122,0.840741
69,2.3023,11,4,370.571,234.429,169.745,188.981,0.7375
69,2.3023,12,3,666.269,232.346,591.6,177.656,0.833824
69,2.3023,13,3,335,185,106.288,128.027,0.82355
69,2.3023,14,3,575.5,156.833,463.229,79.404,0.818841
69,2.3023,15,3,617.5,152.5,529.839,71.1812,0.771875
69,2.3023,17,2,585.5,122.5,481.629,27.2682,0.681818
69,2.3023,20,3,557.5,121,436.215,26.4007,0.776056
70,2.33567,4,3,799,439.5,723.236,391.233,0.79711
70,2.33567,2,3,215.902,439.641,33.6049,394.744,0.879661
70,2.33567,6,4,434.5,376.5,276.955,337.808,0.850926
70,2.33567,5,2,549,346,419.567,306.998,0.794805
70,2.33567,7,4,698.5,304.66,623.492,261.356,0.670513
70,2.33567,8,4,604.008,276.795,496.463,232.378,0.747819
70,2.33567,9,3,624.5,257.283,527.292,209.216,0.810615
70,2.33567,10,3,783.5,246,761.792,191.122,0.840741
70,2.33567,11,4,370.571,234.429,169.745,188.981,0.7375
70,2.33567,12,3,666.269,232.346,591.6,177.656,0.833824
70,2.33567,13,3,335,185,106.288,128.027,0.82355
70,2.33567,14,3,575.5,156.833,463.229,79.404,0.818841
70,2.33567,15,3,617.5,152.5,529.839,71.1812,0.771875
70,2.33567,17,2,585.5,122.5,481.629,27.2682,0.681818
70,2.33567,20,3,557.5,121,436.215,26.4007,0.776056
71,2.36904,1,3,833,439,765.892,390.589,0.884169
71,2.36904,4,3,797,438.5,721.008,390.378,0.804651
71,2.36904,2,3,215.902,439.641,33.6049,394.744,0.879661
71,2.36904,6,4,434.5,376.269,276.929,337.593,0.879657
71,2.36904,5,2,549,346,419.567,306.998,0.794805
71,2.36904,7,4,698.5,304.66,623.492,261.356,0.670513
71,2.36904,8,4,604.008,276.795,496.463,232.378,0.747819
71,2.36904,9,3,624.5,257.283,527.292,209.216,0.810615
71,2.36904,10,3,783.5,246,761.792,191.122,0.840741
71,2.36904,11,4,370.571,234.429,169.745,188.981,0.7375
71,2.36904,12,3,666.269,232.346,591.6,177.656,0.835294
71,2.36904,13,3,335,185,106.288,128.027,0.82355
71,2.36904,14,3,575.5,156.833,463.229,79.404,0.818841
71,2.36904,15,3,617.5,152.5,529.839,71.1812,0.771875
71,2.36904,17,2,585.5,122.5,481.629,27.2682,0.681818
71,2.36904,20,3,557.5,121,436.215,26.4007,0.776056
72,2.4024,1,3,835,440,768.096,391.446,0.87603
72,2.4024,4,3,795.5,440,718.744,391.688,0.796104
72,2.4024,2,3,215.607,438.558,32.9469,393.858,0.883012
72,2.4024,21,3,305,390.125,122.961,351.614,0.824528
72,2.4024,6,4,434.265,376.206,276.632,337.537,0.865217
72,2.4024,5,2,549,346,419.567,306.998,0.792208
72,2.4024,7,4,698.5,304.66,623.492,261.356,0.665385
72,2.4024,8,4,604.008,276.795,496.463,232.378,0.747819
72,2.4024,9,3,624.5,257.283,527.292,209.216,0.810615
72,2.4024,10,3,783.5,246,761.792,191.122,0.843704
72,2.4024,11,4,370,234,168.856,188.484,0.741111
72,2.4024,12,3,665.97,232.211,591.184,177.496,0.823188
72,2.4024,13,3,335,185,106.288,128.027,0.818089
72,2.4024,14,3,575.5,156.833,463.229,79.404,0.814493
72,2.4024,15,3,617.5,152.5,529.839,71.1812,0.771875
72,2.4024,17,2,585,123.5,480.733,28.8564,0.584416
72,2.4024,20,3,558.165,123.47,437.212,30.2142,0.782486
72,2.4024,22,3,276.6,267,52.5091,229.038,0.5
73,2.43577,1,3,835,440,768.096,391.446,0.87603
73,2.43577,4,3,795.5,439.5,718.875,391.255,0.8
73,2.43577,2,3,215.607,438.558,32.9469,393.858,0.883012
73,2.43577,21,3,303,388.125,120.103,349.837,0.825367
73,2.43577,6,4,434.057,375.325,276.277,336.719,0.889243
73,2.43577,5,2,549,346,419.567,306.998,0.792208
73,2.43577,7,4,698.5,304.66,623.492,261.356,0.665385
73,2.43577,8,4,604.008,276.795,496.463,232.378,0.747819
73,2.43577,9,3,624.5,257.283,527.292,209.216,0.810615
73,2.43577,10,3,783.5,246,761.792,191.122,0.843704
73,2.43577,11,4,370,234,168.856,188.484,0.741111
73,2.43577,12,3,665.97,232.211,591.184,177.496,0.823188
73,2.43577,13,3,335,185,106.288,128.027,0.818089
73,2.43577,14,3,575.5,156.833,463.229,79.404,0.814493
73,2.43577,15,3,617.5,152.5,529.839,71.1812,0.771875
73,2.43577,17,2,585,123.5,480.733,28.8564,0.584416
73,2.43577,20,3,558.165,123.47,437.212,30.2142,0.782486
73,2.43577,22,3,273,262.2,46.1533,223.758,0.5
74,2.46914,1,3,835,440,768.096,391.446,0.87603
74,2.46914,4,3,796,439,719.63,390.818,0.80119
74,2.46914,2,3,215.607,438.558,32.9469,393.858,0.883012
74,2.46914,21,3,301.302,386.322,117.643,348.229,0.825482
74,2.46914,6,4,434.5,375.269,276.815,336.662,0.898039
74,2.46914,5,2,549,346,419.567,306.998,0.792208
74,2.46914,7,4,698.5,304.66,623.492,261.356,0.665385
74,2.46914,8,4,604.008,276.795,496.463,232.378,0.747819
74,2.46914,9,3,624.5,257.283,527.292,209.216,0.810615
74,2.46914,10,3,783.5,246,761.792,191.122,0.843704
74,2.46914,11,4,370,234,168.856,188.484,0.741111
74,2.46914,12,3,665.97,232.211,591.184,177.496,0.823188
74,2.46914,13,3,335,185,106.288,128.027,0.818089
74,2.46914,14,3,575.5,156.833,463.229,79.404,0.814493
74,2.46914,15,3,617.5,152.5,529.839,71.1812,0.771875
74,2.46914,17,2,585,123.5,480.733,28.8564,0.584416
74,2.46914,20,3,558.165,123.47,437.212,30.2142,0.782486
74,2.46914,22,3,268.2,256.2,37.7367,217.102,0.508889
75,2.5025,1,3,835,440,768.096,391.446,0.87603
75,2.5025,4,3,796.5,439,720.253,390.815,0.804403
75,2.5025,2,3,215.607,438.558,32.9469,393.858,0.883012
75,2.5025,6,4,434.332,374.923,276.569,336.341,0.894059
75,2.5025,5,2,549,346,419.567,306.998,0.792208
75,2.5025,7,4,698.5,304.66,623.492,261.356,0.665385
75,2.5025,8,4,604.008,276.795,496.463,232.378,0.747819
75,2.5025,9,3,624.5,257.283,527.292,209.216,0.810615
75,2.5025,10,3,783.5,246,761.792,191.122,0.843704
75,2.5025,11,4,370,234,168.856,188.484,0.741111
75,2.5025,12,3,665.97,232.211,591.184,177.496,0.823188
75,2.5025,13,3,335,185,106.288,128.027,0.818089
75,2.5025,14,3,575.5,156.833,463.229,79.404,0.814493
75,2.5025,15,3,617.5,152.5,529.839,71.1812,0.771875
75,2.5025,17,2,585,123.5,480.733,28.8564,0.584416
75,2.5025,20,3,558.165,123.47,437.212,30.2142,0.782486
75,2.5025,22,3,267,253.8,35.3006,214.403,0.5
75,2.5025,21,3,299.4,384.6,114.954,346.692,0.854167
76,2.53587,1,3,835,440,768.096,391.446,0.87603
76,2.53587,2,3,215.607,438.558,32.9469,393.858,0.883012
76,2.53587,4,3,797.098,438.82,721.046,390.655,0.814199
76,2.53587,21,3,298.5,383.833,113.691,346.007,0.818615
76,2.53587,6,4,434.735,374.794,277.051,336.216,0.891787
76,2.53587,5,2,549,346,419.567,306.998,0.792208
76,2.53587,7,4,698.5,304.66,623.492,261.356,0.665385
76,2.53587,8,4,604.008,276.795,496.463,232.378,0.747819
76,2.53587,9,3,624.5,257.283,527.292,209.216,0.810615
76,2.53587,10,3,783.5,246,761.792,191.122,0.843704
76,2.53587,11,4,370,234,168.856,188.484,0.741111
76,2.53587,12,3,665.97,232.211,591.184,177.496,0.823188
76,2.53587,13,3,335,185,106.288,128.027,0.818089
76,2.53587,14,3,575.5,156.833,463.229,79.404,0.814493
76,2.53587,15,3,617.5,152.5,529.839,71.1812,0.771875
76,2.53587,17,2,585,123.5,480.733,28.8564,0.584416
76,2.53587,20,3,558.165,123.47,437.212,30.2142,0.782486
77,2.56924,1,3,835,440,768.096,391.446,0.87603
77,2.56924,2,3,215.607,438.558,32.9469,393.858,0.883012
77,2.56924,4,3,797.171,437.945,721.369,389.895,0.815543
77,2.56924,21,3,298.5,383,113.483,345.252,0.823894
77,2.56924,6,4,434.735,374.794,277.051,336.216,0.885749
77,2.56924,5,2,549,346,419.567,306.998,0.792208
77,2.56924,7,4,698.5,304.66,623.492,261.356,0.665385
77,2.56924,8,4,604.008,276.795,496.463,232.378,0.747819
77,2.56924,9,3,624.5,257.283,527.292,209.216,0.810615
77,2.56924,10,3,783.5,246,761.792,191.122,0.843704
77,2.56924,11,4,370,234,168.856,188.484,0.741111
77,2.56924,12,3,665.97,232.211,591.184,177.496,0.823188
77,2.56924,13,3,335,185,106.288,128.027,0.818089
77,2.56924,14,3,575.5,156.833,463.229,79.404,0.814493
77,2.56924,15,3,617.5,152.5,529.839,71.1812,0.771875
77,2.56924,17,2,585,123.5,480.733,28.8564,0.584416
77,2.56924,20,3,558.165,123.47,437.212,30.2142,0.782486
78,2.6026,1,3,835,440,768.096,391.446,0.87603
78,2.6026,2,3,215.607,438.558,32.9469,393.858,0.883012
78,2.6026,4,3,797.5,439,721.499,390.809,0.816168
78,2.6026,21,3,296,381,109.997,343.461,0.822199
78,2.6026,6,4,434.735,374.794,277.051,336.216,0.874879
78,2.6026,5,2,549,346,419.567,306.998,0.792208
78,2.6026,7,4,698.5,304.66,623.492,261.356,0.665385
78,2.6026,8,4,604.008,276.795,496.463,232.378,0.747819
78,2.6026,9,3,624.5,257.283,527.292,209.216,0.810615
78,2.6026,10,3,783.5,246,761.792,191.122,0.843704
78,2.6026,11,4,370,234,168.856,188.484,0.741111
78,2.6026,12,3,665.97,232.211,591.184,177.496,0.823188
78,2.6026,13,3,335,185,106.288,128.027,0.818089
78,2.6026,14,3,575.5,156.833,463.229,79.404,0.814493
78,2.6026,15,3,617.5,152.5,529.839,71.1812,0.771875
78,2.6026,17,2,585,123.5,480.733,28.8564,0.584416
78,2.6026,20,3,558.165,123.47,437.212,30.2142,0.782486
79,2.63597,1,3,835,440,768.096,391.446,0.87603
79,2.63597,2,3,215.607,438.558,32.9469,393.858,0.883012
79,2.63597,4,3,798.104,438,722.519,389.937,0.801449
79,2.63597,21,3,295,379.5,108.422,342.104,0.8
79,2.63597,6,4,435,374.5,277.344,335.938,0.871951
79,2.63597,5,2,549,346,419.567,306.998,0.792208
79,2.63597,7,4,698.5,304.66,623.492,261.356,0.665385
79,2.63597,8,4,604.008,276.795,496.463,232.378,0.747819
79,2.63597,9,3,624.5,257.283,527.292,209.216,0.810615
79,2.63597,10,3,783.5,246,761.792,191.122,0.843704
79,2.63597,22,3,269.5,247.5,36.3939,207.114,0.695855
79,2.63597,11,4,370,234,168.856,188.484,0.741111
79,2.63597,12,3,665.97,232.211,591.184,177.496,0.823188
79,2.63597,13,3,335,185,106.288,128.027,0.818089
79,2.63597,14,3,575.5,156.833,463.229,79.404,0.814493
79,2.63597,15,3,617.5,152.5,529.839,71.1812,0.771875
79,2.63597,17,2,585,123.5,480.733,28.8564,0.584416
79,2.63597,20,3,557.5,122.75,436.159,29.1289,0.777778
80,2.66934,1,3,835,440,768.096,391.446,0.87603
80,2.66934,2,3,215.607,438.558,32.9469,393.858,0.883012
80,2.66934,4,3,798.752,437.107,723.565,389.157,0.7975
80,2.66934,21,3,293.5,378.278,106.316,341.004,0.804762
80,2.66934,6,4,435,374.5,277.344,335.938,0.876829
80,2.66934,5,2,549,346,419.567,306.998,0.792208
80,2.66934,7,4,698.5,304.66,623.492,261.356,0.665385
80,2.66934,8,4,604.008,276.795,496.463,232.378,0.747819
80,2.66934,9,3,624.5,257.283,527.292,209.216,0.810615
80,2.66934,10,3,783.5,246,761.792,191.122,0.843704
80,2.66934,22,3,269.5,246.5,36.0384,205.958,0.781843
80,2.66934,11,4,370,234,168.856,188.484,0.741111
80,2.66934,12,3,665.97,232.211,591.184,177.496,0.823188
80,2.66934,13,3,335,185,106.288,128.027,0.818089
80,2.66934,14,3,575.5,156.833,463.229,79.404,0.814493
80,2.66934,15,3,617.5,152.5,529.839,71.1812,0.771875
80,2.66934,17,2,585,123.5,480.733,28.8564,0.584416
80,2.66934,20,3,558,122.5,436.976,28.7136,0.781482
81,2.7027,1,3,835,440,768.096,391.446,0.87603
81,2.7027,2,3,215.607,438.558,32.9469,393.858,0.883012
81,2.7027,4,3,799.171,437.945,723.865,389.883,0.782698
81,2.7027,6,4,435,374.5,277.344,335.938,0.870732
81,2.7027,21,3,291.673,376.233,103.602,339.152,0.790672
81,2.7027,5,2,549,346,419.567,306.998,0.792208
81,2.7027,7,4,698.5,304.66,623.492,261.356,0.665385
81,2.7027,8,4,604.008,276.795,496.463,232.378,0.747819
81,2.7027,9,3,624.5,257.283,527.292,209.216,0.810615
81,2.7027,10,3,783.5,246,761.792,191.122,0.843704
81,2.7027,22,3,270.47,243.894,36.4078,202.912,0.832103
81,2.7027,11,4,370,234,168.856,188.484,0.741111
81,2.7027,12,3,665.97,232.211,591.184,177.496,0.823188
81,2.7027,13,3,335,185,106.288,128.027,0.818089
81,2.7027,14,3,575.5,156.833,463.229,79.404,0.814493
81,2.7027,15,3,617.5,152.5,529.839,71.1812,0.771875
81,2.7027,17,2,585,123.5,480.733,28.8564,0.584416
81,2.7027,20,3,558,122.5,436.976,28.7136,0.781482
82,2.73607,1,3,835,440,768.096,391.446,0.87603
82,2.73607,2,3,215.607,438.558,32.9469,393.858,0.883012
82,2.73607,4,3,799.5,437.5,724.394,389.494,0.781928
82,2.73607,6,4,435,374.5,277.344,335.938,0.867073
82,2.73607,21,3,291,375.5,102.605,338.487,0.782906
82,2.73607,5,2,549,346,419.567,306.998,0.792208
82,2.73607,7,4,698.5,304.66,623.492,261.356,0.665385
82,2.73607,8,4,604.008,276.795,496.463,232.378,0.747819
82,2.73607,9,3,624.5,257.283,527.292,209.216,0.810615
82,2.73607,10,3,783.5,246,761.792,191.122,0.843704
82,2.73607,22,3,270.47,243.894,36.4078,202.912,0.835055
82,2.73607,11,4,370,234,168.856,188.484,0.741111
82,2.73607,12,3,665.97,232.211,591.184,177.496,0.823188
82,2.73607,13,3,335,185,106.288,128.027,0.818089
82,2.73607,14,3,575.5,156.833,463.229,79.404,0.814493
82,2.73607,15,3,617.5,152.5,529.839,71.1812,0.771875
82,2.73607,17,2,585,123.5,480.733,28.8564,0.584416
82,2.73607,20,3,558,122.5,436.976,28.7136,0.781482
83,2.76944,1,3,835,440,768.096,391.446,0.87603
83,2.76944,2,3,215.607,438.558,32.9469,393.858,0.883012
83,2.76944,4,3,800,437,725.153,389.055,0.772141
83,2.76944,6,4,435,374.5,277.344,335.938,0.873171
83,2.76944,21,3,289.5,374.167,100.458,337.278,0.782906
83,2.76944,5,2,549,346,419.567,306.998,0.792208
83,2.76944,7,4,698.5,304.66,623.492,261.356,0.665385
83,2.76944,8,4,604.008,276.795,496.463,232.378,0.747819
83,2.76944,9,3,624.5,257.283,527.292,209.216,0.810615
83,2.76944,10,3,783.5,246,761.792,191.122,0.843704
83,2.76944,22,3,270.47,243.894,36.4078,202.912,0.835055
83,2.76944,11,4,370,234,168.856,188.484,0.741111
83,2.76944,12,3,665.97,232.211,591.184,177.496,0.823188
83,2.76944,13,3,335,185,106.288,128.027,0.818089
83,2.76944,14,3,575.5,156.833,463.229,79.404,0.814493
83,2.76944,15,3,617.5,152.5,529.839,71.1812,0.771875
83,2.76944,17,2,585,123.5,480.733,28.8564,0.584416
83,2.76944,20,3,558,122.5,436.976,28.7136,0.781482
84,2.8028,1,3,835,440,768.096,391.446,0.87603
84,2.8028,2,3,215.607,438.558,32.9469,393.858,0.878378
84,2.8028,4,3,800.372,436.488,725.756,388.607,0.766286
84,2.8028,6,4,435,374.1,277.299,335.565,0.876139
84,2.8028,21,3,288,372.5,98.2191,335.759,0.795413
84,2.8028,5,2,549,346,419.567,306.998,0.792208
84,2.8028,7,4,698.5,304.66,623.492,261.356,0.669231
84,2.8028,8,4,604.008,276.795,496.463,232.378,0.743146
84,2.8028,9,3,624.5,257.283,527.292,209.216,0.80838
84,2.8028,10,3,783.5,246,761.792,191.122,0.843704
84,2.8028,22,3,270.5,243.5,36.308,202.453,0.83913
84,2.8028,11,4,369.5,233.5,168.048,187.898,0.743966
84,2.8028,12,3,665.97,232.211,591.184,177.496,0.823188
84,2.8028,13,3,335,185,106.288,128.027,0.827645
84,2.8028,14,3,575.5,156.833,463.229,79.404,0.817391
84,2.8028,15,3,617.5,152.5,529.839,71.1812,0.773438
84,2.8028,17,2,585,123.5,480.733,28.8564,0.597403
84,2.8028,20,3,557.5,122.75,436.159,29.1289,0.806667
85,2.83617,1,3,835,440,768.096,391.446,0.87603
85,2.83617,2,3,215.607,438.558,32.9469,393.858,0.878378
85,2.83617,4,3,800.372,436.488,725.756,388.607,0.760571
85,2.83617,6,4,435,374.1,277.299,335.565,0.884532
85,2.83617,21,3,287,371.5,96.7526,334.847,0.793162
85,2.83617,5,2,549,346,419.567,306.998,0.792208
85,2.83617,7,4,698.5,304.66,623.492,261.356,0.669231
85,2.83617,8,4,604.008,276.795,496.463,232.378,0.743146
85,2.83617,9,3,624.5,257.283,527.292,209.216,0.80838
85,2.83617,10,3,783.5,246,761.792,191.122,0.843704
85,2.83617,22,3,270.5,243.5,36.308,202.453,0.83913
85,2.83617,11,4,369.5,233.5,168.048,187.898,0.743966
85,2.83617,12,3,665.97,232.211,591.184,177.496,0.823188
85,2.83617,13,3,335,185,106.288,128.027,0.827645
85,2.83617,14,3,575.5,156.833,463.229,79.404,0.817391
85,2.83617,15,3,617.5,152.5,529.839,71.1812,0.773438
85,2.83617,17,2,585,123.5,480.733,28.8564,0.597403
85,2.83617,20,3,557.5,122.75,436.159,29.1289,0.806667
86,2.86954,1,3,835,440,768.096,391.446,0.87603
86,2.86954,2,3,215.607,438.558,32.9469,393.858,0.878378
86,2.86954,4,3,801.324,435.559,727.197,387.791,0.743582
86,2.86954,6,4,435.25,374,277.595,335.468,0.872196
86,2.86954,21,3,284.587,369.674,93.3632,333.185,0.805519
86,2.86954,5,2,549,346,419.567,306.998,0.792208
86,2.86954,7,4,698.5,304.66,623.492,261.356,0.669231
86,2.86954,8,4,604.008,276.795,496.463,232.378,0.743146
86,2.86954,9,3,624.5,257.283,527.292,209.216,0.80838
86,2.86954,10,3,783.5,246,761.792,191.122,0.843704
86,2.86954,22,3,270.5,243.5,36.308,202.453,0.83913
86,2.86954,11,4,369.5,233.5,168.048,187.898,0.743966
86,2.86954,12,3,665.97,232.211,591.184,177.496,0.823188
86,2.86954,13,3,335,185,106.288,128.027,0.827645
86,2.86954,14,3,575.5,156.833,463.229,79.404,0.817391
86,2.86954,15,3,617.5,152.5,529.839,71.1812,0.773438
86,2.86954,17,2,585,123.5,480.733,28.8564,0.597403
86,2.86954,20,3,557.5,122.75,436.159,29.1289,0.806667
87,2.9029,1,3,835,440,768.096,391.446,0.87603
87,2.9029,2,3,215.607,438.558,32.9469,393.858,0.878378
87,2.9029,4,3,801.5,435.5,727.433,387.738,0.736145
87,2.9029,6,4,435.5,373.87,277.889,335.344,0.858219
87,2.9029,21,3,285,369,93.6783,332.555,0.807552
87,2.9029,5,2,549,346,419.567,306.998,0.792208
87,2.9029,7,4,698.5,304.66,623.492,261.356,0.669231
87,2.9029,8,4,604.008,276.795,496.463,232.378,0.743146
87,2.9029,9,3,624.5,257.283,527.292,209.216,0.80838
87,2.9029,10,3,783.5,246,761.792,191.122,0.843704
87,2.9029,22,3,270.5,243.5,36.308,202.453,0.83913
87,2.9029,11,4,369.5,233.5,168.048,187.898,0.743966
87,2.9029,12,3,665.97,232.211,591.184,177.496,0.823188
87,2.9029,13,3,335,185,106.288,128.027,0.827645
87,2.9029,14,3,575.5,156.833,463.229,79.404,0.817391
87,2.9029,15,3,617.5,152.5,529.839,71.1812,0.773438
87,2.9029,17,2,585,123.5,480.733,28.8564,0.597403
87,2.9029,20,3,557.5,122.75,436.159,29.1289,0.806667
88,2.93627,1,3,835,440,768.096,391.446,0.87603
88,2.93627,2,3,215.607,438.558,32.9469,393.858,0.878378
88,2.93627,4,3,801.935,435.072,728.093,387.362,0.72908
88,2.93627,6,4,436,373.5,278.463,334.992,0.876456
88,2.93627,21,3,283,367.5,90.8645,331.185,0.817094
88,2.93627,5,2,549,346,419.567,306.998,0.792208
88,2.93627,7,4,698.5,304.66,623.492,261.356,0.669231
88,2.93627,8,4,604.008,276.795,496.463,232.378,0.743146
88,2.93627,9,3,624.5,257.283,527.292,209.216,0.80838
88,2.93627,10,3,783.5,246,761.792,191.122,0.843704
88,2.93627,22,3,270.5,243.5,36.308,202.453,0.83913
88,2.93627,11,4,369.5,233.5,168.048,187.898,0.743966
88,2.93627,12,3,665.97,232.211,591.184,177.496,0.823188
88,2.93627,13,3,335,185,106.288,128.027,0.827645
88,2.93627,14,3,575.5,156.833,463.229,79.404,0.817391
88,2.93627,15,3,617.5,152.5,529.839,71.1812,0.773438
88,2.93627,17,2,585,123.5,480.733,28.8564,0.597403
88,2.93627,20,3,557.5,122.75,436.159,29.1289,0.806667
89,2.96964,1,3,834,440,766.842,391.452,0.879221
89,2.96964,2,3,215.607,438.558,32.9469,393.858,0.878378
89,2.96964,4,3,802.899,434.728,729.395,387.055,0.710465
89,2.96964,6,4,436,373.444,278.457,334.94,0.889759
89,2.96964,21,3,281,365.5,87.9068,329.346,0.822222
89,2.96964,5,2,549,346,419.567,306.998,0.792208
89,2.96964,7,4,698.5,304.66,623.492,261.356,0.669231
89,2.96964,8,4,604.008,276.795,496.463,232.378,0.743146
89,2.96964,9,3,624.5,257.283,527.292,209.216,0.80838
89,2.96964,10,3,783.5,246,761.792,191.122,0.843704
89,2.96964,22,3,270.5,243.5,36.308,202.453,0.83913
89,2.96964,11,4,369.5,233.5,168.048,187.898,0.743966
89,2.96964,12,3,665.97,232.211,591.184,177.496,0.823188
89,2.96964,13,3,335,185,106.288,128.027,0.827645
89,2.96964,14,3,575.5,156.833,463.229,79.404,0.817391
89,2.96964,15,3,617.5,152.5,529.839,71.1812,0.773438
89,2.96964,17,2,585,123.5,480.733,28.8564,0.597403
89,2.96964,20,3,557.5,122.75,436.159,29.1289,0.806667
90,3.003,1,3,834,440,766.842,391.452,0.879221
90,3.003,2,3,215.607,438.558,32.9469,393.858,0.878378
90,3.003,4,3,803.112,434.458,729.736,386.817,0.70057
90,3.003,6,4,436.277,373.393,278.793,334.889,0.886085
90,3.003,21,3,281,365,87.7692,328.879,0.824027
90,3.003,5,2,549,346,419.567,306.998,0.792208
90,3.003,7,4,698.5,304.66,623.492,261.356,0.669231
90,3.003,8,4,604.008,276.795,496.463,232.378,0.743146
90,3.003,9,3,624.5,257.283,527.292,209.216,0.80838
90,3.003,10,3,783.5,246,761.792,191.122,0.843704
90,3.003,22,3,270.5,243.5,36.308,202.453,0.83913
90,3.003,11,4,369.5,233.5,168.048,187.898,0.743966
90,3.003,12,3,665.97,232.211,591.184,177.496,0.823188
90,3.003,13,3,335,185,106.288,128.027,0.827645
90,3.003,14,3,575.5,156.833,463.229,79.404,0.817391
90,3.003,15,3,617.5,152.5,529.839,71.1812,0.773438
90,3.003,17,2,585,123.5,480.733,28.8564,0.597403
90,3.003,20,3,557.5,122.75,436.159,29.1289,0.806667
91,3.03637,1,3,833.5,439.5,766.367,391.021,0.882353
91,3.03637,2,3,215.607,438.558,32.9469,393.858,0.878378
91,3.03637,4,3,803.292,434.5,729.949,386.853,0.704469
91,3.03637,6,4,436.5,373.5,279.08,334.986,0.875232
91,3.03637,21,3,278.685,363.548,84.5731,327.55,0.818552
91,3.03637,5,2,549,346,419.567,306.998,0.792208
91,3.03637,7,4,698.5,304.66,623.492,261.356,0.669231
91,3.03637,8,4,604.008,276.795,496.463,232.378,0.743146
91,3.03637,9,3,624.5,257.283,527.292,209.216,0.80838
91,3.03637,10,3,783.5,246,761.792,191.122,0.843704
91,3.03637,22,3,270.5,243.5,36.308,202.453,0.83913
91,3.03637,11,4,369.5,233.5,168.048,187.898,0.743966
91,3.03637,12,3,665.97,232.211,591.184,177.496,0.823188
91,3.03637,13,3,335,185,106.288,128.027,0.827645
91,3.03637,14,3,575.5,156.833,463.229,79.404,0.817391
91,3.03637,15,3,617.5,152.5,529.839,71.1812,0.773438
91,3.03637,17,2,585,123.5,480.733,28.8564,0.597403
91,3.03637,20,3,557.5,122.75,436.159,29.1289,0.806667
92,3.06974,1,3,834,440,766.842,391.452,0.879221
92,3.06974,2,3,215.607,438.558,32.9469,393.858,0.878378
92,3.06974,4,3,803.891,434.5,730.7,386.849,0.697714
92,3.06974,6,4,436.5,373.5,279.08,334.986,0.875232
92,3.06974,21,3,277,361.63,82.0008,325.772,0.821622
92,3.06974,5,2,549,346,419.567,306.998,0.792208
92,3.06974,7,4,698.5,304.66,623.492,261.356,0.669231
92,3.06974,8,4,604.008,276.795,496.463,232.378,0.743146
92,3.06974,9,3,624.5,257.283,527.292,209.216,0.80838
92,3.06974,10,3,783.5,246,761.792,191.122,0.843704
92,3.06974,22,3,270.5,243.5,36.308,202.453,0.83913
92,3.06974,11,4,369.5,233.5,168.048,187.898,0.743966
92,3.06974,12,3,665.97,232.211,591.184,177.496,0.823188
92,3.06974,13,3,335,185,106.288,128.027,0.82628
92,3.06974,14,3,575.5,156.833,463.229,79.404,0.817391
92,3.06974,15,3,617.5,152.5,529.839,71.1812,0.773438
92,3.06974,17,2,585,123.5,480.733,28.8564,0.597403
92,3.06974,20,3,557.5,122.75,436.159,29.1289,0.806667
93,3.1031,1,3,834,440,766.842,391.452,0.879221
93,3.1031,2,3,215.607,438.558,32.9469,393.858,0.878378
93,3.1031,4,3,804.227,434.5,731.121,386.847,0.683133
93,3.1031,6,4,436.5,373.5,279.08,334.986,0.869444
93,3.1031,21,3,277,361,81.8237,325.18,0.818535
93,3.1031,5,2,549,346,419.567,306.998,0.792208
93,3.1031,7,4,698.5,304.66,623.492,261.356,0.669231
93,3.1031,8,4,604.008,276.795,496.463,232.378,0.743146
93,3.1031,9,3,624.5,257.283,527.292,209.216,0.807263
93,3.1031,10,3,783.5,246,761.792,191.122,0.843704
93,3.1031,22,3,270.5,243.5,36.308,202.453,0.83913
93,3.1031,11,4,369.5,233.5,168.048,187.898,0.743966
93,3.1031,12,3,665.97,232.211,591.184,177.496,0.823188
93,3.1031,13,3,335,185,106.288,128.027,0.82628
93,3.1031,14,3,575.5,156.833,463.229,79.404,0.815942
93,3.1031,15,3,617.5,152.5,529.839,71.1812,0.773438
93,3.1031,17,2,585,123.5,480.733,28.8564,0.597403
93,3.1031,20,3,557.5,122.75,436.159,29.1289,0.806667
94,3.13647,1,3,834,440,766.842,391.452,0.879221
94,3.13647,2,3,215.607,438.558,32.9469,393.858,0.878378
94,3.13647,4,3,804.833,434.5,731.88,386.843,0.687912
94,3.13647,6,4,436.5,373.5,279.08,334.986,0.861343
94,3.13647,21,3,275.5,359.5,79.5847,323.788,0.81913
94,3.13647,5,2,549,346,419.567,306.998,0.792208
94,3.13647,7,4,698.5,304.66,623.492,261.356,0.669231
94,3.13647,8,4,604.008,276.795,496.463,232.378,0.743146
94,3.13647,9,3,624.5,257.283,527.292,209.216,0.805028
94,3.13647,10,3,783.5,246,761.792,191.122,0.843704
94,3.13647,22,3,270.5,243.5,36.308,202.453,0.83913
94,3.13647,11,4,369.5,233.5,168.048,187.898,0.743966
94,3.13647,12,3,665.97,232.211,591.184,177.496,0.823188
94,3.13647,13,3,335,185,106.288,128.027,0.82628
94,3.13647,14,3,575.5,156.833,463.229,79.404,0.815942
94,3.13647,15,3,617.5,152.5,529.839,71.1812,0.773438
94,3.13647,17,2,585,123.5,480.733,28.8564,0.597403
94,3.13647,20,3,557.5,122.75,436.159,29.1289,0.806667
95,3.16984,1,3,833.5,440.5,766.063,391.89,0.880263
95,3.16984,2,3,215.607,438.558,32.9469,393.858,0.879923
95,3.16984,4,3,804.835,434.53,731.874,386.869,0.681818
95,3.16984,6,4,436.5,373.5,279.08,334.986,0.859028
95,3.16984,21,3,274.555,358.251,78.0851,322.621,0.817597
95,3.16984,5,2,549,346,419.567,306.998,0.792208
95,3.16984,7,4,698.5,304.66,623.492,261.356,0.669231
95,3.16984,8,4,604.008,276.795,496.463,232.378,0.743146
95,3.16984,9,3,624.5,257.283,527.292,209.216,0.805028
95,3.16984,10,3,783.5,246,761.792,191.122,0.843704
95,3.16984,22,3,270.5,243.5,36.308,202.453,0.83913
95,3.16984,11,4,369.5,233.5,168.048,187.898,0.743966
95,3.16984,12,3,665.97,232.211,591.184,177.496,0.823188
95,3.16984,13,3,335,185,106.288,128.027,0.82628
95,3.16984,14,3,575.5,156.833,463.229,79.404,0.815942
95,3.16984,15,3,617.5,152.5,529.839,71.1812,0.773438
95,3.16984,17,2,585,123.5,480.733,28.8564,0.597403
95,3.16984,20,3,557.5,122.75,436.159,29.1289,0.806667
96,3.2032,1,3,833.5,440,766.215,391.455,0.876687
96,3.2032,2,3,215.5,438,32.6584,393.4,0.880669
96,3.2032,4,3,804.976,434.024,732.19,386.425,0.689091
96,3.2032,6,4,436,373.5,278.463,334.992,0.869954
96,3.2032,21,3,273.342,357.132,76.2941,321.579,0.818182
96,3.2032,5,2,549,346,419.567,306.998,0.797403
96,3.2032,7,4,698.5,304.66,623.492,261.356,0.667949
96,3.2032,8,4,604,277,496.434,232.612,0.737688
96,3.2032,9,3,624.5,257.283,527.292,209.216,0.810615
96,3.2032,10,3,783.804,245.935,762.269,191.033,0.835252
96,3.2032,22,3,270,243.5,35.6379,202.467,0.8392
96,3.2032,11,4,370.571,234.429,169.745,188.981,0.733036
96,3.2032,12,3,665.935,232.196,591.135,177.478,0.82518
96,3.2032,13,3,335,185,106.288,128.027,0.820819
96,3.2032,14,3,575.5,156.833,463.229,79.404,0.815942
96,3.2032,15,3,617.781,152.562,530.277,71.2602,0.773606
96,3.2032,17,2,585,123.5,480.733,28.8564,0.558442
96,3.2032,20,3,558.165,123.47,437.212,30.2142,0.811864
97,3.23657,1,3,833.5,439.5,766.367,391.021,0.877647
97,3.23657,2,3,215.5,438,32.6584,393.4,0.880669
97,3.23657,4,3,804.976,434.024,732.19,386.425,0.692208
97,3.23657,6,4,436,373.5,278.463,334.992,0.865367
97,3.23657,21,3,270.587,355.674,72.531,320.234,0.815232
97,3.23657,5,2,549,346,419.567,306.998,0.797403
97,3.23657,7,4,698.5,304.66,623.492,261.356,0.667949
97,3.23657,8,4,604,277,496.434,232.612,0.737688
97,3.23657,9,3,624.5,257.283,527.292,209.216,0.810615
97,3.23657,10,3,783.804,245.935,762.269,191.033,0.835252
97,3.23657,22,3,270,243.5,35.6379,202.467,0.8392
97,3.23657,11,4,370.571,234.429,169.745,188.981,0.733036
97,3.23657,12,3,665.935,232.196,591.135,177.478,0.82518
97,3.23657,13,3,335,185,106.288,128.027,0.820819
97,3.23657,14,3,575.5,156.833,463.229,79.404,0.815942
97,3.23657,15,3,617.781,152.562,530.277,71.2602,0.773606
97,3.23657,17,2,585,123.5,480.733,28.8564,0.558442
97,3.23657,20,3,558.165,123.47,437.212,30.2142,0.811864
98,3.26994,1,3,833.5,439.5,766.367,391.021,0.877647
98,3.26994,2,3,215.5,438,32.6584,393.4,0.880669
98,3.26994,4,3,805.5,433.5,732.992,385.963,0.693878
98,3.26994,6,4,436,373.5,278.463,334.992,0.866514
98,3.26994,21,3,270,354.5,71.4766,319.128,0.79633
98,3.26994,5,2,549,346,419.567,306.998,0.797403
98,3.26994,7,4,698.5,304.66,623.492,261.356,0.667949
98,3.26994,8,4,604,277,496.434,232.612,0.737688
98,3.26994,9,3,624.5,257.283,527.292,209.216,0.810615
98,3.26994,10,3,783.804,245.935,762.269,191.033,0.835252
98,3.26994,22,3,270,243.5,35.6379,202.467,0.8392
98,3.26994,11,4,370.571,234.429,169.745,188.981,0.733036
98,3.26994,12,3,665.935,232.196,591.135,177.478,0.82518
98,3.26994,13,3,335,185,106.288,128.027,0.820819
98,3.26994,14,3,575.5,156.833,463.229,79.404,0.815942
98,3.26994,15,3,617.781,152.562,530.277,71.2602,0.773606
98,3.26994,17,2,585,123.5,480.733,28.8564,0.558442
98,3.26994,20,3,558.165,123.47,437.212,30.2142,0.811864
99,3.3033,1,3,833.5,439.5,766.367,391.021,0.877647
99,3.3033,2,3,215.5,438,32.6584,393.4,0.880669
99,3.3033,4,3,806.412,435.256,733.649,387.493,0.679551
99,3.3033,6,4,436,373.5,278.463,334.992,0.85734
99,3.3033,21,3,268.685,353.548,69.6002,318.24,0.801358
99,3.3033,5,2,549,346,419.567,306.998,0.797403
99,3.3033,7,4,698.5,304.66,623.492,261.356,0.667949
99,3.3033,8,4,604,277,496.434,232.612,0.737688
99,3.3033,9,3,624.5,257.283,527.292,209.216,0.810615
99,3.3033,10,3,783.804,245.935,762.269,191.033,0.835252
99,3.3033,22,3,270,243.5,35.6379,202.467,0.8392
99,3.3033,11,4,370.571,234.429,169.745,188.981,0.733036
99,3.3033,12,3,665.935,232.196,591.135,177.478,0.82518
99,3.3033,13,3,335,185,106.288,128.027,0.820819
99,3.3033,14,3,575.5,156.833,463.229,79.404,0.815942
99,3.3033,15,3,617.781,152.562,530.277,71.2602,0.773606
99,3.3033,17,2,585,123.5,480.733,28.8564,0.558442
99,3.3033,20,3,558.165,123.47,437.212,30.2142,0.811864
100,3.33667,2,3,215.5,438,32.6584,393.4,0.880669
100,3.33667,6,4,436,373.5,278.463,334.992,0.853899
100,3.33667,21,3,266.471,351.824,66.3988,316.627,0.796746
100,3.33667,5,2,549,346,419.567,306.998,0.797403
100,3.33667,7,4,698.5,304.66,623.492,261.356,0.667949
100,3.33667,8,4,604,277,496.434,232.612,0.737688
100,3.33667,9,3,624.5,257.283,527.292,209.216,0.810615
100,3.33667,10,3,783.804,245.935,762.269,191.033,0.835252
100,3.33667,22,3,270,243.5,35.6379,202.467,0.8392
100,3.33667,11,4,370.571,234.429,169.745,188.981,0.733036
100,3.33667,12,3,665.935,232.196,591.135,177.478,0.82518
100,3.33667,13,3,335,185,106.288,128.027,0.820819
100,3.33667,14,3,575.5,156.833,463.229,79.404,0.815942
100,3.33667,15,3,617.781,152.562,530.277,71.2602,0.773606
100,3.33667,17,2,585,123.5,480.733,28.8564,0.558442
100,3.33667,20,3,558.165,123.47,437.212,30.2142,0.811864
100,3.33667,4,2,808.2,435,735.961,387.258,0.735426
101,3.37004,2,3,215.5,438,32.6584,393.4,0.880669
101,3.37004,6,4,436,373.5,278.463,334.992,0.863073
101,3.37004,5,2,549,346,419.567,306.998,0.797403
101,3.37004,7,4,698.5,304.66,623.492,261.356,0.667949
101,3.37004,8,4,604,277,496.434,232.612,0.737688
101,3.37004,9,3,624.5,257.283,527.292,209.216,0.810615
101,3.37004,10,3,783.804,245.935,762.269,191.033,0.835252
101,3.37004,22,3,270,243.5,35.6379,202.467,0.8392
101,3.37004,11,4,370.571,234.429,169.745,188.981,0.733036
101,3.37004,12,3,665.935,232.196,591.135,177.478,0.82518
101,3.37004,13,3,335,185,106.288,128.027,0.820819
101,3.37004,14,3,575.5,156.833,463.229,79.404,0.815942
101,3.37004,15,3,617.781,152.562,530.277,71.2602,0.773606
101,3.37004,17,2,585,123.5,480.733,28.8564,0.558442
101,3.37004,20,3,558.165,123.47,437.212,30.2142,0.811864
102,3.4034,1,3,833,440,765.589,391.458,0.878035
102,3.4034,2,3,215.5,438,32.6584,393.4,0.880669
102,3.4034,4,3,807.245,434.795,734.82,387.085,0.671971
102,3.4034,6,4,436,373.5,278.463,334.992,0.861927
102,3.4034,5,2,549,346,419.567,306.998,0.797403
102,3.4034,7,4,698.5,304.66,623.492,261.356,0.667949
102,3.4034,8,4,604,277,496.434,232.612,0.737688
102,3.4034,9,3,624.5,257.283,527.292,209.216,0.810615
102,3.4034,10,3,783.804,245.935,762.269,191.033,0.835252
102,3.4034,22,3,270,243.5,35.6379,202.467,0.8392
102,3.4034,11,4,370.571,234.429,169.745,188.981,0.733036
102,3.4034,12,3,665.935,232.196,591.135,177.478,0.82518
102,3.4034,13,3,335,185,106.288,128.027,0.820819
102,3.4034,14,3,575.5,156.833,463.229,79.404,0.815942
102,3.4034,15,3,617.781,152.562,530.277,71.2602,0.773606
102,3.4034,17,2,585,123.5,480.733,28.8564,0.558442
102,3.4034,20,3,558.165,123.47,437.212,30.2142,0.811864
103,3.43677,2,3,215.5,438,32.6584,393.4,0.880669
103,3.43677,6,4,436,373.5,278.463,334.992,0.859633
103,3.43677,5,2,549,346,419.567,306.998,0.797403
103,3.43677,7,4,698.5,304.66,623.492,261.356,0.667949
103,3.43677,8,4,604,277,496.434,232.612,0.737688
103,3.43677,9,3,624.5,257.283,527.292,209.216,0.810615
103,3.43677,10,3,783.804,245.935,762.269,191.033,0.835252
103,3.43677,22,3,270,243.5,35.6379,202.467,0.8392
103,3.43677,11,4,370.571,234.429,169.745,188.981,0.733036
103,3.43677,12,3,665.935,232.196,591.135,177.478,0.82518
103,3.43677,13,3,335,185,106.288,128.027,0.820819
103,3.43677,14,3,575.5,156.833,463.229,79.404,0.815942
103,3.43677,15,3,617.781,152.562,530.277,71.2602,0.773606
103,3.43677,17,2,585,123.5,480.733,28.8564,0.558442
103,3.43677,20,3,558.165,123.47,437.212,30.2142,0.811864
103,3.43677,21,3,270.6,347.4,70.1251,312.334,0.895238
104,3.47014,2,3,215.5,438,32.6584,393.4,0.880669
104,3.47014,6,4,436,373.5,278.463,334.992,0.868807
104,3.47014,5,2,549,346,419.567,306.998,0.797403
104,3.47014,7,4,698.5,304.66,623.492,261.356,0.667949
104,3.47014,8,4,604,277,496.434,232.612,0.737688
104,3.47014,9,3,624.5,257.283,527.292,209.216,0.810615
104,3.47014,10,3,783.804,245.935,762.269,191.033,0.835252
104,3.47014,22,3,270,243.5,35.6379,202.467,0.8392
104,3.47014,11,4,370.571,234.429,169.745,188.981,0.733036
104,3.47014,12,3,665.935,232.196,591.135,177.478,0.82518
104,3.47014,13,3,335,185,106.288,128.027,0.820819
104,3.47014,14,3,575.5,156.833,463.229,79.404,0.815942
104,3.47014,15,3,617.781,152.562,530.277,71.2602,0.773606
104,3.47014,17,2,585,123.5,480.733,28.8564,0.558442
104,3.47014,20,3,558.165,123.47,437.212,30.2142,0.811864
104,3.47014,21,3,270.6,347.4,70.1251,312.334,0.853153
105,3.5035,2,3,215.5,438,32.6584,393.4,0.880669
105,3.5035,6,4,436,373.5,278.463,334.992,0.866514
105,3.5035,21,3,268.348,347.981,67.5464,312.923,0.779661
105,3.5035,5,2,549,346,419.567,306.998,0.797403
105,3.5035,7,4,698.5,304.66,623.492,261.356,0.667949
105,3.5035,8,4,604,277,496.434,232.612,0.737688
105,3.5035,9,3,624.5,257.283,527.292,209.216,0.810615
105,3.5035,10,3,783.804,245.935,762.269,191.033,0.835252
105,3.5035,22,3,270,243.5,35.6379,202.467,0.8392
105,3.5035,11,4,370.571,234.429,169.745,188.981,0.733036
105,3.5035,12,3,665.935,232.196,591.135,177.478,0.82518
105,3.5035,13,3,335,185,106.288,128.027,0.820819
105,3.5035,14,3,575.5,156.833,463.229,79.404,0.815942
105,3.5035,15,3,617.781,152.562,530.277,71.2602,0.773606
105,3.5035,17,2,585,123.5,480.733,28.8564,0.558442
105,3.5035,20,3,558.165,123.47,437.212,30.2142,0.811864
105,3.5035,4,3,805.8,424.2,735.964,377.747,0.9
106,3.53687,2,3,215.5,438,32.6584,393.4,0.880669
106,3.53687,6,4,436,373.5,278.463,334.992,0.865367
106,3.53687,5,2,549,346,419.567,306.998,0.797403
106,3.53687,7,4,698.5,304.66,623.492,261.356,0.667949
106,3.53687,8,4,604,277,496.434,232.612,0.737688
106,3.53687,9,3,624.5,257.283,527.292,209.216,0.810615
106,3.53687,10,3,783.804,245.935,762.269,191.033,0.835252
106,3.53687,22,3,270,243.5,35.6379,202.467,0.8392
106,3.53687,11,4,370.571,234.429,169.745,188.981,0.733036
106,3.53687,12,3,665.935,232.196,591.135,177.478,0.82518
106,3.53687,13,3,335,185,106.288,128.027,0.820819
106,3.53687,14,3,575.5,156.833,463.229,79.404,0.815942
106,3.53687,15,3,617.781,152.562,530.277,71.2602,0.773606
106,3.53687,17,2,585,123.5,480.733,28.8564,0.558442
106,3.53687,20,3,558.165,123.47,437.212,30.2142,0.811864
107,3.57024,2,3,215.5,438,32.6584,393.4,0.880669
107,3.57024,6,4,436.5,373.5,279.08,334.986,0.8625
107,3.57024,21,3,271.105,345.895,70.2989,310.877,0.793706
107,3.57024,5,2,549,346,419.567,306.998,0.797403
107,3.57024,7,4,698.5,304.66,623.492,261.356,0.667949
107,3.57024,8,4,604,277,496.434,232.612,0.737688
107,3.57024,9,3,624.5,257.283,527.292,209.216,0.810615
107,3.57024,10,3,783.804,245.935,762.269,191.033,0.835252
107,3.57024,22,3,270,243.5,35.6379,202.467,0.8392
107,3.57024,11,4,370.571,234.429,169.745,188.981,0.733036
107,3.57024,12,3,665.935,232.196,591.135,177.478,0.82518
107,3.57024,13,3,335,185,106.288,128.027,0.820819
107,3.57024,14,3,575.5,156.833,463.229,79.404,0.815942
107,3.57024,15,3,617.781,152.562,530.277,71.2602,0.773606
107,3.57024,17,2,585,123.5,480.733,28.8564,0.558442
107,3.57024,20,3,558.165,123.47,437.212,30.2142,0.811864
107,3.57024,1,2,802.2,435,728.445,387.297,0.746667
107,3.57024,4,3,805.8,424.2,735.964,377.747,0.9
108,3.6036,2,3,215.5,438,32.6584,393.4,0.877695
108,3.6036,6,4,436,373.5,278.463,334.992,0.869954
108,3.6036,5,2,549,346,419.567,306.998,0.792208
108,3.6036,21,3,272.956,344.58,72.1782,309.581,0.805669
108,3.6036,7,4,698.5,304.66,623.492,261.356,0.667949
108,3.6036,8,4,603.892,276.947,496.288,232.553,0.741617
108,3.6036,9,3,624.5,257.283,527.292,209.216,0.802793
108,3.6036,10,3,783.804,245.935,762.269,191.033,0.835252
108,3.6036,22,3,270.5,243.5,36.308,202.453,0.844928
108,3.6036,11,4,370.107,233.893,168.979,188.352,0.746581
108,3.6036,12,3,665.935,232.196,591.135,177.478,0.828058
108,3.6036,13,3,335,185,106.288,128.027,0.824915
108,3.6036,14,3,575.5,156.833,463.229,79.404,0.814493
108,3.6036,15,3,617.781,152.562,530.277,71.2602,0.775093
108,3.6036,17,2,585,123.5,480.733,28.8564,0.61039
108,3.6036,20,3,558.216,124.396,437.265,31.6472,0.817588
109,3.63697,2,3,215.5,438,32.6584,393.4,0.877695
109,3.63697,6,4,436,373.5,278.463,334.992,0.874541
109,3.63697,5,2,549,346,419.567,306.998,0.792208
109,3.63697,21,3,273.5,344,72.6748,309.013,0.80381
109,3.63697,7,4,698.5,304.66,623.492,261.356,0.667949
109,3.63697,8,4,603.892,276.947,496.288,232.553,0.741617
109,3.63697,9,3,624.5,257.283,527.292,209.216,0.802793
109,3.63697,10,3,783.804,245.935,762.269,191.033,0.835252
109,3.63697,22,3,270.5,243.5,36.308,202.453,0.844928
109,3.63697,11,4,370.107,233.893,168.979,188.352,0.746581
109,3.63697,12,3,665.935,232.196,591.135,177.478,0.828058
109,3.63697,13,3,335,185,106.288,128.027,0.824915
109,3.63697,14,3,575.5,156.833,463.229,79.404,0.814493
109,3.63697,15,3,617.781,152.562,530.277,71.2602,0.775093
109,3.63697,17,2,585,123.5,480.733,28.8564,0.61039
109,3.63697,20,3,558.216,124.396,437.265,31.6472,0.817588
110,3.67034,2,3,215.5,438,32.6584,393.4,0.877695
110,3.67034,6,4,436,373.5,278.463,334.992,0.873394
110,3.67034,5,2,549,346,419.567,306.998,0.792208
110,3.67034,21,3,274,342.5,72.8478,307.552,0.810092
110,3.67034,7,4,698.5,304.66,623.492,261.356,0.667949
110,3.67034,8,4,603.892,276.947,496.288,232.553,0.741617
110,3.67034,9,3,624.5,257.283,527.292,209.216,0.802793
110,3.67034,10,3,783.804,245.935,762.269,191.033,0.835252
110,3.67034,22,3,270.5,243.5,36.308,202.453,0.844928
110,3.67034,11,4,370.107,233.893,168.979,188.352,0.746581
110,3.67034,12,3,665.935,232.196,591.135,177.478,0.828058
110,3.67034,13,3,335,185,106.288,128.027,0.824915
110,3.67034,14,3,575.5,156.833,463.229,79.404,0.814493
110,3.67034,15,3,617.781,152.562,530.277,71.2602,0.775093
110,3.67034,17,2,585,123.5,480.733,28.8564,0.61039
110,3.67034,20,3,558.216,124.396,437.265,31.6472,0.817588
111,3.7037,2,3,215.5,438,32.6584,393.4,0.877695
111,3.7037,6,4,436,373.5,278.463,334.992,0.872248
111,3.7037,5,2,549,346,419.567,306.998,0.792208
111,3.7037,21,3,275,340.72,73.5539,305.808,0.824706
111,3.7037,7,4,698.5,304.66,623.492,261.356,0.667949
111,3.7037,8,4,603.892,276.947,496.288,232.553,0.741617
111,3.7037,9,3,624.5,257.283,527.292,209.216,0.802793
111,3.7037,10,3,783.804,245.935,762.269,191.033,0.835252
111,3.7037,22,3,270.5,243.5,36.308,202.453,0.844928
111,3.7037,11,4,370.107,233.893,168.979,188.352,0.746581
111,3.7037,12,3,665.935,232.196,591.135,177.478,0.828058
111,3.7037,13,3,335,185,106.288,128.027,0.824915
111,3.7037,14,3,575.5,156.833,463.229,79.404,0.814493
111,3.7037,15,3,617.781,152.562,530.277,71.2602,0.775093
111,3.7037,17,2,585,123.5,480.733,28.8564,0.61039
111,3.7037,20,3,558.216,124.396,437.265,31.6472,0.817588
112,3.73707,2,3,215.5,438,32.6584,393.4,0.877695
112,3.73707,6,4,436,373.5,278.463,334.992,0.872248
112,3.73707,5,2,549,346,419.567,306.998,0.792208
112,3.73707,21,3,276.056,340.922,74.9116,305.989,0.812919
112,3.73707,7,4,698.5,304.66,623.492,261.356,0.667949
112,3.73707,8,4,603.892,276.947,496.288,232.553,0.741617
112,3.73707,9,3,624.5,257.283,527.292,209.216,0.802793
112,3.73707,10,3,783.804,245.935,762.269,191.033,0.835252
112,3.73707,22,3,270.5,243.5,36.308,202.453,0.844928
112,3.73707,11,4,370.107,233.893,168.979,188.352,0.746581
112,3.73707,12,3,665.935,232.196,591.135,177.478,0.828058
112,3.73707,13,3,335,185,106.288,128.027,0.824915
112,3.73707,14,3,575.5,156.833,463.229,79.404,0.814493
112,3.73707,15,3,617.781,152.562,530.277,71.2602,0.775093
112,3.73707,17,2,585,123.5,480.733,28.8564,0.61039
112,3.73707,20,3,558.216,124.396,437.265,31.6472,0.817588
112,3.73707,4,3,805.8,424.2,735.964,377.747,0.9
113,3.77044,2,3,215.5,438,32.6584,393.4,0.877695
113,3.77044,6,4,436,373.5,278.463,334.992,0.866514
113,3.77044,5,2,549,346,419.567,306.998,0.792208
113,3.77044,21,3,277.159,339.364,75.8145,304.454,0.825891
113,3.77044,7,4,698.5,304.66,623.492,261.356,0.667949
113,3.77044,8,4,603.892,276.947,496.288,232.553,0.741617
113,3.77044,9,3,624.5,257.283,527.292,209.216,0.802793
113,3.77044,10,3,783.804,245.935,762.269,191.033,0.835252
113,3.77044,22,3,270.5,243.5,36.308,202.453,0.844928
113,3.77044,11,4,370.107,233.893,168.979,188.352,0.746581
113,3.77044,12,3,665.935,232.196,591.135,177.478,0.828058
113,3.77044,13,3,335,185,106.288,128.027,0.824915
113,3.77044,14,3,575.5,156.833,463.229,79.404,0.814493
113,3.77044,15,3,617.781,152.562,530.277,71.2602,0.775093
113,3.77044,17,2,585,123.5,480.733,28.8564,0.61039
113,3.77044,20,3,558.216,124.396,437.265,31.6472,0.817588
113,3.77044,4,3,805.8,424.2,735.964,377.747,0.9
114,3.8038,2,3,215.5,438,32.6584,393.4,0.877695
114,3.8038,6,4,436,373.5,278.463,334.992,0.866514
114,3.8038,5,2,549,346,419.567,306.998,0.792208
114,3.8038,21,3,278.182,338.745,76.8946,303.835,0.796259
114,3.8038,7,4,698.5,304.66,623.492,261.356,0.667949
114,3.8038,8,4,603.892,276.947,496.288,232.553,0.741617
114,3.8038,9,3,624.5,257.283,527.292,209.216,0.802793
114,3.8038,10,3,783.804,245.935,762.269,191.033,0.835252
114,3.8038,22,3,270.5,243.5,36.308,202.453,0.844928
114,3.8038,11,4,370.107,233.893,168.979,188.352,0.746581
114,3.8038,12,3,665.935,232.196,591.135,177.478,0.828058
114,3.8038,13,3,335,185,106.288,128.027,0.824915
114,3.8038,14,3,575.5,156.833,463.229,79.404,0.814493
114,3.8038,15,3,617.781,152.562,530.277,71.2602,0.775093
114,3.8038,17,2,585,123.5,480.733,28.8564,0.61039
114,3.8038,20,3,558.216,124.396,437.265,31.6472,0.817588
114,3.8038,4,3,805.8,424.2,735.964,377.747,0.9
115,3.83717,2,3,215.5,438,32.6584,393.4,0.877695
115,3.83717,6,4,436,373.5,278.463,334.992,0.86422
115,3.83717,5,2,549,346,419.567,306.998,0.792208
115,3.83717,21,3,278.756,337.733,77.3076,302.836,0.773832
115,3.83717,7,4,698.5,304.66,623.492,261.356,0.667949
115,3.83717,8,4,603.892,276.947,496.288,232.553,0.741617
115,3.83717,9,3,624.5,257.283,527.292,209.216,0.802793
115,3.83717,10,3,783.804,245.935,762.269,191.033,0.835252
115,3.83717,22,3,270.5,243.5,36.308,202.453,0.844928
115,3.83717,11,4,370.107,233.893,168.979,188.352,0.746581
115,3.83717,12,3,665.935,232.196,591.135,177.478,0.828058
115,3.83717,13,3,335,185,106.288,128.027,0.824915
115,3.83717,14,3,575.5,156.833,463.229,79.404,0.814493
115,3.83717,15,3,617.781,152.562,530.277,71.2602,0.775093
115,3.83717,17,2,585,123.5,480.733,28.8564,0.61039
115,3.83717,20,3,558.216,124.396,437.265,31.6472,0.817588
115,3.83717,4,3,805.8,424.2,735.964,377.747,0.9
116,3.87054,2,3,215.5,438,32.6584,393.4,0.877695
116,3.87054,6,4,436,373.5,278.463,334.992,0.861927
116,3.87054,5,2,549,346,419.567,306.998,0.792208
116,3.87054,21,3,280.209,337.245,78.96,302.337,0.770726
116,3.87054,7,4,698.5,304.66,623.492,261.356,0.667949
116,3.87054,8,4,603.892,276.947,496.288,232.553,0.741617
116,3.87054,9,3,624.5,257.283,527.292,209.216,0.802793
116,3.87054,10,3,783.804,245.935,762.269,191.033,0.835252
116,3.87054,22,3,270.5,243.5,36.308,202.453,0.844928
116,3.87054,11,4,370.107,233.893,168.979,188.352,0.746581
116,3.87054,12,3,665.935,232.196,591.135,177.478,0.828058
116,3.87054,13,3,335,185,106.288,128.027,0.824915
116,3.87054,14,3,575.5,156.833,463.229,79.404,0.814493
116,3.87054,15,3,617.781,152.562,530.277,71.2602,0.775093
116,3.87054,17,2,585,123.5,480.733,28.8564,0.61039
116,3.87054,20,3,558.216,124.396,437.265,31.6472,0.817588
117,3.9039,2,3,215.5,438,32.6584,393.4,0.877695
117,3.9039,6,4,437,373.5,279.697,334.981,0.872248
117,3.9039,5,2,549,346,419.567,306.998,0.792208
117,3.9039,21,3,281,336.5,79.7212,301.594,0.768293
117,3.9039,7,4,698.5,304.66,623.492,261.356,0.667949
117,3.9039,8,4,603.892,276.947,496.288,232.553,0.741617
117,3.9039,9,3,624.5,257.283,527.292,209.216,0.802793
117,3.9039,10,3,783.804,245.935,762.269,191.033,0.835252
117,3.9039,22,3,270.5,243.5,36.308,202.453,0.844928
117,3.9039,11,4,370.107,233.893,168.979,188.352,0.746581
117,3.9039,12,3,665.935,232.196,591.135,177.478,0.828058
117,3.9039,13,3,335,185,106.288,128.027,0.824915
117,3.9039,14,3,575.5,156.833,463.229,79.404,0.814493
117,3.9039,15,3,617.781,152.562,530.277,71.2602,0.775093
117,3.9039,17,2,585,123.5,480.733,28.8564,0.61039
117,3.9039,20,3,558.216,124.396,437.265,31.6472,0.817588
118,3.93727,2,3,215.5,438,32.6584,393.4,0.877695
118,3.93727,6,4,437,373.5,279.697,334.981,0.863073
118,3.93727,5,2,549,346,419.567,306.998,0.792208
118,3.93727,21,3,282.155,335.227,80.7809,300.326,0.772558
118,3.93727,7,4,698.5,304.66,623.492,261.356,0.667949
118,3.93727,8,4,603.892,276.947,496.288,232.553,0.741617
118,3.93727,9,3,624.5,257.283,527.292,209.216,0.802793
118,3.93727,10,3,783.804,245.935,762.269,191.033,0.835252
118,3.93727,22,3,270.5,243.5,36.308,202.453,0.844928
118,3.93727,11,4,370.107,233.893,168.979,188.352,0.746581
118,3.93727,12,3,665.935,232.196,591.135,177.478,0.828058
118,3.93727,13,3,335,185,106.288,128.027,0.824915
118,3.93727,14,3,575.5,156.833,463.229,79.404,0.814493
118,3.93727,15,3,617.781,152.562,530.277,71.2602,0.775093
118,3.93727,17,2,585,123.5,480.733,28.8564,0.61039
118,3.93727,20,3,558.216,124.396,437.265,31.6472,0.817588
119,3.97064,2,3,215.5,438,32.6584,393.4,0.873234
119,3.97064,6,4,437,373.5,279.697,334.981,0.859633
119,3.97064,5,2,549,346,419.567,306.998,0.792208
119,3.97064,21,3,283,334.5,81.6177,299.598,0.78
119,3.97064,7,4,698.5,304.66,623.492,261.356,0.667949
119,3.97064,8,4,603.892,276.947,496.288,232.553,0.741617
119,3.97064,9,3,624.5,257.283,527.292,209.216,0.802793
119,3.97064,10,3,783.804,245.935,762.269,191.033,0.835252
119,3.97064,22,3,270.5,243.5,36.308,202.453,0.844928
119,3.97064,11,4,370.107,233.893,168.979,188.352,0.746581
119,3.97064,12,3,665.935,232.196,591.135,177.478,0.828058
119,3.97064,13,3,335,185,106.288,128.027,0.824915
119,3.97064,14,3,575.5,156.833,463.229,79.404,0.814493
119,3.97064,15,3,617.781,152.562,530.277,71.2602,0.775093
119,3.97064,17,2,585,123.5,480.733,28.8564,0.61039
119,3.97064,20,3,558.216,124.396,437.265,31.6472,0.817588
120,4.004,2,3,215.5,438,32.6584,393.4,0.868773
120,4.004,6,4,437,373.5,279.697,334.981,0.871101
120,4.004,5,2,549.473,346.078,420.177,307.069,0.785354
120,4.004,21,3,283,334.231,81.54,299.332,0.783047
120,4.004,7,4,698.5,304.66,623.492,261.356,0.666667
120,4.004,8,4,604,277,496.434,232.612,0.742192
120,4.004,9,3,624.5,257.283,527.292,209.216,0.802793
120,4.004,10,3,783.804,245.935,762.269,191.033,0.835252
120,4.004,22,3,270,243.5,35.6379,202.467,0.8392
120,4.004,11,4,370.107,233.893,168.979,188.352,0.746581
120,4.004,12,3,665.97,232.211,591.184,177.496,0.831884
120,4.004,13,3,335,185,106.288,128.027,0.820819
120,4.004,14,3,575.5,156.833,463.229,79.404,0.814493
120,4.004,15,3,617.781,152.562,530.277,71.2602,0.770632
120,4.004,17,2,584.682,123,480.255,28.0927,0.585714
120,4.004,20,3,558.168,123.527,437.215,30.3012,0.81236
121,4.03737,2,3,215.5,438,32.6584,393.4,0.868773
121,4.03737,6,4,437,373.5,279.697,334.981,0.866514
121,4.03737,5,2,549.473,346.078,420.177,307.069,0.785354
121,4.03737,21,3,284.5,333,83.045,298.095,0.790732
121,4.03737,7,4,698.5,304.66,623.492,261.356,0.666667
121,4.03737,8,4,604,277,496.434,232.612,0.742192
121,4.03737,9,3,624.5,257.283,527.292,209.216,0.802793
121,4.03737,10,3,783.804,245.935,762.269,191.033,0.835252
121,4.03737,22,3,270,243.5,35.6379,202.467,0.8392
121,4.03737,11,4,370.107,233.893,168.979,188.352,0.746581
121,4.03737,12,3,665.97,232.211,591.184,177.496,0.831884
121,4.03737,13,3,335,185,106.288,128.027,0.820819
121,4.03737,14,3,575.5,156.833,463.229,79.404,0.814493
121,4.03737,15,3,617.781,152.562,530.277,71.2602,0.770632
121,4.03737,17,2,584.682,123,480.255,28.0927,0.585714
121,4.03737,20,3,558.168,123.527,437.215,30.3012,0.81236
122,4.07074,2,3,215.5,438,32.6584,393.4,0.868773
122,4.07074,6,4,437,373.5,279.697,334.981,0.861927
122,4.07074,5,2,549.473,346.078,420.177,307.069,0.785354
122,4.07074,21,3,285.5,332.5,84.1422,297.585,0.813265
122,4.07074,7,4,698.5,304.66,623.492,261.356,0.666667
122,4.07074,8,4,604,277,496.434,232.612,0.742192
122,4.07074,9,3,624.5,257.283,527.292,209.216,0.802793
122,4.07074,10,3,783.804,245.935,762.269,191.033,0.835252
122,4.07074,22,3,270,243.5,35.6379,202.467,0.8392
122,4.07074,11,4,370.107,233.893,168.979,188.352,0.746581
122,4.07074,12,3,665.97,232.211,591.184,177.496,0.831884
122,4.07074,13,3,335,185,106.288,128.027,0.820819
122,4.07074,14,3,575.5,156.833,463.229,79.404,0.814493
122,4.07074,15,3,617.781,152.562,530.277,71.2602,0.770632
122,4.07074,17,2,584.682,123,480.255,28.0927,0.585714
122,4.07074,20,3,558.168,123.527,437.215,30.3012,0.81236
123,4.1041,2,3,215.5,438,32.6584,393.4,0.868773
123,4.1041,6,4,437,373.5,279.697,334.981,0.861927
123,4.1041,5,2,549.473,346.078,420.177,307.069,0.785354
123,4.1041,21,3,286,331.231,84.3992,296.321,0.810565
123,4.1041,7,4,698.5,304.66,623.492,261.356,0.666667
123,4.1041,8,4,604,277,496.434,232.612,0.742192
123,4.1041,9,3,624.5,257.283,527.292,209.216,0.802793
123,4.1041,10,3,783.804,245.935,762.269,191.033,0.835252
123,4.1041,22,3,270,243.5,35.6379,202.467,0.8392
123,4.1041,11,4,370.107,233.893,168.979,188.352,0.746581
123,4.1041,12,3,665.97,232.211,591.184,177.496,0.831884
123,4.1041,13,3,335,185,106.288,128.027,0.820819
123,4.1041,14,3,575.5,156.833,463.229,79.404,0.814493
123,4.1041,15,3,617.781,152.562,530.277,71.2602,0.770632
123,4.1041,17,2,584.682,123,480.255,28.0927,0.585714
123,4.1041,20,3,558.168,123.527,437.215,30.3012,0.81236
124,4.13747,2,3,215.5,438,32.6584,393.4,0.868773
124,4.13747,6,4,437,373.5,279.697,334.981,0.867661
124,4.13747,5,2,549.473,346.078,420.177,307.069,0.785354
124,4.13747,21,3,286.5,330.885,84.9215,295.97,0.829064
124,4.13747,7,4,698.5,304.66,623.492,261.356,0.666667
124,4.13747,8,4,604,277,496.434,232.612,0.742192
124,4.13747,9,3,624.5,257.283,527.292,209.216,0.802793
124,4.13747,10,3,783.804,245.935,762.269,191.033,0.835252
124,4.13747,22,3,270,243.5,35.6379,202.467,0.8392
124,4.13747,11,4,370.107,233.893,168.979,188.352,0.746581
124,4.13747,12,3,665.97,232.211,591.184,177.496,0.831884
124,4.13747,13,3,335,185,106.288,128.027,0.820819
124,4.13747,14,3,575.5,156.833,463.229,79.404,0.814493
124,4.13747,15,3,617.781,152.562,530.277,71.2602,0.770632
124,4.13747,17,2,584.682,123,480.255,28.0927,0.585714
124,4.13747,20,3,558.168,123.527,437.215,30.3012,0.81236
125,4.17084,2,3,215.5,438,32.6584,393.4,0.868773
125,4.17084,6,4,437,373.5,279.697,334.981,0.866514
125,4.17084,5,2,549.473,346.078,420.177,307.069,0.785354
125,4.17084,21,3,287.757,330.33,86.326,295.4,0.819593
125,4.17084,7,4,698.5,304.66,623.492,261.356,0.666667
125,4.17084,8,4,604,277,496.434,232.612,0.742192
125,4.17084,9,3,624.5,257.283,527.292,209.216,0.802793
125,4.17084,10,3,783.804,245.935,762.269,191.033,0.835252
125,4.17084,22,3,270,243.5,35.6379,202.467,0.8392
125,4.17084,11,4,370.107,233.893,168.979,188.352,0.746581
125,4.17084,12,3,665.97,232.211,591.184,177.496,0.831884
125,4.17084,13,3,335,185,106.288,128.027,0.820819
125,4.17084,14,3,575.5,156.833,463.229,79.404,0.814493
125,4.17084,15,3,617.781,152.562,530.277,71.2602,0.770632
125,4.17084,17,2,584.682,123,480.255,28.0927,0.585714
125,4.17084,20,3,558.168,123.527,437.215,30.3012,0.81236
126,4.2042,2,3,215.5,438,32.6584,393.4,0.868773
126,4.2042,6,4,437,373.5,279.697,334.981,0.865367
126,4.2042,5,2,549.473,346.078,420.177,307.069,0.785354
126,4.2042,21,3,288.5,329,86.8716,294.066,0.823902
126,4.2042,7,4,698.5,304.66,623.492,261.356,0.666667
126,4.2042,8,4,604,277,496.434,232.612,0.742192
126,4.2042,9,3,624.5,257.283,527.292,209.216,0.802793
126,4.2042,10,3,783.804,245.935,762.269,191.033,0.835252
126,4.2042,22,3,270,243.5,35.6379,202.467,0.8392
126,4.2042,11,4,370.107,233.893,168.979,188.352,0.746581
126,4.2042,12,3,665.97,232.211,591.184,177.496,0.831884
126,4.2042,13,3,335,185,106.288,128.027,0.820819
126,4.2042,14,3,575.5,156.833,463.229,79.404,0.814493
126,4.2042,15,3,617.781,152.562,530.277,71.2602,0.770632
126,4.2042,17,2,584.682,123,480.255,28.0927,0.585714
126,4.2042,20,3,558.168,123.527,437.215,30.3012,0.81236
127,4.23757,2,3,215.5,438,32.6584,393.4,0.868773
127,4.23757,6,4,437,373.5,279.697,334.981,0.866514
127,4.23757,5,2,549.473,346.078,420.177,307.069,0.785354
127,4.23757,21,3,289.809,328.712,88.4203,293.759,0.81639
127,4.23757,7,4,698.5,304.66,623.492,261.356,0.666667
127,4.23757,8,4,604,277,496.434,232.612,0.742192
127,4.23757,9,3,624.5,257.283,527.292,209.216,0.802793
127,4.23757,10,3,783.804,245.935,762.269,191.033,0.835252
127,4.23757,22,3,270,243.5,35.6379,202.467,0.8392
127,4.23757,11,4,370.107,233.893,168.979,188.352,0.746581
127,4.23757,12,3,665.97,232.211,591.184,177.496,0.831884
127,4.23757,13,3,335,185,106.288,128.027,0.820819
127,4.23757,14,3,575.5,156.833,463.229,79.404,0.814493
127,4.23757,15,3,617.781,152.562,530.277,71.2602,0.770632
127,4.23757,17,2,584.682,123,480.255,28.0927,0.585714
127,4.23757,20,3,558.168,123.527,437.215,30.3012,0.81236
128,4.27094,2,3,215.5,438,32.6584,393.4,0.868773
128,4.27094,6,4,437,373.5,279.697,334.981,0.869954
128,4.27094,5,2,549.473,346.078,420.177,307.069,0.785354
128,4.27094,21,3,290.5,327.463,88.9277,292.502,0.815789
128,4.27094,7,4,698.5,304.66,623.492,261.356,0.666667
128,4.27094,8,4,604,277,496.434,232.612,0.742192
128,4.27094,9,3,624.5,257.283,527.292,209.216,0.802793
128,4.27094,10,3,783.804,245.935,762.269,191.033,0.835252
128,4.27094,22,3,270,243.5,35.6379,202.467,0.8392
128,4.27094,11,4,370.107,233.893,168.979,188.352,0.746581
128,4.27094,12,3,665.97,232.211,591.184,177.496,0.831884
128,4.27094,13,3,335,185,106.288,128.027,0.820819
128,4.27094,14,3,575.5,156.833,463.229,79.404,0.814493
128,4.27094,15,3,617.781,152.562,530.277,71.2602,0.770632
128,4.27094,17,2,584.682,123,480.255,28.0927,0.585714
128,4.27094,20,3,558.168,123.527,437.215,30.3012,0.81236
129,4.3043,2,3,215.5,438,32.6584,393.4,0.868773
129,4.3043,6,4,437,373.5,279.697,334.981,0.874541
129,4.3043,5,2,549.473,346.078,420.177,307.069,0.785354
129,4.3043,21,3,291.062,327.062,89.5162,292.093,0.818049
129,4.3043,7,4,698.5,304.66,623.492,261.356,0.666667
129,4.3043,8,4,604,277,496.434,232.612,0.742192
129,4.3043,9,3,624.5,257.283,527.292,209.216,0.802793
129,4.3043,10,3,783.804,245.935,762.269,191.033,0.835252
129,4.3043,22,3,270,243.5,35.6379,202.467,0.8392
129,4.3043,11,4,370.107,233.893,168.979,188.352,0.746581
129,4.3043,12,3,665.97,232.211,591.184,177.496,0.831884
129,4.3043,13,3,335,185,106.288,128.027,0.820819
129,4.3043,14,3,575.5,156.833,463.229,79.404,0.814493
129,4.3043,15,3,617.781,152.562,530.277,71.2602,0.770632
129,4.3043,17,2,584.682,123,480.255,28.0927,0.585714
129,4.3043,20,3,558.168,123.527,437.215,30.3012,0.81236
130,4.33767,2,3,215.5,438,32.6584,393.4,0.868773
130,4.33767,6,4,437,373.5,279.697,334.981,0.871101
130,4.33767,5,2,549.473,346.078,420.177,307.069,0.785354
130,4.33767,21,3,292.182,326.745,90.8242,291.759,0.811222
130,4.33767,7,4,698.5,304.66,623.492,261.356,0.666667
130,4.33767,8,4,604,277,496.434,232.612,0.742192
130,4.33767,9,3,624.5,257.283,527.292,209.216,0.802793
130,4.33767,10,3,783.804,245.935,762.269,191.033,0.835252
130,4.33767,22,3,270,243.5,35.6379,202.467,0.8392
130,4.33767,11,4,370.107,233.893,168.979,188.352,0.746581
130,4.33767,12,3,665.97,232.211,591.184,177.496,0.831884
130,4.33767,13,3,335,185,106.288,128.027,0.820819
130,4.33767,14,3,575.5,156.833,463.229,79.404,0.814493
130,4.33767,15,3,617.781,152.562,530.277,71.2602,0.770632
130,4.33767,17,2,584.682,123,480.255,28.0927,0.585714
130,4.33767,20,3,558.168,123.527,437.215,30.3012,0.81236
131,4.37104,2,3,215.5,438,32.6584,393.4,0.868773
131,4.37104,6,4,437,373.5,279.697,334.981,0.874541
131,4.37104,5,2,549.473,346.078,420.177,307.069,0.785354
131,4.37104,21,3,293.113,326.047,91.791,291.045,0.804211
131,4.37104,7,4,698.5,304.66,623.492,261.356,0.666667
131,4.37104,8,4,604,277,496.434,232.612,0.742192
131,4.37104,9,3,624.5,257.283,527.292,209.216,0.802793
131,4.37104,10,3,783.804,245.935,762.269,191.033,0.835252
131,4.37104,22,3,270,243.5,35.6379,202.467,0.8392
131,4.37104,11,4,370.107,233.893,168.979,188.352,0.746581
131,4.37104,12,3,665.97,232.211,591.184,177.496,0.831884
131,4.37104,13,3,335,185,106.288,128.027,0.820819
131,4.37104,14,3,575.5,156.833,463.229,79.404,0.814493
131,4.37104,15,3,617.781,152.562,530.277,71.2602,0.770632
131,4.37104,17,2,584.682,123,480.255,28.0927,0.585714
131,4.37104,20,3,558.168,123.527,437.215,30.3012,0.81236
132,4.4044,2,3,215.5,438,32.6584,393.4,0.868773
132,4.4044,6,4,436.5,373.5,279.08,334.986,0.846875
132,4.4044,5,2,549.473,346.078,420.177,307.069,0.785354
132,4.4044,21,3,294,324.82,92.5546,289.801,0.81145
132,4.4044,7,4,698.5,304.66,623.492,261.356,0.666667
132,4.4044,8,4,604,277,496.434,232.612,0.742192
132,4.4044,9,3,624.5,257.283,527.292,209.216,0.802793
132,4.4044,10,3,783.804,245.935,762.269,191.033,0.835252
132,4.4044,22,3,269.936,243.787,35.6549,202.802,0.840081
132,4.4044,11,4,370.107,233.893,168.979,188.352,0.742308
132,4.4044,12,3,665.97,232.211,591.184,177.496,0.831884
132,4.4044,13,3,335,185,106.288,128.027,0.822184
132,4.4044,14,3,575.5,156.833,463.229,79.404,0.814493
132,4.4044,15,3,617.781,152.562,530.277,71.2602,0.770632
132,4.4044,17,2,584.682,123,480.255,28.0927,0.585714
132,4.4044,20,3,558.188,123.886,437.236,30.8585,0.813979
133,4.43777,2,3,215.5,438,32.6584,393.4,0.868773
133,4.43777,6,4,436.5,373.5,279.08,334.986,0.845759
133,4.43777,5,2,549.473,346.078,420.177,307.069,0.785354
133,4.43777,21,3,295,324.5,93.7166,289.463,0.807317
133,4.43777,7,4,698.5,304.66,623.492,261.356,0.666667
133,4.43777,8,4,604,277,496.434,232.612,0.742192
133,4.43777,9,3,624.5,257.283,527.292,209.216,0.802793
133,4.43777,10,3,783.804,245.935,762.269,191.033,0.835252
133,4.43777,22,3,269.936,243.787,35.6549,202.802,0.840081
133,4.43777,11,4,370.107,233.893,168.979,188.352,0.742308
133,4.43777,12,3,665.97,232.211,591.184,177.496,0.831884
133,4.43777,13,3,335,185,106.288,128.027,0.822184
133,4.43777,14,3,575.5,156.833,463.229,79.404,0.814493
133,4.43777,15,3,617.781,152.562,530.277,71.2602,0.770632
133,4.43777,17,2,584.682,123,480.255,28.0927,0.585714
133,4.43777,20,3,558.188,123.886,437.236,30.8585,0.813979
134,4.47114,2,3,215.5,438,32.6584,393.4,0.868773
134,4.47114,6,4,436.5,373.5,279.08,334.986,0.846875
134,4.47114,5,2,549.473,346.078,420.177,307.069,0.785354
134,4.47114,21,3,295,324.5,93.7166,289.463,0.810244
134,4.47114,7,4,698.5,304.66,623.492,261.356,0.666667
134,4.47114,8,4,604,277,496.434,232.612,0.742192
134,4.47114,9,3,624.5,257.283,527.292,209.216,0.802793
134,4.47114,10,3,783.804,245.935,762.269,191.033,0.835252
134,4.47114,22,3,269.936,243.787,35.6549,202.802,0.840081
134,4.47114,11,4,370.107,233.893,168.979,188.352,0.742308
134,4.47114,12,3,665.97,232.211,591.184,177.496,0.831884
134,4.47114,13,3,335,185,106.288,128.027,0.822184
134,4.47114,14,3,575.5,156.833,463.229,79.404,0.814493
134,4.47114,15,3,617.781,152.562,530.277,71.2602,0.770632
134,4.47114,17,2,584.682,123,480.255,28.0927,0.585714
134,4.47114,20,3,558.188,123.886,437.236,30.8585,0.813979
135,4.5045,2,3,215.5,438,32.6584,393.4,0.868773
135,4.5045,6,4,436.5,373.5,279.08,334.986,0.846875
135,4.5045,5,2,549.473,346.078,420.177,307.069,0.785354
135,4.5045,21,3,295.5,322.98,93.9166,287.927,0.818593
135,4.5045,7,4,698.5,304.66,623.492,261.356,0.666667
135,4.5045,8,4,604,277,496.434,232.612,0.742192
135,4.5045,9,3,624.5,257.283,527.292,209.216,0.802793
135,4.5045,10,3,783.804,245.935,762.269,191.033,0.835252
135,4.5045,22,3,269.936,243.787,35.6549,202.802,0.840081
135,4.5045,11,4,370.107,233.893,168.979,188.352,0.742308
135,4.5045,12,3,665.97,232.211,591.184,177.496,0.831884
135,4.5045,13,3,335,185,106.288,128.027,0.822184
135,4.5045,14,3,575.5,156.833,463.229,79.404,0.814493
135,4.5045,15,3,617.781,152.562,530.277,71.2602,0.770632
135,4.5045,17,2,584.682,123,480.255,28.0927,0.585714
135,4.5045,20,3,558.188,123.886,437.236,30.8585,0.813979
136,4.53787,2,3,215.5,438,32.6584,393.4,0.868773
136,4.53787,6,4,436.5,373.5,279.08,334.986,0.850223
136,4.53787,5,2,549.473,346.078,420.177,307.069,0.785354
136,4.53787,21,3,296.5,322.5,95.0364,287.427,0.825
136,4.53787,7,4,698.5,304.66,623.492,261.356,0.666667
136,4.53787,8,4,604,277,496.434,232.612,0.742192
136,4.53787,9,3,624.5,257.283,527.292,209.216,0.802793
136,4.53787,10,3,783.804,245.935,762.269,191.033,0.835252
136,4.53787,22,3,269.936,243.787,35.6549,202.802,0.840081
136,4.53787,11,4,370.107,233.893,168.979,188.352,0.742308
136,4.53787,12,3,665.97,232.211,591.184,177.496,0.831884
136,4.53787,13,3,335,185,106.288,128.027,0.822184
136,4.53787,14,3,575.5,156.833,463.229,79.404,0.814493
136,4.53787,15,3,617.781,152.562,530.277,71.2602,0.770632
136,4.53787,17,2,584.682,123,480.255,28.0927,0.585714
136,4.53787,20,3,558.188,123.886,437.236,30.8585,0.813979
137,4.57124,2,3,215.5,438,32.6584,393.4,0.868773
137,4.57124,6,4,436.5,373.5,279.08,334.986,0.846875
137,4.57124,5,2,549.473,346.078,420.177,307.069,0.785354
137,4.57124,21,3,298,322,96.7795,286.898,0.825891
137,4.57124,7,4,698.5,304.66,623.492,261.356,0.666667
137,4.57124,8,4,604,277,496.434,232.612,0.742192
137,4.57124,9,3,624.5,257.283,527.292,209.216,0.802793
137,4.57124,10,3,783.804,245.935,762.269,191.033,0.835252
137,4.57124,22,3,269.936,243.787,35.6549,202.802,0.840081
137,4.57124,11,4,370.107,233.893,168.979,188.352,0.742308
137,4.57124,12,3,665.97,232.211,591.184,177.496,0.831884
137,4.57124,13,3,335,185,106.288,128.027,0.822184
137,4.57124,14,3,575.5,156.833,463.229,79.404,0.814493
137,4.57124,15,3,617.781,152.562,530.277,71.2602,0.770632
137,4.57124,17,2,584.682,123,480.255,28.0927,0.585714
137,4.57124,20,3,558.188,123.886,437.236,30.8585,0.813979
138,4.6046,2,3,215.5,438,32.6584,393.4,0.868773
138,4.6046,6,4,436.5,373.5,279.08,334.986,0.855804
138,4.6046,5,2,549.473,346.078,420.177,307.069,0.785354
138,4.6046,21,3,297.114,321.026,95.3949,285.929,0.833333
138,4.6046,7,4,698.5,304.66,623.492,261.356,0.666667
138,4.6046,8,4,604,277,496.434,232.612,0.742192
138,4.6046,9,3,624.5,257.283,527.292,209.216,0.802793
138,4.6046,10,3,783.804,245.935,762.269,191.033,0.835252
138,4.6046,22,3,269.936,243.787,35.6549,202.802,0.840081
138,4.6046,11,4,370.107,233.893,168.979,188.352,0.742308
138,4.6046,12,3,665.97,232.211,591.184,177.496,0.831884
138,4.6046,13,3,335,185,106.288,128.027,0.822184
138,4.6046,14,3,575.5,156.833,463.229,79.404,0.814493
138,4.6046,15,3,617.781,152.562,530.277,71.2602,0.770632
138,4.6046,17,2,584.682,123,480.255,28.0927,0.585714
138,4.6046,20,3,558.188,123.886,437.236,30.8585,0.813979
139,4.63797,2,3,215.5,438,32.6584,393.4,0.868773
139,4.63797,6,4,436.5,373.5,279.08,334.986,0.853571
139,4.63797,5,2,549.473,346.078,420.177,307.069,0.785354
139,4.63797,21,3,299,320.5,97.6187,285.365,0.83561
139,4.63797,7,4,698.5,304.66,623.492,261.356,0.666667
139,4.63797,8,4,604,277,496.434,232.612,0.742192
139,4.63797,9,3,624.5,257.283,527.292,209.216,0.802793
139,4.63797,10,3,783.804,245.935,762.269,191.033,0.835252
139,4.63797,22,3,269.936,243.787,35.6549,202.802,0.840081
139,4.63797,11,4,370.107,233.893,168.979,188.352,0.742308
139,4.63797,12,3,665.97,232.211,591.184,177.496,0.831884
139,4.63797,13,3,335,185,106.288,128.027,0.822184
139,4.63797,14,3,575.5,156.833,463.229,79.404,0.814493
139,4.63797,15,3,617.781,152.562,530.277,71.2602,0.770632
139,4.63797,17,2,584.682,123,480.255,28.0927,0.585714
139,4.63797,20,3,558.188,123.886,437.236,30.8585,0.813979
140,4.67134,2,3,215.5,438,32.6584,393.4,0.868773
140,4.67134,6,4,436.5,373.5,279.08,334.986,0.855804
140,4.67134,5,2,549.473,346.078,420.177,307.069,0.785354
140,4.67134,21,3,300.216,320.569,99.1665,285.415,0.826992
140,4.67134,7,4,698.5,304.66,623.492,261.356,0.666667
140,4.67134,8,4,604,277,496.434,232.612,0.742192
140,4.67134,9,3,624.5,257.283,527.292,209.216,0.802793
140,4.67134,10,3,783.804,245.935,762.269,191.033,0.835252
140,4.67134,22,3,269.936,243.787,35.6549,202.802,0.840081
140,4.67134,11,4,370.107,233.893,168.979,188.352,0.742308
140,4.67134,12,3,665.97,232.211,591.184,177.496,0.831884
140,4.67134,13,3,335,185,106.288,128.027,0.822184
140,4.67134,14,3,575.5,156.833,463.229,79.404,0.814493
140,4.67134,15,3,617.781,152.562,530.277,71.2602,0.770632
140,4.67134,17,2,584.682,123,480.255,28.0927,0.585714
140,4.67134,20,3,558.188,123.886,437.236,30.8585,0.813979
141,4.7047,2,3,215.5,438,32.6584,393.4,0.868773
141,4.7047,6,4,436.5,373.5,279.08,334.986,0.85692
141,4.7047,5,2,549.473,346.078,420.177,307.069,0.785354
141,4.7047,21,3,300.5,319.792,99.3093,284.623,0.824607
141,4.7047,7,4,698.5,304.66,623.492,261.356,0.666667
141,4.7047,8,4,604,277,496.434,232.612,0.742192
141,4.7047,9,3,624.5,257.283,527.292,209.216,0.802793
141,4.7047,10,3,783.804,245.935,762.269,191.033,0.835252
141,4.7047,22,3,269.936,243.787,35.6549,202.802,0.840081
141,4.7047,11,4,370.107,233.893,168.979,188.352,0.742308
141,4.7047,12,3,665.97,232.211,591.184,177.496,0.831884
141,4.7047,13,3,335,185,106.288,128.027,0.822184
141,4.7047,14,3,575.5,156.833,463.229,79.404,0.814493
141,4.7047,15,3,617.781,152.562,530.277,71.2602,0.770632
141,4.7047,17,2,584.682,123,480.255,28.0927,0.585714
141,4.7047,20,3,558.188,123.886,437.236,30.8585,0.813979
142,4.73807,2,3,215.5,438,32.6584,393.4,0.868773
142,4.73807,6,4,436.5,373.5,279.08,334.986,0.855804
142,4.73807,5,2,549.473,346.078,420.177,307.069,0.785354
142,4.73807,21,3,300.5,318.86,99.0511,283.678,0.833005
142,4.73807,7,4,698.5,304.66,623.492,261.356,0.666667
142,4.73807,8,4,604,277,496.434,232.612,0.742192
142,4.73807,9,3,624.5,257.283,527.292,209.216,0.802793
142,4.73807,10,3,783.804,245.935,762.269,191.033,0.835252
142,4.73807,22,3,269.936,243.787,35.6549,202.802,0.840081
142,4.73807,11,4,370.107,233.893,168.979,188.352,0.742308
142,4.73807,12,3,665.97,232.211,591.184,177.496,0.831884
142,4.73807,13,3,335,185,106.288,128.027,0.822184
142,4.73807,14,3,575.5,156.833,463.229,79.404,0.814493
142,4.73807,15,3,617.781,152.562,530.277,71.2602,0.770632
142,4.73807,17,2,584.682,123,480.255,28.0927,0.585714
142,4.73807,20,3,558.188,123.886,437.236,30.8585,0.813979
143,4.77144,2,3,215.5,438,32.6584,393.4,0.868773
143,4.77144,6,4,436.5,373.5,279.08,334.986,0.858036
143,4.77144,5,2,549.473,346.078,420.177,307.069,0.785354
143,4.77144,21,3,301.5,318.5,100.211,283.296,0.832653
143,4.77144,7,4,698.5,304.66,623.492,261.356,0.666667
143,4.77144,8,4,604,277,496.434,232.612,0.742192
143,4.77144,9,3,624.5,257.283,527.292,209.216,0.802793
143,4.77144,10,3,783.804,245.935,762.269,191.033,0.835252
143,4.77144,22,3,269.936,243.787,35.6549,202.802,0.840081
143,4.77144,11,4,370.107,233.893,168.979,188.352,0.742308
143,4.77144,12,3,665.97,232.211,591.184,177.496,0.831884
143,4.77144,13,3,335,185,106.288,128.027,0.822184
143,4.77144,14,3,575.5,156.833,463.229,79.404,0.814493
143,4.77144,15,3,617.781,152.562,530.277,71.2602,0.770632
143,4.77144,17,2,584.682,123,480.255,28.0927,0.585714
143,4.77144,20,3,558.188,123.886,437.236,30.8585,0.813979
144,4.8048,2,3,215.5,438,32.6584,393.4,0.868773
144,4.8048,6,4,436.5,373.5,279.08,334.986,0.858036
144,4.8048,5,2,549.473,346.078,420.177,307.069,0.785354
144,4.8048,21,3,302.5,318.02,101.34,282.791,0.827638
144,4.8048,7,4,698.5,304.66,623.492,261.356,0.666667
144,4.8048,8,4,604,277,496.434,232.612,0.742192
144,4.8048,9,3,624.5,257.283,527.292,209.216,0.801676
144,4.8048,10,3,783.804,245.935,762.269,191.033,0.835252
144,4.8048,22,3,270.5,243.5,36.308,202.453,0.844928
144,4.8048,11,4,370.571,234.429,169.745,188.981,0.735268
144,4.8048,12,3,665.97,232.211,591.184,177.496,0.831884
144,4.8048,13,3,335,185,106.288,128.027,0.827645
144,4.8048,14,3,575.5,156.833,463.229,79.404,0.814493
144,4.8048,15,3,617.781,152.562,530.277,71.2602,0.770632
144,4.8048,17,2,584.682,123,480.255,28.0927,0.585714
144,4.8048,20,3,558.168,123.527,437.215,30.3012,0.81236
145,4.83817,2,3,215.5,438,32.6584,393.4,0.868773
145,4.83817,6,4,436.5,373.5,279.08,334.986,0.858036
145,4.83817,5,2,549.473,346.078,420.177,307.069,0.785354
145,4.83817,21,3,302.69,316.929,101.279,281.677,0.829529
145,4.83817,7,4,698.5,304.66,623.492,261.356,0.666667
145,4.83817,8,4,604,277,496.434,232.612,0.742192
145,4.83817,9,3,624.5,257.283,527.292,209.216,0.801676
145,4.83817,10,3,783.804,245.935,762.269,191.033,0.835252
145,4.83817,22,3,270.5,243.5,36.308,202.453,0.844928
145,4.83817,11,4,370.571,234.429,169.745,188.981,0.735268
145,4.83817,12,3,665.97,232.211,591.184,177.496,0.831884
145,4.83817,13,3,335,185,106.288,128.027,0.827645
145,4.83817,14,3,575.5,156.833,463.229,79.404,0.814493
145,4.83817,15,3,617.781,152.562,530.277,71.2602,0.770632
145,4.83817,17,2,584.682,123,480.255,28.0927,0.585714
145,4.83817,20,3,558.168,123.527,437.215,30.3012,0.81236
146,4.87154,2,3,215.5,438,32.6584,393.4,0.868773
146,4.87154,6,4,436.5,373.5,279.08,334.986,0.858036
146,4.87154,5,2,549.473,346.078,420.177,307.069,0.785354
146,4.87154,21,3,303,316.5,101.552,281.235,0.814146
146,4.87154,7,4,698.5,304.66,623.492,261.356,0.666667
146,4.87154,8,4,604,277,496.434,232.612,0.742192
146,4.87154,9,3,624.5,257.283,527.292,209.216,0.801676
146,4.87154,10,3,783.804,245.935,762.269,191.033,0.835252
146,4.87154,22,3,270.5,243.5,36.308,202.453,0.844928
146,4.87154,11,4,370.571,234.429,169.745,188.981,0.735268
146,4.87154,12,3,665.97,232.211,591.184,177.496,0.831884
146,4.87154,13,3,335,185,106.288,128.027,0.827645
146,4.87154,14,3,575.5,156.833,463.229,79.404,0.814493
146,4.87154,15,3,617.781,152.562,530.277,71.2602,0.770632
146,4.87154,17,2,584.682,123,480.255,28.0927,0.585714
146,4.87154,20,3,558.168,123.527,437.215,30.3012,0.81236
147,4.9049,2,3,215.5,438,32.6584,393.4,0.868773
147,4.9049,6,4,436.5,373.5,279.08,334.986,0.858036
147,4.9049,5,2,549.473,346.078,420.177,307.069,0.785354
147,4.9049,21,3,304,316,102.678,280.708,0.801188
147,4.9049,7,4,698.5,304.66,623.492,261.356,0.666667
147,4.9049,8,4,604,277,496.434,232.612,0.742192
147,4.9049,9,3,624.5,257.283,527.292,209.216,0.801676
147,4.9049,10,3,783.804,245.935,762.269,191.033,0.835252
147,4.9049,22,3,270.5,243.5,36.308,202.453,0.844928
147,4.9049,11,4,370.571,234.429,169.745,188.981,0.735268
147,4.9049,12,3,665.97,232.211,591.184,177.496,0.831884
147,4.9049,13,3,335,185,106.288,128.027,0.827645
147,4.9049,14,3,575.5,156.833,463.229,79.404,0.814493
147,4.9049,15,3,617.781,152.562,530.277,71.2602,0.770632
147,4.9049,17,2,584.682,123,480.255,28.0927,0.585714
147,4.9049,20,3,558.168,123.527,437.215,30.3012,0.81236
148,4.93827,2,3,215.5,438,32.6584,393.4,0.868773
148,4.93827,6,4,436.5,373.5,279.08,334.986,0.858036
148,4.93827,5,2,549.473,346.078,420.177,307.069,0.785354
148,4.93827,21,3,305.125,315.5,103.963,280.178,0.779167
148,4.93827,7,4,698.5,304.66,623.492,261.356,0.666667
148,4.93827,8,4,604,277,496.434,232.612,0.742192
148,4.93827,9,3,624.5,257.283,527.292,209.216,0.801676
148,4.93827,10,3,783.804,245.935,762.269,191.033,0.835252
148,4.93827,22,3,270.5,243.5,36.308,202.453,0.844928
148,4.93827,11,4,370.571,234.429,169.745,188.981,0.735268
148,4.93827,12,3,665.97,232.211,591.184,177.496,0.831884
148,4.93827,13,3,335,185,106.288,128.027,0.827645
148,4.93827,14,3,575.5,156.833,463.229,79.404,0.814493
148,4.93827,15,3,617.781,152.562,530.277,71.2602,0.770632
148,4.93827,17,2,584.682,123,480.255,28.0927,0.585714
148,4.93827,20,3,558.168,123.527,437.215,30.3012,0.81236
149,4.97164,2,3,215.5,438,32.6584,393.4,0.868773
149,4.97164,6,4,436.5,373.5,279.08,334.986,0.858036
149,4.97164,5,2,549.473,346.078,420.177,307.069,0.785354
149,4.97164,21,3,305.325,315.204,104.134,279.871,0.767003
149,4.97164,7,4,698.5,304.66,623.492,261.356,0.666667
149,4.97164,8,4,604,277,496.434,232.612,0.742192
149,4.97164,9,3,624.5,257.283,527.292,209.216,0.801676
149,4.97164,10,3,783.804,245.935,762.269,191.033,0.835252
149,4.97164,22,3,270.5,243.5,36.308,202.453,0.844928
149,4.97164,11,4,370.571,234.429,169.745,188.981,0.735268
149,4.97164,12,3,665.97,232.211,591.184,177.496,0.831884
149,4.97164,13,3,335,185,106.288,128.027,0.827645
149,4.97164,14,3,575.5,156.833,463.229,79.404,0.814493
149,4.97164,15,3,617.781,152.562,530.277,71.2602,0.770632
149,4.97164,17,2,584.682,123,480.255,28.0927,0.585714
149,4.97164,20,3,558.168,123.527,437.215,30.3012,0.81236
150,5.00501,2,3,215.5,438,32.6584,393.4,0.868773
150,5.00501,6,4,436.5,373.5,279.08,334.986,0.858036
150,5.00501,5,2,549.473,346.078,420.177,307.069,0.785354
150,5.00501,21,3,305.5,314.98,104.295,279.64,0.744221
150,5.00501,7,4,698.5,304.66,623.492,261.356,0.666667
150,5.00501,8,4,604,277,496.434,232.612,0.742192
150,5.00501,9,3,624.5,257.283,527.292,209.216,0.801676
150,5.00501,10,3,783.804,245.935,762.269,191.033,0.835252
150,5.00501,22,3,270.5,243.5,36.308,202.453,0.844928
150,5.00501,11,4,370.571,234.429,169.745,188.981,0.735268
150,5.00501,12,3,665.97,232.211,591.184,177.496,0.831884
150,5.00501,13,3,335,185,106.288,128.027,0.827645
150,5.00501,14,3,575.5,156.833,463.229,79.404,0.814493
150,5.00501,15,3,617.781,152.562,530.277,71.2602,0.770632
150,5.00501,17,2,584.682,123,480.255,28.0927,0.585714
150,5.00501,20,3,558.168,123.527,437.215,30.3012,0.81236
151,5.03837,2,3,215.5,438,32.6584,393.4,0.868773
151,5.03837,6,4,436.5,373.5,279.08,334.986,0.858036
151,5.03837,5,2,549.473,346.078,420.177,307.069,0.785354
151,5.03837,21,3,307.256,314.412,106.362,279.028,0.756359
151,5.03837,7,4,698.5,304.66,623.492,261.356,0.666667
151,5.03837,8,4,604,277,496.434,232.612,0.742192
151,5.03837,9,3,624.5,257.283,527.292,209.216,0.801676
151,5.03837,10,3,783.804,245.935,762.269,191.033,0.835252
151,5.03837,22,3,270.5,243.5,36.308,202.453,0.844928
151,5.03837,11,4,370.571,234.429,169.745,188.981,0.735268
151,5.03837,12,3,665.97,232.211,591.184,177.496,0.831884
151,5.03837,13,3,335,185,106.288,128.027,0.827645
151,5.03837,14,3,575.5,156.833,463.229,79.404,0.814493
151,5.03837,15,3,617.781,152.562,530.277,71.2602,0.770632
151,5.03837,17,2,584.682,123,480.255,28.0927,0.585714
151,5.03837,20,3,558.168,123.527,437.215,30.3012,0.81236
152,5.07174,2,3,215.5,438,32.6584,393.4,0.868773
152,5.07174,6,4,436.5,373.5,279.08,334.986,0.858036
152,5.07174,5,2,549.473,346.078,420.177,307.069,0.785354
152,5.07174,21,3,307,314,105.926,278.61,0.744156
152,5.07174,7,4,698.5,304.66,623.492,261.356,0.666667
152,5.07174,8,4,604,277,496.434,232.612,0.742192
152,5.07174,9,3,624.5,257.283,527.292,209.216,0.801676
152,5.07174,10,3,783.804,245.935,762.269,191.033,0.835252
152,5.07174,22,3,270.5,243.5,36.308,202.453,0.844928
152,5.07174,11,4,370.571,234.429,169.745,188.981,0.735268
152,5.07174,12,3,665.97,232.211,591.184,177.496,0.831884
152,5.07174,13,3,335,185,106.288,128.027,0.827645
152,5.07174,14,3,575.5,156.833,463.229,79.404,0.814493
152,5.07174,15,3,617.781,152.562,530.277,71.2602,0.770632
152,5.07174,17,2,584.682,123,480.255,28.0927,0.585714
152,5.07174,20,3,558.168,123.527,437.215,30.3012,0.81236
